Datum,Tijd,Valutadatum,Product,ISIN,Omschrijving,FX,Mutatie,,Saldo,,Order Id
17-06-2026,16:43,17-06-2026,,,Degiro Cash Sweep Transfer,,USD,"-105,00",USD,"105,00",
17-06-2026,16:43,17-06-2026,,,Overboeking naar uw geldrekening bij flatexDEGIRO Bank: 105 USD,,,,USD,"210,00",
17-06-2026,16:43,17-06-2026,,,Degiro Cash Sweep Transfer,,EUR,"4,00",EUR,"260,04",
17-06-2026,16:43,17-06-2026,,,Overboeking van uw geldrekening bij flatexDEGIRO Bank 4 EUR,,,,EUR,"256,04",
17-06-2026,15:50,17-06-2026,ALPHABET INC CLASS C,US02079K1079,DEGIRO Transactiekosten en/of kosten van derden,,EUR,"-2,00",EUR,"260,04",1eac3965-cade-4e63-b77b-6c468748ab57
17-06-2026,15:50,17-06-2026,ALPHABET INC CLASS C,US02079K1079,Koop 13 @ 365 USD,,USD,"-4745,00",USD,"105,00",1eac3965-cade-4e63-b77b-6c468748ab57
17-06-2026,15:48,17-06-2026,AMAZON.COM INC,US0231351067,DEGIRO Transactiekosten en/of kosten van derden,,EUR,"-2,00",EUR,"262,04",fc4c4ccc-4282-4c2e-a48a-7314781261b5
17-06-2026,15:48,17-06-2026,AMAZON.COM INC,US0231351067,"Verkoop 20 @ 242,5 USD",,USD,"4850,00",USD,"4850,00",fc4c4ccc-4282-4c2e-a48a-7314781261b5
09-06-2026,19:12,09-06-2026,,,Degiro Cash Sweep Transfer,,EUR,"931,34",EUR,"264,04",
09-06-2026,19:12,09-06-2026,,,"Overboeking van uw geldrekening bij flatexDEGIRO Bank 931,34 EUR",,,,EUR,"-667,30",
09-06-2026,16:30,09-06-2026,MARVELL TECHNOLOGY INC,US5738741041,Valuta Creditering,"1,1535",USD,"1072,00",USD,"0,00",7bb148bd-a3d8-471d-bd63-057fd936b346
09-06-2026,16:30,09-06-2026,MARVELL TECHNOLOGY INC,US5738741041,Valuta Debitering,,EUR,"-929,34",EUR,"264,04",7bb148bd-a3d8-471d-bd63-057fd936b346
09-06-2026,16:30,09-06-2026,MARVELL TECHNOLOGY INC,US5738741041,DEGIRO Transactiekosten en/of kosten van derden,,EUR,"-2,00",EUR,"1193,38",7bb148bd-a3d8-471d-bd63-057fd936b346
09-06-2026,16:30,09-06-2026,MARVELL TECHNOLOGY INC,US5738741041,Koop 4 @ 268 USD,,USD,"-1072,00",USD,"-1072,00",7bb148bd-a3d8-471d-bd63-057fd936b346
27-05-2026,20:20,27-05-2026,,,"Overboeking van uw geldrekening bij flatexDEGIRO Bank 1.103,73 EUR",,,,EUR,"1195,38",
27-05-2026,20:20,27-05-2026,,,Degiro Cash Sweep Transfer,,EUR,"1103,73",EUR,"2299,11",
27-05-2026,19:07,27-05-2026,VERTIV HOLDINGS CO CLASS A,US92537N1081,Valuta Creditering,"1,1600",USD,"1278,00",USD,"0,00",f6cb6d5c-73e3-48ff-b96b-2b3cb6b19528
27-05-2026,19:07,27-05-2026,VERTIV HOLDINGS CO CLASS A,US92537N1081,Valuta Debitering,,EUR,"-1101,73",EUR,"1195,38",f6cb6d5c-73e3-48ff-b96b-2b3cb6b19528
27-05-2026,19:07,27-05-2026,VERTIV HOLDINGS CO CLASS A,US92537N1081,DEGIRO Transactiekosten en/of kosten van derden,,EUR,"-2,00",EUR,"2297,11",f6cb6d5c-73e3-48ff-b96b-2b3cb6b19528
27-05-2026,19:07,27-05-2026,VERTIV HOLDINGS CO CLASS A,US92537N1081,"Koop 4 @ 319,5 USD",,USD,"-1278,00",USD,"-1278,00",f6cb6d5c-73e3-48ff-b96b-2b3cb6b19528
27-05-2026,07:34,27-05-2026,,,"Overboeking naar uw geldrekening bij flatexDEGIRO Bank: 418,35 EUR",,,,EUR,"2299,11",
27-05-2026,07:34,27-05-2026,,,Degiro Cash Sweep Transfer,,EUR,"-418,35",EUR,"1880,76",
27-05-2026,06:30,26-05-2026,,,Valuta Creditering,,EUR,"418,35",EUR,"2299,11",
27-05-2026,06:30,26-05-2026,,,Valuta Debitering,"1,1660",USD,"-487,78",USD,"0,00",
26-05-2026,17:50,26-05-2026,,,"Overboeking naar uw geldrekening bij flatexDEGIRO Bank: 0,51 EUR",,,,EUR,"1880,76",
26-05-2026,17:50,26-05-2026,,,Degiro Cash Sweep Transfer,,EUR,"-0,51",EUR,"1880,25",
26-05-2026,17:35,26-05-2026,,,"Overboeking van uw geldrekening bij flatexDEGIRO Bank 487,78 USD",,,,USD,"487,78",
26-05-2026,17:35,26-05-2026,,,Degiro Cash Sweep Transfer,,USD,"487,78",USD,"975,56",
26-05-2026,16:44,26-05-2026,,,Inkomsten uit Securities Lending - April,,EUR,"0,51",EUR,"1880,76",
22-05-2026,09:35,22-05-2026,,,"Overboeking naar uw geldrekening bij flatexDEGIRO Bank: 27,62 EUR",,,,EUR,"1880,25",
22-05-2026,09:35,22-05-2026,,,Degiro Cash Sweep Transfer,,EUR,"-27,62",EUR,"1852,63",
22-05-2026,08:07,21-05-2026,ASM INTERNATIONAL NV,NL0000334118,Dividendbelasting,,EUR,"-4,88",EUR,"1880,25",
22-05-2026,08:07,21-05-2026,ASM INTERNATIONAL NV,NL0000334118,Dividend,,EUR,"32,50",EUR,"1885,13",
19-05-2026,22:41,19-05-2026,,,Overboeking van uw geldrekening bij flatexDEGIRO Bank 2 EUR,,,,EUR,"1852,63",
19-05-2026,22:41,19-05-2026,,,Degiro Cash Sweep Transfer,,EUR,"2,00",EUR,"1854,63",
19-05-2026,22:40,19-05-2026,,,"Overboeking van uw geldrekening bij flatexDEGIRO Bank 965,94 USD",,,,USD,"487,78",
19-05-2026,22:40,19-05-2026,,,Degiro Cash Sweep Transfer,,USD,"965,94",USD,"1453,72",
19-05-2026,21:56,19-05-2026,VERTIV HOLDINGS CO CLASS A,US92537N1081,DEGIRO Transactiekosten en/of kosten van derden,,EUR,"-2,00",EUR,"1852,63",3f48ce6e-9a7c-426e-acb6-a965140052e1
19-05-2026,21:56,19-05-2026,VERTIV HOLDINGS CO CLASS A,US92537N1081,"Koop 3 @ 321,98 USD",,USD,"-965,94",USD,"487,78",3f48ce6e-9a7c-426e-acb6-a965140052e1
19-05-2026,17:21,19-05-2026,,,"Overboeking van uw geldrekening bij flatexDEGIRO Bank 1.159,1 EUR",,,,EUR,"1854,63",
19-05-2026,17:21,19-05-2026,,,Degiro Cash Sweep Transfer,,EUR,"1159,10",EUR,"3013,73",
19-05-2026,17:21,19-05-2026,,,"Overboeking van uw geldrekening bij flatexDEGIRO Bank 1.649,3 USD",,,,USD,"1453,72",
19-05-2026,17:21,19-05-2026,,,Degiro Cash Sweep Transfer,,USD,"1649,30",USD,"3103,02",
19-05-2026,16:31,19-05-2026,,,Overboeking van uw geldrekening bij flatexDEGIRO Bank 2.094 EUR,,,,EUR,"1854,63",
19-05-2026,16:31,19-05-2026,,,Degiro Cash Sweep Transfer,,EUR,"2094,00",EUR,"3948,63",
19-05-2026,16:31,19-05-2026,,,"Overboeking van uw geldrekening bij flatexDEGIRO Bank 3.698,17 USD",,,,USD,"1453,72",
19-05-2026,16:31,19-05-2026,,,Degiro Cash Sweep Transfer,,USD,"3698,17",USD,"5151,89",
19-05-2026,16:22,19-05-2026,MARVELL TECHNOLOGY INC,US5738741041,DEGIRO Transactiekosten en/of kosten van derden,,EUR,"-2,00",EUR,"1854,63",ad504634-d8c4-4a25-adb2-2e719844da92
19-05-2026,16:22,19-05-2026,MARVELL TECHNOLOGY INC,US5738741041,"Koop 10 @ 164,93 USD",,USD,"-1649,30",USD,"1453,72",ad504634-d8c4-4a25-adb2-2e719844da92
19-05-2026,16:17,19-05-2026,SIEMENS ENERGY AG,DE000ENER6Y0,DEGIRO Transactiekosten en/of kosten van derden,,EUR,"-4,90",EUR,"1856,63",9aad342d-f527-4a80-b27a-85c27648b360
19-05-2026,16:17,19-05-2026,SIEMENS ENERGY AG,DE000ENER6Y0,"Koop 7 @ 164,6 EUR",,EUR,"-1152,20",EUR,"1861,53",9aad342d-f527-4a80-b27a-85c27648b360
19-05-2026,15:57,19-05-2026,VANECK SEMICONDUCTOR UCITS ETF USD A,IE00BMC38736,DEGIRO Transactiekosten en/of kosten van derden,,EUR,"-3,00",EUR,"3013,73",a3199416-4b52-4080-889f-7b104196adfa
19-05-2026,15:57,19-05-2026,VANECK SEMICONDUCTOR UCITS ETF USD A,IE00BMC38736,"Koop 25 @ 83,48 EUR",,EUR,"-2087,00",EUR,"3016,73",a3199416-4b52-4080-889f-7b104196adfa
19-05-2026,15:55,19-05-2026,VERTIV HOLDINGS CO CLASS A,US92537N1081,DEGIRO Transactiekosten en/of kosten van derden,,EUR,"-2,00",EUR,"5103,73",b96e3bdd-54db-44b0-a2e3-ef1716e844ec
19-05-2026,15:55,19-05-2026,VERTIV HOLDINGS CO CLASS A,US92537N1081,"Koop 7 @ 327,595 USD",,USD,"-2293,16",USD,"3103,02",b96e3bdd-54db-44b0-a2e3-ef1716e844ec
19-05-2026,15:54,19-05-2026,ARISTA NETWORKS INC,US0404132054,DEGIRO Transactiekosten en/of kosten van derden,,EUR,"-2,00",EUR,"5105,73",107cb75d-9deb-44ce-a5e2-923fd7243a09
19-05-2026,15:54,19-05-2026,ARISTA NETWORKS INC,US0404132054,"Koop 10 @ 140,5 USD",,USD,"-1405,00",USD,"5396,19",107cb75d-9deb-44ce-a5e2-923fd7243a09
15-05-2026,22:52,15-05-2026,,,"Overboeking naar uw geldrekening bij flatexDEGIRO Bank: 2.167,72 USD",,,,USD,"6801,19",
15-05-2026,22:52,15-05-2026,,,Degiro Cash Sweep Transfer,,USD,"-2167,72",USD,"4633,47",
15-05-2026,22:51,15-05-2026,,,Overboeking van uw geldrekening bij flatexDEGIRO Bank 4 EUR,,,,EUR,"5107,73",
15-05-2026,22:51,15-05-2026,,,Degiro Cash Sweep Transfer,,EUR,"4,00",EUR,"5111,73",
15-05-2026,21:48,15-05-2026,ARISTA NETWORKS INC,US0404132054,DEGIRO Transactiekosten en/of kosten van derden,,EUR,"-2,00",EUR,"5107,73",c517d885-aead-4688-b821-fdacaeda58d9
15-05-2026,21:48,15-05-2026,ARISTA NETWORKS INC,US0404132054,"Koop 8 @ 142,36 USD",,USD,"-1138,88",USD,"6801,19",c517d885-aead-4688-b821-fdacaeda58d9
15-05-2026,21:45,15-05-2026,SHOPIFY INC CLASS A,CA82509L1076,"Verkoop 17 @ 100,2 USD",,USD,"1703,40",USD,"7940,07",cd0a0e8f-502c-4124-964c-8035f132e3fc
15-05-2026,21:44,15-05-2026,SHOPIFY INC CLASS A,CA82509L1076,DEGIRO Transactiekosten en/of kosten van derden,,EUR,"-2,00",EUR,"5109,73",cd0a0e8f-502c-4124-964c-8035f132e3fc
15-05-2026,21:44,15-05-2026,SHOPIFY INC CLASS A,CA82509L1076,"Verkoop 16 @ 100,2 USD",,USD,"1603,20",USD,"6236,67",cd0a0e8f-502c-4124-964c-8035f132e3fc
13-05-2026,22:50,13-05-2026,,,Degiro Cash Sweep Transfer,,USD,"-1696,10",USD,"4633,47",
13-05-2026,22:50,13-05-2026,,,"Overboeking naar uw geldrekening bij flatexDEGIRO Bank: 1.696,1 USD",,,,USD,"6329,57",
13-05-2026,22:50,13-05-2026,,,Degiro Cash Sweep Transfer,,EUR,"2,00",EUR,"5111,73",
13-05-2026,22:50,13-05-2026,,,Overboeking van uw geldrekening bij flatexDEGIRO Bank 2 EUR,,,,EUR,"5109,73",
13-05-2026,21:16,13-05-2026,HIMS & HERS HEALTH INC CLASS A,US4330001060,DEGIRO Transactiekosten en/of kosten van derden,,EUR,"-2,00",EUR,"5111,73",e0da97b5-0f83-4726-9cd3-e16f90134fe5
13-05-2026,21:16,13-05-2026,HIMS & HERS HEALTH INC CLASS A,US4330001060,"Verkoop 70 @ 24,23 USD",,USD,"1696,10",USD,"4633,47",e0da97b5-0f83-4726-9cd3-e16f90134fe5
13-05-2026,14:20,13-05-2026,,,Degiro Cash Sweep Transfer,,EUR,"1745,94",EUR,"5113,73",
13-05-2026,14:20,13-05-2026,,,"Overboeking van uw geldrekening bij flatexDEGIRO Bank 1.745,94 EUR",,,,EUR,"3367,79",
13-05-2026,13:31,13-05-2026,VANECK SEMICONDUCTOR UCITS ETF USD A,IE00BMC38736,DEGIRO Transactiekosten en/of kosten van derden,,EUR,"-3,00",EUR,"5113,73",39d082ee-4ec3-4bc4-a327-023bd9718cfb
13-05-2026,13:31,13-05-2026,VANECK SEMICONDUCTOR UCITS ETF USD A,IE00BMC38736,"Koop 20 @ 89,22 EUR",,EUR,"-1784,40",EUR,"5116,73",39d082ee-4ec3-4bc4-a327-023bd9718cfb
13-05-2026,13:30,13-05-2026,VANECK URANIUM AND NUCLEAR,IE000M7V94E1,DEGIRO Transactiekosten en/of kosten van derden,,EUR,"-1,00",EUR,"6901,13",32f85652-1ebb-41c3-9050-32f6c5e454d7
13-05-2026,13:30,13-05-2026,VANECK URANIUM AND NUCLEAR,IE000M7V94E1,"Verkoop 37 @ 53,86 EUR",,EUR,"1992,82",EUR,"6902,13",32f85652-1ebb-41c3-9050-32f6c5e454d7
13-05-2026,13:25,13-05-2026,SIEMENS ENERGY AG,DE000ENER6Y0,DEGIRO Transactiekosten en/of kosten van derden,,EUR,"-4,90",EUR,"4909,31",d7292721-54b6-4eda-86dd-944927e4666a
13-05-2026,13:25,13-05-2026,SIEMENS ENERGY AG,DE000ENER6Y0,"Koop 11 @ 176,86 EUR",,EUR,"-1945,46",EUR,"4914,21",d7292721-54b6-4eda-86dd-944927e4666a
11-05-2026,22:51,11-05-2026,,,Degiro Cash Sweep Transfer,,EUR,"6,00",EUR,"6859,67",
11-05-2026,22:51,11-05-2026,,,Overboeking van uw geldrekening bij flatexDEGIRO Bank 6 EUR,,,,EUR,"6853,67",
11-05-2026,22:50,11-05-2026,,,Degiro Cash Sweep Transfer,,USD,"3574,00",USD,"2937,37",
11-05-2026,22:50,11-05-2026,,,Overboeking van uw geldrekening bij flatexDEGIRO Bank 3.574 USD,,,,USD,"-636,63",
11-05-2026,21:21,11-05-2026,COREWEAVE INC CLASS A,US21873S1087,DEGIRO Transactiekosten en/of kosten van derden,,EUR,"-2,00",EUR,"6859,67",3708f6fc-e31d-464e-82ff-3fcb79491cfa
11-05-2026,21:21,11-05-2026,COREWEAVE INC CLASS A,US21873S1087,Koop 9 @ 114 USD,,USD,"-1026,00",USD,"2937,37",3708f6fc-e31d-464e-82ff-3fcb79491cfa
11-05-2026,21:21,11-05-2026,COREWEAVE INC CLASS A,US21873S1087,Koop 1 @ 114 USD,,USD,"-114,00",USD,"3963,37",3708f6fc-e31d-464e-82ff-3fcb79491cfa
11-05-2026,21:21,11-05-2026,ARISTA NETWORKS INC,US0404132054,DEGIRO Transactiekosten en/of kosten van derden,,EUR,"-2,00",EUR,"6861,67",6f43a894-ab49-402d-81bb-6cc755b3ae19
11-05-2026,21:21,11-05-2026,ARISTA NETWORKS INC,US0404132054,Koop 10 @ 137 USD,,USD,"-1370,00",USD,"4077,37",6f43a894-ab49-402d-81bb-6cc755b3ae19
11-05-2026,21:18,11-05-2026,LIMBACH HOLDINGS INC,US53263P1057,DEGIRO Transactiekosten en/of kosten van derden,,EUR,"-2,00",EUR,"6863,67",3f7286b9-fbcc-4b02-a352-5c9f5efbc2b6
11-05-2026,21:18,11-05-2026,LIMBACH HOLDINGS INC,US53263P1057,Koop 14 @ 76 USD,,USD,"-1064,00",USD,"5447,37",3f7286b9-fbcc-4b02-a352-5c9f5efbc2b6
06-05-2026,17:35,06-05-2026,,,Degiro Cash Sweep Transfer,,USD,"-4844,40",USD,"6511,37",
06-05-2026,17:35,06-05-2026,,,"Overboeking naar uw geldrekening bij flatexDEGIRO Bank: 4.844,4 USD",,,,USD,"11355,77",
06-05-2026,17:32,06-05-2026,,,Degiro Cash Sweep Transfer,,EUR,"2,00",EUR,"6865,67",
06-05-2026,17:32,06-05-2026,,,Overboeking van uw geldrekening bij flatexDEGIRO Bank 2 EUR,,,,EUR,"6863,67",
06-05-2026,16:41,06-05-2026,,,Degiro Cash Sweep Transfer,,USD,"2025,00",USD,"6511,37",
06-05-2026,16:41,06-05-2026,,,Overboeking van uw geldrekening bij flatexDEGIRO Bank 2.025 USD,,,,USD,"4486,37",
06-05-2026,16:41,06-05-2026,,,Degiro Cash Sweep Transfer,,EUR,"3267,00",EUR,"6865,67",
06-05-2026,16:41,06-05-2026,,,Overboeking van uw geldrekening bij flatexDEGIRO Bank 3.267 EUR,,,,EUR,"3598,67",
06-05-2026,16:01,06-05-2026,META PLATFORMS INC CLASS A,US30303M1027,DEGIRO Transactiekosten en/of kosten van derden,,EUR,"-2,00",EUR,"6865,67",c9f19c78-9dcd-4006-9771-539d3236e54d
06-05-2026,16:01,06-05-2026,META PLATFORMS INC CLASS A,US30303M1027,"Verkoop 8 @ 605,55 USD",,USD,"4844,40",USD,"6511,37",c9f19c78-9dcd-4006-9771-539d3236e54d
06-05-2026,15:59,06-05-2026,ARISTA NETWORKS INC,US0404132054,Valuta Creditering,"1,1723",USD,"1176,00",USD,"1666,97",8f9a1be3-133b-493e-b6c2-a066f1dcbe89
06-05-2026,15:59,06-05-2026,ARISTA NETWORKS INC,US0404132054,Valuta Debitering,,EUR,"-1003,19",EUR,"6867,67",8f9a1be3-133b-493e-b6c2-a066f1dcbe89
06-05-2026,15:59,06-05-2026,ARISTA NETWORKS INC,US0404132054,Koop 8 @ 147 USD,,USD,"-1176,00",USD,"490,97",8f9a1be3-133b-493e-b6c2-a066f1dcbe89
06-05-2026,15:59,06-05-2026,ARISTA NETWORKS INC,US0404132054,Valuta Creditering,"1,1722",USD,"294,00",USD,"1666,97",8f9a1be3-133b-493e-b6c2-a066f1dcbe89
06-05-2026,15:59,06-05-2026,ARISTA NETWORKS INC,US0404132054,Valuta Debitering,,EUR,"-250,82",EUR,"7870,86",8f9a1be3-133b-493e-b6c2-a066f1dcbe89
06-05-2026,15:59,06-05-2026,ARISTA NETWORKS INC,US0404132054,DEGIRO Transactiekosten en/of kosten van derden,,EUR,"-2,00",EUR,"8121,68",8f9a1be3-133b-493e-b6c2-a066f1dcbe89
06-05-2026,15:59,06-05-2026,ARISTA NETWORKS INC,US0404132054,Koop 2 @ 147 USD,,USD,"-294,00",USD,"1372,97",8f9a1be3-133b-493e-b6c2-a066f1dcbe89
06-05-2026,15:57,06-05-2026,LIMBACH HOLDINGS INC,US53263P1057,DEGIRO Transactiekosten en/of kosten van derden,,EUR,"-2,00",EUR,"8123,68",7f0b1e37-3aef-4784-aa5a-ef92f4b71d43
06-05-2026,15:57,06-05-2026,LIMBACH HOLDINGS INC,US53263P1057,Koop 25 @ 81 USD,,USD,"-2025,00",USD,"1666,97",7f0b1e37-3aef-4784-aa5a-ef92f4b71d43
06-05-2026,15:09,06-05-2026,VANECK URANIUM AND NUCLEAR,IE000M7V94E1,DEGIRO Transactiekosten en/of kosten van derden,,EUR,"-1,00",EUR,"8125,68",07906a05-3a3e-4b7b-b105-955e6ce4568c
06-05-2026,15:09,06-05-2026,VANECK URANIUM AND NUCLEAR,IE000M7V94E1,"Koop 37 @ 54,27 EUR",,EUR,"-2007,99",EUR,"8126,68",07906a05-3a3e-4b7b-b105-955e6ce4568c
06-05-2026,10:40,06-05-2026,,,Degiro Cash Sweep Transfer,,EUR,"-18,36",EUR,"10134,67",
06-05-2026,10:40,06-05-2026,,,"Overboeking naar uw geldrekening bij flatexDEGIRO Bank: 18,36 EUR",,,,EUR,"10153,03",
06-05-2026,07:43,05-05-2026,ASML HOLDING NV,NL0010273215,Dividend,,EUR,"21,60",EUR,"10134,67",
06-05-2026,07:43,05-05-2026,ASML HOLDING NV,NL0010273215,Dividendbelasting,,EUR,"-3,24",EUR,"10113,07",
05-05-2026,08:50,05-05-2026,,,Degiro Cash Sweep Transfer,,EUR,"-55,06",EUR,"10116,31",
05-05-2026,08:50,05-05-2026,,,"Overboeking naar uw geldrekening bij flatexDEGIRO Bank: 55,06 EUR",,,,EUR,"10171,37",
05-05-2026,07:13,04-05-2026,BE SEMICONDUCTOR INDUSTRIES NV,NL0012866412,Dividendbelasting,,EUR,"-9,72",EUR,"10116,31",
05-05-2026,07:13,04-05-2026,BE SEMICONDUCTOR INDUSTRIES NV,NL0012866412,Dividend,,EUR,"64,78",EUR,"10126,03",
01-05-2026,11:38,01-05-2026,,,Degiro Cash Sweep Transfer,,USD,"-2,91",USD,"3691,97",
01-05-2026,11:38,01-05-2026,,,"Overboeking naar uw geldrekening bij flatexDEGIRO Bank: 2,91 USD",,,,USD,"3694,88",
01-05-2026,07:38,30-04-2026,MARVELL TECHNOLOGY INC,US5738741041,Dividendbelasting,,USD,"-0,51",USD,"3691,97",
01-05-2026,07:38,30-04-2026,MARVELL TECHNOLOGY INC,US5738741041,Dividend,,USD,"3,42",USD,"3692,48",
24-04-2026,18:30,24-04-2026,,,Degiro Cash Sweep Transfer,,USD,"-0,42",USD,"3689,06",
24-04-2026,18:30,24-04-2026,,,"Overboeking naar uw geldrekening bij flatexDEGIRO Bank: 0,42 USD",,,,USD,"3689,48",
24-04-2026,18:22,24-04-2026,,,Degiro Cash Sweep Transfer,,EUR,"4,00",EUR,"10061,25",
24-04-2026,18:22,24-04-2026,,,Overboeking van uw geldrekening bij flatexDEGIRO Bank 4 EUR,,,,EUR,"10057,25",
24-04-2026,17:57,24-04-2026,CROWDSTRIKE HOLDINGS INC CLASS A,US22788C1053,DEGIRO Transactiekosten en/of kosten van derden,,EUR,"-2,00",EUR,"10061,25",2ff79905-2876-46a4-9cd1-ca420b479e52
24-04-2026,17:57,24-04-2026,CROWDSTRIKE HOLDINGS INC CLASS A,US22788C1053,Koop 14 @ 442 USD,,USD,"-6188,00",USD,"3689,06",2ff79905-2876-46a4-9cd1-ca420b479e52
24-04-2026,17:55,24-04-2026,CROWDSTRIKE HOLDINGS INC CLASS A,US22788C1053,DEGIRO Transactiekosten en/of kosten van derden,,EUR,"-2,00",EUR,"10063,25",bf1f3982-dc9e-41ab-8e44-67bca611c3a4
24-04-2026,17:55,24-04-2026,CROWDSTRIKE HOLDINGS INC CLASS A,US22788C1053,"Verkoop 14 @ 442,03 USD",,USD,"6188,42",USD,"9877,06",bf1f3982-dc9e-41ab-8e44-67bca611c3a4
24-04-2026,10:40,24-04-2026,,,Degiro Cash Sweep Transfer,,EUR,"-0,42",EUR,"10065,25",
24-04-2026,10:40,24-04-2026,,,"Overboeking naar uw geldrekening bij flatexDEGIRO Bank: 0,42 EUR",,,,EUR,"10065,67",
24-04-2026,09:03,24-04-2026,,,Inkomsten uit Securities Lending - Maart,,EUR,"0,42",EUR,"10065,25",
16-04-2026,01:43,15-04-2026,,,iDEAL Deposit,,EUR,"5000,00",EUR,"10064,83",
16-04-2026,01:43,15-04-2026,,,Reservation iDEAL,,EUR,"-5000,00",EUR,"5064,83",
15-04-2026,01:21,14-04-2026,,,iDEAL Deposit,,EUR,"5000,00",EUR,"10064,83",
15-04-2026,01:21,14-04-2026,,,Reservation iDEAL,,EUR,"-5000,00",EUR,"5064,83",
14-04-2026,20:30,14-04-2026,,,Reservation iDEAL,,EUR,"5000,00",EUR,"10064,83",
14-04-2026,14:55,14-04-2026,,,Reservation iDEAL,,EUR,"5000,00",EUR,"5064,83",
10-04-2026,17:34,10-04-2026,,,Degiro Cash Sweep Transfer,,USD,"-3686,43",USD,"3688,64",
10-04-2026,17:34,10-04-2026,,,"Overboeking naar uw geldrekening bij flatexDEGIRO Bank: 3.686,43 USD",,,,USD,"7375,07",
10-04-2026,17:32,10-04-2026,,,Degiro Cash Sweep Transfer,,EUR,"2,00",EUR,"64,83",
10-04-2026,17:32,10-04-2026,,,Overboeking van uw geldrekening bij flatexDEGIRO Bank 2 EUR,,,,EUR,"62,83",
10-04-2026,16:21,10-04-2026,SHOPIFY INC CLASS A,CA82509L1076,DEGIRO Transactiekosten en/of kosten van derden,,EUR,"-2,00",EUR,"64,83",af590a7e-8b28-49bd-916e-61d27dabd92f
10-04-2026,16:21,10-04-2026,SHOPIFY INC CLASS A,CA82509L1076,"Verkoop 33 @ 111,71 USD",,USD,"3686,43",USD,"3688,64",af590a7e-8b28-49bd-916e-61d27dabd92f
10-04-2026,00:50,09-04-2026,,,Degiro Cash Sweep Transfer,,USD,"-2,21",USD,"2,21",
10-04-2026,00:50,09-04-2026,,,"Overboeking naar uw geldrekening bij flatexDEGIRO Bank: 2,21 USD",,,,USD,"4,42",
09-04-2026,07:20,09-04-2026,,,Degiro Cash Sweep Transfer,,EUR,"0,07",EUR,"66,83",
09-04-2026,07:20,09-04-2026,,,"Overboeking van uw geldrekening bij flatexDEGIRO Bank 0,07 EUR",,,,EUR,"66,76",
09-04-2026,07:09,08-04-2026,LAM RESEARCH CORP,US5128073062,Dividend,,USD,"2,60",USD,"2,21",
09-04-2026,07:09,08-04-2026,LAM RESEARCH CORP,US5128073062,Dividendbelasting,,USD,"-0,39",USD,"-0,39",
09-04-2026,06:31,08-04-2026,,,Valuta Debitering,,EUR,"-0,07",EUR,"66,83",
09-04-2026,06:31,08-04-2026,,,Valuta Creditering,"1,1634",USD,"0,08",USD,"0,00",
08-04-2026,15:07,31-03-2026,,,Rente,,USD,"-0,08",USD,"-0,08",
08-04-2026,03:20,08-04-2026,,,Degiro Cash Sweep Transfer,,EUR,"2933,10",EUR,"66,90",
08-04-2026,03:20,08-04-2026,,,"Overboeking van uw geldrekening bij flatexDEGIRO Bank 2.933,1 EUR",,,,EUR,"-2866,20",
08-04-2026,01:59,07-04-2026,,,iDEAL Deposit,,EUR,"1000,00",EUR,"66,90",
08-04-2026,01:59,07-04-2026,,,Reservation iDEAL,,EUR,"-1000,00",EUR,"-933,10",
08-04-2026,01:56,07-04-2026,,,iDEAL Deposit,,EUR,"1000,00",EUR,"66,90",
08-04-2026,01:56,07-04-2026,,,Reservation iDEAL,,EUR,"-1000,00",EUR,"-933,10",
08-04-2026,01:53,07-04-2026,,,iDEAL Deposit,,EUR,"1000,00",EUR,"66,90",
08-04-2026,01:53,07-04-2026,,,Reservation iDEAL,,EUR,"-1000,00",EUR,"-933,10",
07-04-2026,13:45,07-04-2026,VANECK DEFENSE UCITS ETF,IE000YYE6WK5,Valuta Creditering,"1,1532",USD,"2231,36",USD,"0,00",fdc82aa4-c249-4481-b942-3ebcd0b4ea4c
07-04-2026,13:45,07-04-2026,VANECK DEFENSE UCITS ETF,IE000YYE6WK5,Valuta Debitering,,EUR,"-1934,91",EUR,"66,90",fdc82aa4-c249-4481-b942-3ebcd0b4ea4c
07-04-2026,13:45,07-04-2026,VANECK DEFENSE UCITS ETF,IE000YYE6WK5,DEGIRO Transactiekosten en/of kosten van derden,,EUR,"-3,00",EUR,"2001,81",fdc82aa4-c249-4481-b942-3ebcd0b4ea4c
07-04-2026,13:45,07-04-2026,VANECK DEFENSE UCITS ETF,IE000YYE6WK5,"Koop 32 @ 69,73 USD",,USD,"-2231,36",USD,"-2231,36",fdc82aa4-c249-4481-b942-3ebcd0b4ea4c
06-04-2026,20:11,31-03-2026,,,Flatex Interest Income,,GBP,"0,00",GBP,"0,00",
06-04-2026,14:46,31-03-2026,,,Flatex Interest Income,,USD,"0,00",USD,"0,00",
06-04-2026,07:13,31-03-2026,,,Flatex Interest Income,,EUR,"0,00",EUR,"2004,81",
02-04-2026,17:20,02-04-2026,,,Degiro Cash Sweep Transfer,,EUR,"1444,06",EUR,"2004,81",
02-04-2026,17:20,02-04-2026,,,"Overboeking van uw geldrekening bij flatexDEGIRO Bank 1.444,06 EUR",,,,EUR,"560,75",
02-04-2026,16:02,02-04-2026,NEBIUS GROUP NV CLASS A,NL0009805522,Valuta Creditering,"1,1501",USD,"1026,15",USD,"0,00",2fb4465b-d5ed-46c3-afbf-4afdb7402fa7
02-04-2026,16:02,02-04-2026,NEBIUS GROUP NV CLASS A,NL0009805522,Valuta Debitering,,EUR,"-892,21",EUR,"2004,81",2fb4465b-d5ed-46c3-afbf-4afdb7402fa7
02-04-2026,16:02,02-04-2026,NEBIUS GROUP NV CLASS A,NL0009805522,DEGIRO Transactiekosten en/of kosten van derden,,EUR,"-2,00",EUR,"2897,02",2fb4465b-d5ed-46c3-afbf-4afdb7402fa7
02-04-2026,16:02,02-04-2026,NEBIUS GROUP NV CLASS A,NL0009805522,"Koop 10 @ 102,615 USD",,USD,"-1026,15",USD,"-1026,15",2fb4465b-d5ed-46c3-afbf-4afdb7402fa7
02-04-2026,16:01,02-04-2026,COREWEAVE INC CLASS A,US21873S1087,Valuta Creditering,"1,1502",USD,"1072,54",USD,"0,00",5e6eeb17-d17c-4f7e-8b50-958cd5766dff
02-04-2026,16:01,02-04-2026,COREWEAVE INC CLASS A,US21873S1087,Valuta Debitering,,EUR,"-932,47",EUR,"2899,02",5e6eeb17-d17c-4f7e-8b50-958cd5766dff
02-04-2026,16:01,02-04-2026,COREWEAVE INC CLASS A,US21873S1087,DEGIRO Transactiekosten en/of kosten van derden,,EUR,"-2,00",EUR,"3831,49",5e6eeb17-d17c-4f7e-8b50-958cd5766dff
02-04-2026,16:01,02-04-2026,COREWEAVE INC CLASS A,US21873S1087,"Koop 14 @ 76,61 USD",,USD,"-1072,54",USD,"-1072,54",5e6eeb17-d17c-4f7e-8b50-958cd5766dff
02-04-2026,16:01,02-04-2026,APPLIED DIGITAL CORP,US0381692070,Valuta Creditering,"1,1503",USD,"700,05",USD,"0,00",66e4726d-1654-497b-bf90-96fabafd31d9
02-04-2026,16:01,02-04-2026,APPLIED DIGITAL CORP,US0381692070,Valuta Debitering,,EUR,"-608,57",EUR,"3833,49",66e4726d-1654-497b-bf90-96fabafd31d9
02-04-2026,16:01,02-04-2026,APPLIED DIGITAL CORP,US0381692070,DEGIRO Transactiekosten en/of kosten van derden,,EUR,"-2,00",EUR,"4442,06",66e4726d-1654-497b-bf90-96fabafd31d9
02-04-2026,16:01,02-04-2026,APPLIED DIGITAL CORP,US0381692070,"Koop 30 @ 23,335 USD",,USD,"-700,05",USD,"-700,05",66e4726d-1654-497b-bf90-96fabafd31d9
02-04-2026,15:51,02-04-2026,,,Reservation iDEAL,,EUR,"1000,00",EUR,"4444,06",
02-04-2026,15:50,02-04-2026,,,Reservation iDEAL,,EUR,"1000,00",EUR,"3444,06",
02-04-2026,15:50,02-04-2026,,,Reservation iDEAL,,EUR,"1000,00",EUR,"2444,06",
30-03-2026,04:06,30-03-2026,,,Degiro Cash Sweep Transfer,,EUR,"-3,09",EUR,"1444,06",
30-03-2026,04:06,30-03-2026,,,"Overboeking naar uw geldrekening bij flatexDEGIRO Bank: 3,09 EUR",,,,EUR,"1447,15",
28-03-2026,06:50,27-03-2026,,,Valuta Creditering,,EUR,"3,09",EUR,"1444,06",
28-03-2026,06:50,27-03-2026,,,Valuta Debitering,"1,1538",USD,"-3,57",USD,"0,00",
27-03-2026,07:30,27-03-2026,,,Degiro Cash Sweep Transfer,,EUR,"170,89",EUR,"1440,97",
27-03-2026,07:30,27-03-2026,,,"Overboeking van uw geldrekening bij flatexDEGIRO Bank 170,89 EUR",,,,EUR,"1270,08",
27-03-2026,07:21,26-03-2026,META PLATFORMS INC CLASS A,US30303M1027,Dividend,,USD,"4,20",USD,"3,57",
27-03-2026,07:21,26-03-2026,META PLATFORMS INC CLASS A,US30303M1027,Dividendbelasting,,USD,"-0,63",USD,"-0,63",
27-03-2026,06:35,26-03-2026,,,Valuta Debitering,,EUR,"-170,89",EUR,"1440,97",
27-03-2026,06:35,26-03-2026,,,Valuta Creditering,"1,1499",USD,"196,50",USD,"0,00",
26-03-2026,18:21,26-03-2026,,,Degiro Cash Sweep Transfer,,EUR,"675,58",EUR,"1611,86",
26-03-2026,18:21,26-03-2026,,,"Overboeking van uw geldrekening bij flatexDEGIRO Bank 675,58 EUR",,,,EUR,"936,28",
26-03-2026,17:26,26-03-2026,APPLIED DIGITAL CORP,US0381692070,Valuta Creditering,"1,1504",USD,"774,90",USD,"-196,50",fe9870ce-94c3-40d0-80b9-cc590c769932
26-03-2026,17:26,26-03-2026,APPLIED DIGITAL CORP,US0381692070,Valuta Debitering,,EUR,"-673,58",EUR,"1611,86",fe9870ce-94c3-40d0-80b9-cc590c769932
26-03-2026,17:26,26-03-2026,APPLIED DIGITAL CORP,US0381692070,DEGIRO Transactiekosten en/of kosten van derden,,EUR,"-2,00",EUR,"2285,44",fe9870ce-94c3-40d0-80b9-cc590c769932
26-03-2026,17:26,26-03-2026,APPLIED DIGITAL CORP,US0381692070,"Koop 30 @ 25,83 USD",,USD,"-774,90",USD,"-971,40",fe9870ce-94c3-40d0-80b9-cc590c769932
26-03-2026,17:21,26-03-2026,,,Degiro Cash Sweep Transfer,,EUR,"567,39",EUR,"2287,44",
26-03-2026,17:21,26-03-2026,,,"Overboeking van uw geldrekening bij flatexDEGIRO Bank 567,39 EUR",,,,EUR,"1720,05",
26-03-2026,16:31,26-03-2026,LAM RESEARCH CORP,US5128073062,Valuta Creditering,"1,1514",USD,"651,00",USD,"-196,50",136754dd-6941-49e7-b581-3d9b4660763a
26-03-2026,16:31,26-03-2026,LAM RESEARCH CORP,US5128073062,Valuta Debitering,,EUR,"-565,39",EUR,"2287,44",136754dd-6941-49e7-b581-3d9b4660763a
26-03-2026,16:31,26-03-2026,LAM RESEARCH CORP,US5128073062,DEGIRO Transactiekosten en/of kosten van derden,,EUR,"-2,00",EUR,"2852,83",136754dd-6941-49e7-b581-3d9b4660763a
26-03-2026,16:31,26-03-2026,LAM RESEARCH CORP,US5128073062,Koop 3 @ 217 USD,,USD,"-651,00",USD,"-847,50",136754dd-6941-49e7-b581-3d9b4660763a
24-03-2026,17:52,24-03-2026,,,Degiro Cash Sweep Transfer,,EUR,"6,00",EUR,"2854,83",
24-03-2026,17:52,24-03-2026,,,Overboeking van uw geldrekening bij flatexDEGIRO Bank 6 EUR,,,,EUR,"2848,83",
24-03-2026,15:53,24-03-2026,LAM RESEARCH CORP,US5128073062,DEGIRO Transactiekosten en/of kosten van derden,,EUR,"-2,00",EUR,"2854,83",500954ef-b405-4290-9685-4cfb035d395c
24-03-2026,15:53,24-03-2026,LAM RESEARCH CORP,US5128073062,Koop 7 @ 236 USD,,USD,"-1652,00",USD,"-196,50",500954ef-b405-4290-9685-4cfb035d395c
24-03-2026,15:53,24-03-2026,APPLIED DIGITAL CORP,US0381692070,DEGIRO Transactiekosten en/of kosten van derden,,EUR,"-2,00",EUR,"2856,83",3b276af5-e15c-45e2-b258-2c6aa84d6ae6
24-03-2026,15:53,24-03-2026,APPLIED DIGITAL CORP,US0381692070,"Koop 50 @ 26,35 USD",,USD,"-1317,50",USD,"1455,50",3b276af5-e15c-45e2-b258-2c6aa84d6ae6
24-03-2026,15:51,24-03-2026,TRADE DESK INC CLASS A,US88339J1051,DEGIRO Transactiekosten en/of kosten van derden,,EUR,"-2,00",EUR,"2858,83",701477df-c641-492c-8319-479fd3d16a21
24-03-2026,15:51,24-03-2026,TRADE DESK INC CLASS A,US88339J1051,"Verkoop 23 @ 23,5 USD",,USD,"540,50",USD,"2773,00",701477df-c641-492c-8319-479fd3d16a21
24-03-2026,15:51,24-03-2026,TRADE DESK INC CLASS A,US88339J1051,"Verkoop 95 @ 23,5 USD",,USD,"2232,50",USD,"2232,50",701477df-c641-492c-8319-479fd3d16a21
20-03-2026,10:50,20-03-2026,,,Degiro Cash Sweep Transfer,,EUR,"-0,03",EUR,"2860,83",
20-03-2026,10:50,20-03-2026,,,"Overboeking naar uw geldrekening bij flatexDEGIRO Bank: 0,03 EUR",,,,EUR,"2860,86",
20-03-2026,09:44,20-03-2026,,,Inkomsten uit Securities Lending - Februari,,EUR,"0,03",EUR,"2860,83",
13-03-2026,07:45,13-03-2026,,,Degiro Cash Sweep Transfer,,EUR,"-233,27",EUR,"2860,80",
13-03-2026,07:45,13-03-2026,,,"Overboeking naar uw geldrekening bij flatexDEGIRO Bank: 233,27 EUR",,,,EUR,"3094,07",
13-03-2026,06:30,12-03-2026,,,Valuta Creditering,,EUR,"233,27",EUR,"2860,80",
13-03-2026,06:30,12-03-2026,,,Valuta Debitering,"1,1540",USD,"-269,20",USD,"0,00",
12-03-2026,18:12,12-03-2026,,,Degiro Cash Sweep Transfer,,EUR,"2,00",EUR,"2627,53",
12-03-2026,18:12,12-03-2026,,,Overboeking van uw geldrekening bij flatexDEGIRO Bank 2 EUR,,,,EUR,"2625,53",
12-03-2026,18:11,12-03-2026,,,Degiro Cash Sweep Transfer,,USD,"2019,20",USD,"269,20",
12-03-2026,18:11,12-03-2026,,,"Overboeking van uw geldrekening bij flatexDEGIRO Bank 2.019,2 USD",,,,USD,"-1750,00",
12-03-2026,15:49,12-03-2026,HIMS & HERS HEALTH INC CLASS A,US4330001060,DEGIRO Transactiekosten en/of kosten van derden,,EUR,"-2,00",EUR,"2627,53",34505b8e-34ee-4914-90a9-ae95a4d60c51
12-03-2026,15:49,12-03-2026,HIMS & HERS HEALTH INC CLASS A,US4330001060,Koop 70 @ 25 USD,,USD,"-1750,00",USD,"269,20",34505b8e-34ee-4914-90a9-ae95a4d60c51
11-03-2026,16:42,11-03-2026,,,Degiro Cash Sweep Transfer,,USD,"-1099,99",USD,"2019,20",
11-03-2026,16:42,11-03-2026,,,"Overboeking naar uw geldrekening bij flatexDEGIRO Bank: 1.099,99 USD",,,,USD,"3119,19",
11-03-2026,16:41,11-03-2026,,,Degiro Cash Sweep Transfer,,EUR,"6,00",EUR,"2629,53",
11-03-2026,16:41,11-03-2026,,,Overboeking van uw geldrekening bij flatexDEGIRO Bank 6 EUR,,,,EUR,"2623,53",
11-03-2026,15:55,11-03-2026,APPLIED DIGITAL CORP,US0381692070,DEGIRO Transactiekosten en/of kosten van derden,,EUR,"-2,00",EUR,"2629,53",9ad298e7-745e-4467-be3e-a9a6a4576c2a
11-03-2026,15:55,11-03-2026,APPLIED DIGITAL CORP,US0381692070,Koop 30 @ 29 USD,,USD,"-870,00",USD,"2019,20",9ad298e7-745e-4467-be3e-a9a6a4576c2a
11-03-2026,15:37,11-03-2026,LAM RESEARCH CORP,US5128073062,DEGIRO Transactiekosten en/of kosten van derden,,EUR,"-2,00",EUR,"2631,53",0c330e9a-2b40-4eb6-999f-01bc3a389243
11-03-2026,15:37,11-03-2026,LAM RESEARCH CORP,US5128073062,"Koop 5 @ 219,85 USD",,USD,"-1099,25",USD,"2889,20",0c330e9a-2b40-4eb6-999f-01bc3a389243
11-03-2026,15:37,11-03-2026,LAM RESEARCH CORP,US5128073062,"Koop 1 @ 219,85 USD",,USD,"-219,85",USD,"3988,45",0c330e9a-2b40-4eb6-999f-01bc3a389243
11-03-2026,15:36,11-03-2026,DRAFTKINGS INC CLASS A,US26142V1052,DEGIRO Transactiekosten en/of kosten van derden,,EUR,"-2,00",EUR,"2633,53",97a23ca5-407f-4f84-b9b7-c4dc1d12a4fa
11-03-2026,15:36,11-03-2026,DRAFTKINGS INC CLASS A,US26142V1052,"Verkoop 8 @ 24,73 USD",,USD,"197,84",USD,"4208,30",97a23ca5-407f-4f84-b9b7-c4dc1d12a4fa
11-03-2026,15:36,11-03-2026,DRAFTKINGS INC CLASS A,US26142V1052,"Verkoop 25 @ 24,73 USD",,USD,"618,25",USD,"4010,46",97a23ca5-407f-4f84-b9b7-c4dc1d12a4fa
11-03-2026,15:36,11-03-2026,DRAFTKINGS INC CLASS A,US26142V1052,"Verkoop 100 @ 24,73 USD",,USD,"2473,00",USD,"3392,21",97a23ca5-407f-4f84-b9b7-c4dc1d12a4fa
11-03-2026,01:23,10-03-2026,,,iDEAL Deposit,,EUR,"1000,00",EUR,"2635,53",
11-03-2026,01:23,10-03-2026,,,Reservation iDEAL,,EUR,"-1000,00",EUR,"1635,53",
11-03-2026,01:23,10-03-2026,,,iDEAL Deposit,,EUR,"1000,00",EUR,"2635,53",
11-03-2026,01:23,10-03-2026,,,Reservation iDEAL,,EUR,"-1000,00",EUR,"1635,53",
10-03-2026,14:20,10-03-2026,,,Reservation iDEAL,,EUR,"1000,00",EUR,"2635,53",
10-03-2026,14:20,10-03-2026,,,Reservation iDEAL,,EUR,"1000,00",EUR,"1635,53",
05-03-2026,13:57,05-03-2026,,,Degiro Cash Sweep Transfer,,EUR,"2,50",EUR,"635,53",
05-03-2026,13:57,05-03-2026,,,"Overboeking van uw geldrekening bij flatexDEGIRO Bank 2,5 EUR",,,,EUR,"633,03",
05-03-2026,12:26,28-02-2026,,,DEGIRO Aansluitingskosten 2026 (London Stock Exchange (LSE) - LSE),,EUR,"-2,50",EUR,"635,53",
04-03-2026,11:12,04-03-2026,,,Degiro Cash Sweep Transfer,,EUR,"-52,57",EUR,"638,03",
04-03-2026,11:12,04-03-2026,,,"Overboeking naar uw geldrekening bij flatexDEGIRO Bank: 52,57 EUR",,,,EUR,"690,60",
04-03-2026,09:32,03-03-2026,SIEMENS ENERGY AG,DE000ENER6Y0,Dividend,,EUR,"71,40",EUR,"638,03",
04-03-2026,09:32,03-03-2026,SIEMENS ENERGY AG,DE000ENER6Y0,Dividendbelasting,,EUR,"-18,83",EUR,"566,63",
02-03-2026,16:10,26-02-2026,,,Degiro Cash Sweep Transfer,,EUR,"4,00",EUR,"585,46",
02-03-2026,16:10,26-02-2026,,,Overboeking van uw geldrekening bij flatexDEGIRO Bank 4 EUR,,,,EUR,"581,46",
27-02-2026,23:11,27-02-2026,,,Degiro Cash Sweep Transfer,,EUR,"2,00",EUR,"585,46",
27-02-2026,23:11,27-02-2026,,,Overboeking van uw geldrekening bij flatexDEGIRO Bank 2 EUR,,,,EUR,"583,46",
27-02-2026,23:10,27-02-2026,,,Degiro Cash Sweep Transfer,,USD,"929,60",USD,"919,21",
27-02-2026,23:10,27-02-2026,,,"Overboeking van uw geldrekening bij flatexDEGIRO Bank 929,6 USD",,,,USD,"-10,39",
27-02-2026,21:04,27-02-2026,APPLIED DIGITAL CORP,US0381692070,DEGIRO Transactiekosten en/of kosten van derden,,EUR,"-2,00",EUR,"585,46",5739703b-0b08-481d-93cf-2dd3daddf2dd
27-02-2026,21:04,27-02-2026,APPLIED DIGITAL CORP,US0381692070,"Koop 35 @ 26,56 USD",,USD,"-929,60",USD,"919,21",5739703b-0b08-481d-93cf-2dd3daddf2dd
26-02-2026,17:30,26-02-2026,,,Degiro Cash Sweep Transfer,,USD,"3568,95",USD,"1848,81",
26-02-2026,17:30,26-02-2026,,,"Overboeking van uw geldrekening bij flatexDEGIRO Bank 3.568,95 USD",,,,USD,"-1720,14",
26-02-2026,15:54,26-02-2026,LAM RESEARCH CORP,US5128073062,DEGIRO Transactiekosten en/of kosten van derden,,EUR,"-2,00",EUR,"587,46",d3ea4de6-298c-4fdb-8e75-d2f6669d74ff
26-02-2026,15:54,26-02-2026,LAM RESEARCH CORP,US5128073062,Koop 10 @ 239 USD,,USD,"-2390,00",USD,"1848,81",d3ea4de6-298c-4fdb-8e75-d2f6669d74ff
26-02-2026,15:53,26-02-2026,APPLIED DIGITAL CORP,US0381692070,DEGIRO Transactiekosten en/of kosten van derden,,EUR,"-2,00",EUR,"589,46",06478d7a-5408-462e-8e0c-6e808e368548
26-02-2026,15:53,26-02-2026,APPLIED DIGITAL CORP,US0381692070,"Koop 41 @ 28,755 USD",,USD,"-1178,96",USD,"4238,81",06478d7a-5408-462e-8e0c-6e808e368548
23-02-2026,20:31,23-02-2026,,,Degiro Cash Sweep Transfer,,EUR,"10,00",EUR,"591,46",
23-02-2026,20:31,23-02-2026,,,Overboeking van uw geldrekening bij flatexDEGIRO Bank 10 EUR,,,,EUR,"581,46",
23-02-2026,10:47,31-01-2026,,,DEGIRO Aansluitingskosten 2026 (New York Stock Exchange - NSY),,EUR,"-2,50",EUR,"591,46",
23-02-2026,10:47,31-01-2026,,,DEGIRO Aansluitingskosten 2026 (Nasdaq - NDQ),,EUR,"-2,50",EUR,"593,96",
23-02-2026,10:47,31-01-2026,,,DEGIRO Aansluitingskosten 2026 (Euronext Milan - MIL),,EUR,"-2,50",EUR,"596,46",
23-02-2026,10:47,31-01-2026,,,DEGIRO Aansluitingskosten 2026 (Xetra - XET),,EUR,"-2,50",EUR,"598,96",
19-02-2026,09:40,19-02-2026,,,Degiro Cash Sweep Transfer,,EUR,"-10,88",EUR,"601,46",
19-02-2026,09:40,19-02-2026,,,"Overboeking naar uw geldrekening bij flatexDEGIRO Bank: 10,88 EUR",,,,EUR,"612,34",
19-02-2026,07:06,18-02-2026,ASML HOLDING NV,NL0010273215,Dividend,,EUR,"12,80",EUR,"601,46",
19-02-2026,07:05,18-02-2026,ASML HOLDING NV,NL0010273215,Dividendbelasting,,EUR,"-1,92",EUR,"588,66",
12-02-2026,19:30,12-02-2026,,,Degiro Cash Sweep Transfer,,USD,"-4475,80",USD,"5417,76",
12-02-2026,19:30,12-02-2026,,,"Overboeking naar uw geldrekening bij flatexDEGIRO Bank: 4.475,8 USD",,,,USD,"9893,56",
12-02-2026,19:30,12-02-2026,,,Degiro Cash Sweep Transfer,,EUR,"2,00",EUR,"590,58",
12-02-2026,19:30,12-02-2026,,,Overboeking van uw geldrekening bij flatexDEGIRO Bank 2 EUR,,,,EUR,"588,58",
12-02-2026,18:24,12-02-2026,HIMS & HERS HEALTH INC CLASS A,US4330001060,DEGIRO Transactiekosten en/of kosten van derden,,EUR,"-2,00",EUR,"590,58",d788d546-54d6-464a-b1bd-e1857bbcbb02
12-02-2026,18:24,12-02-2026,HIMS & HERS HEALTH INC CLASS A,US4330001060,"Verkoop 278 @ 16,1 USD",,USD,"4475,80",USD,"5417,76",d788d546-54d6-464a-b1bd-e1857bbcbb02
10-02-2026,17:21,10-02-2026,,,Degiro Cash Sweep Transfer,,USD,"0,04",USD,"941,96",
10-02-2026,17:21,10-02-2026,,,"Overboeking van uw geldrekening bij flatexDEGIRO Bank 0,04 USD",,,,USD,"941,92",
10-02-2026,15:14,31-01-2026,,,Rente,,USD,"-0,04",USD,"941,96",
10-02-2026,11:30,10-02-2026,,,Degiro Cash Sweep Transfer,,EUR,"3051,48",EUR,"592,58",
10-02-2026,11:30,10-02-2026,,,"Overboeking van uw geldrekening bij flatexDEGIRO Bank 3.051,48 EUR",,,,EUR,"-2458,90",
10-02-2026,10:32,10-02-2026,VANECK DEFENSE UCITS ETF,IE000YYE6WK5,Valuta Creditering,"1,1889",USD,"3624,40",USD,"942,00",1bcb3406-79bb-4efe-9397-abbe50c288c3
10-02-2026,10:32,10-02-2026,VANECK DEFENSE UCITS ETF,IE000YYE6WK5,Valuta Debitering,,EUR,"-3048,48",EUR,"592,58",1bcb3406-79bb-4efe-9397-abbe50c288c3
10-02-2026,10:32,10-02-2026,VANECK DEFENSE UCITS ETF,IE000YYE6WK5,DEGIRO Transactiekosten en/of kosten van derden,,EUR,"-3,00",EUR,"3641,06",1bcb3406-79bb-4efe-9397-abbe50c288c3
10-02-2026,10:32,10-02-2026,VANECK DEFENSE UCITS ETF,IE000YYE6WK5,"Koop 52 @ 69,7 USD",,USD,"-3624,40",USD,"-2682,40",1bcb3406-79bb-4efe-9397-abbe50c288c3
05-02-2026,18:54,05-02-2026,,,Degiro Cash Sweep Transfer,,EUR,"3,00",EUR,"3644,06",
05-02-2026,18:54,05-02-2026,,,Overboeking van uw geldrekening bij flatexDEGIRO Bank 3 EUR,,,,EUR,"3641,06",
05-02-2026,18:50,05-02-2026,,,Degiro Cash Sweep Transfer,,USD,"4743,90",USD,"942,00",
05-02-2026,18:50,05-02-2026,,,"Overboeking van uw geldrekening bij flatexDEGIRO Bank 4.743,9 USD",,,,USD,"-3801,90",
05-02-2026,18:41,05-02-2026,,,Degiro Cash Sweep Transfer,,EUR,"4,00",EUR,"3644,06",
05-02-2026,18:41,05-02-2026,,,Overboeking van uw geldrekening bij flatexDEGIRO Bank 4 EUR,,,,EUR,"3640,06",
05-02-2026,18:31,05-02-2026,,,Degiro Cash Sweep Transfer,,USD,"2397,00",USD,"942,00",
05-02-2026,18:31,05-02-2026,,,Overboeking van uw geldrekening bij flatexDEGIRO Bank 2.397 USD,,,,USD,"-1455,00",
05-02-2026,16:06,05-02-2026,VANECK DEFENSE UCITS ETF,IE000YYE6WK5,DEGIRO Transactiekosten en/of kosten van derden,,EUR,"-3,00",EUR,"3644,06",c0d9a340-8c59-4f92-89b1-205371b31de3
05-02-2026,16:06,05-02-2026,VANECK DEFENSE UCITS ETF,IE000YYE6WK5,"Koop 70 @ 67,77 USD",,USD,"-4743,90",USD,"942,00",c0d9a340-8c59-4f92-89b1-205371b31de3
05-02-2026,15:50,05-02-2026,NEBIUS GROUP NV CLASS A,NL0009805522,DEGIRO Transactiekosten en/of kosten van derden,,EUR,"-2,00",EUR,"3647,06",ef2493bd-9b4a-4261-9300-70b6820bab14
05-02-2026,15:50,05-02-2026,NEBIUS GROUP NV CLASS A,NL0009805522,"Koop 15 @ 79,3 USD",,USD,"-1189,50",USD,"5685,90",ef2493bd-9b4a-4261-9300-70b6820bab14
05-02-2026,15:44,05-02-2026,COREWEAVE INC CLASS A,US21873S1087,DEGIRO Transactiekosten en/of kosten van derden,,EUR,"-2,00",EUR,"3649,06",8f54a016-d8e1-4772-93c7-d94b993ac3b1
05-02-2026,15:44,05-02-2026,COREWEAVE INC CLASS A,US21873S1087,"Koop 15 @ 80,5 USD",,USD,"-1207,50",USD,"6875,40",8f54a016-d8e1-4772-93c7-d94b993ac3b1
02-02-2026,15:34,02-02-2026,,,Degiro Cash Sweep Transfer,,USD,"-4718,57",USD,"8082,90",
02-02-2026,15:34,02-02-2026,,,"Overboeking naar uw geldrekening bij flatexDEGIRO Bank: 4.718,57 USD",,,,USD,"12801,47",
02-02-2026,15:32,02-02-2026,,,Degiro Cash Sweep Transfer,,EUR,"283,40",EUR,"3651,06",
02-02-2026,15:32,02-02-2026,,,"Overboeking van uw geldrekening bij flatexDEGIRO Bank 283,4 EUR",,,,EUR,"3367,66",
02-02-2026,14:51,02-02-2026,EUR/USD,EURUSD......,DEGIRO Transactiekosten en/of kosten van derden,,EUR,"-10,00",EUR,"3651,06",
02-02-2026,14:51,02-02-2026,EUR/USD,EURUSD......,Valuta Creditering,"1,1797",USD,"4718,57",USD,"8082,90",
02-02-2026,14:51,02-02-2026,EUR/USD,EURUSD......,Valuta Debitering,,EUR,"-4000,00",EUR,"3661,06",
02-02-2026,14:47,02-02-2026,ADYEN NV,NL0012969182,DEGIRO Transactiekosten en/of kosten van derden,,EUR,"-3,00",EUR,"7661,06",568a2e82-f91f-4e21-afec-a9427ac70359
02-02-2026,14:47,02-02-2026,ADYEN NV,NL0012969182,"Verkoop 3 @ 1.243,2 EUR",,EUR,"3729,60",EUR,"7664,06",568a2e82-f91f-4e21-afec-a9427ac70359
30-01-2026,08:31,30-01-2026,,,Degiro Cash Sweep Transfer,,USD,"-2,91",USD,"3364,33",
30-01-2026,08:31,30-01-2026,,,"Overboeking naar uw geldrekening bij flatexDEGIRO Bank: 2,91 USD",,,,USD,"3367,24",
30-01-2026,07:02,29-01-2026,MARVELL TECHNOLOGY INC,US5738741041,Dividendbelasting,,USD,"-0,51",USD,"3364,33",
30-01-2026,07:02,29-01-2026,MARVELL TECHNOLOGY INC,US5738741041,Dividend,,USD,"3,42",USD,"3364,84",
29-01-2026,20:59,29-01-2026,,,Degiro Cash Sweep Transfer,,USD,"-2420,00",USD,"3361,42",
29-01-2026,20:59,29-01-2026,,,Overboeking naar uw geldrekening bij flatexDEGIRO Bank: 2.420 USD,,,,USD,"5781,42",
29-01-2026,20:56,29-01-2026,,,Degiro Cash Sweep Transfer,,EUR,"2,00",EUR,"3934,46",
29-01-2026,20:56,29-01-2026,,,Overboeking van uw geldrekening bij flatexDEGIRO Bank 2 EUR,,,,EUR,"3932,46",
29-01-2026,15:47,29-01-2026,HIMS & HERS HEALTH INC CLASS A,US4330001060,DEGIRO Transactiekosten en/of kosten van derden,,EUR,"-2,00",EUR,"3934,46",23c31fe4-9475-46c1-8a98-747efdba08ef
29-01-2026,15:47,29-01-2026,HIMS & HERS HEALTH INC CLASS A,US4330001060,"Verkoop 80 @ 30,25 USD",,USD,"2420,00",USD,"3361,42",23c31fe4-9475-46c1-8a98-747efdba08ef
22-01-2026,17:31,22-01-2026,,,Degiro Cash Sweep Transfer,,EUR,"-0,67",EUR,"3936,46",
22-01-2026,17:31,22-01-2026,,,"Overboeking naar uw geldrekening bij flatexDEGIRO Bank: 0,67 EUR",,,,EUR,"3937,13",
22-01-2026,15:47,22-01-2026,,,DEGIRO Geldmarktfondsen Compensatie,,EUR,"0,67",EUR,"3936,46",
21-01-2026,17:02,21-01-2026,,,Degiro Cash Sweep Transfer,,EUR,"4,00",EUR,"3935,79",
21-01-2026,17:02,21-01-2026,,,Overboeking van uw geldrekening bij flatexDEGIRO Bank 4 EUR,,,,EUR,"3931,79",
21-01-2026,16:50,21-01-2026,,,Degiro Cash Sweep Transfer,,USD,"2102,43",USD,"941,42",
21-01-2026,16:50,21-01-2026,,,"Overboeking van uw geldrekening bij flatexDEGIRO Bank 2.102,43 USD",,,,USD,"-1161,01",
21-01-2026,15:36,21-01-2026,COREWEAVE INC CLASS A,US21873S1087,DEGIRO Transactiekosten en/of kosten van derden,,EUR,"-2,00",EUR,"3935,79",91af9781-6096-4776-b28c-cbc861abc04d
21-01-2026,15:36,21-01-2026,COREWEAVE INC CLASS A,US21873S1087,"Koop 7 @ 90,99 USD",,USD,"-636,93",USD,"941,42",91af9781-6096-4776-b28c-cbc861abc04d
21-01-2026,15:35,21-01-2026,NEBIUS GROUP NV CLASS A,NL0009805522,DEGIRO Transactiekosten en/of kosten van derden,,EUR,"-2,00",EUR,"3937,79",30cdc1d5-b19b-47ed-a5a8-4fa20bb17d0e
21-01-2026,15:35,21-01-2026,NEBIUS GROUP NV CLASS A,NL0009805522,"Koop 15 @ 97,7 USD",,USD,"-1465,50",USD,"1578,35",30cdc1d5-b19b-47ed-a5a8-4fa20bb17d0e
15-01-2026,20:31,15-01-2026,,,Degiro Cash Sweep Transfer,,USD,"-3043,85",USD,"3043,85",
15-01-2026,20:31,15-01-2026,,,"Overboeking naar uw geldrekening bij flatexDEGIRO Bank: 3.043,85 USD",,,,USD,"6087,70",
15-01-2026,20:31,15-01-2026,,,Degiro Cash Sweep Transfer,,EUR,"2,00",EUR,"3939,79",
15-01-2026,20:31,15-01-2026,,,Overboeking van uw geldrekening bij flatexDEGIRO Bank 2 EUR,,,,EUR,"3937,79",
15-01-2026,19:25,15-01-2026,HIMS & HERS HEALTH INC CLASS A,US4330001060,DEGIRO Transactiekosten en/of kosten van derden,,EUR,"-2,00",EUR,"3939,79",59b6d90d-a8ee-4661-933e-5297ea326977
15-01-2026,19:25,15-01-2026,HIMS & HERS HEALTH INC CLASS A,US4330001060,"Verkoop 100 @ 31,0801 USD",,USD,"3108,01",USD,"3043,85",59b6d90d-a8ee-4661-933e-5297ea326977
13-01-2026,19:21,13-01-2026,,,Degiro Cash Sweep Transfer,,EUR,"2,00",EUR,"3941,79",
13-01-2026,19:21,13-01-2026,,,Overboeking van uw geldrekening bij flatexDEGIRO Bank 2 EUR,,,,EUR,"3939,79",
13-01-2026,19:20,13-01-2026,,,Degiro Cash Sweep Transfer,,USD,"775,84",USD,"-64,16",
13-01-2026,19:20,13-01-2026,,,"Overboeking van uw geldrekening bij flatexDEGIRO Bank 775,84 USD",,,,USD,"-840,00",
13-01-2026,18:36,13-01-2026,NEBIUS GROUP NV CLASS A,NL0009805522,DEGIRO Transactiekosten en/of kosten van derden,,EUR,"-2,00",EUR,"3941,79",7d604028-7b84-4089-a8b1-ee022450e8c0
13-01-2026,18:36,13-01-2026,NEBIUS GROUP NV CLASS A,NL0009805522,Koop 8 @ 105 USD,,USD,"-840,00",USD,"-64,16",7d604028-7b84-4089-a8b1-ee022450e8c0
10-01-2026,06:11,02-01-2026,,,Flatex Interest Income,,GBP,"0,00",GBP,"0,00",
10-01-2026,01:46,02-01-2026,,,Flatex Interest Income,,EUR,"0,00",EUR,"3943,79",
09-01-2026,19:50,02-01-2026,,,Flatex Interest Income,,USD,"0,00",USD,"775,84",
07-01-2026,18:02,07-01-2026,,,Degiro Cash Sweep Transfer,,EUR,"2,00",EUR,"3943,79",
07-01-2026,18:02,07-01-2026,,,Overboeking van uw geldrekening bij flatexDEGIRO Bank 2 EUR,,,,EUR,"3941,79",
07-01-2026,17:57,07-01-2026,,,Degiro Cash Sweep Transfer,,USD,"2462,50",USD,"775,84",
07-01-2026,17:57,07-01-2026,,,"Overboeking van uw geldrekening bij flatexDEGIRO Bank 2.462,5 USD",,,,USD,"-1686,66",
07-01-2026,16:34,07-01-2026,NEBIUS GROUP NV CLASS A,NL0009805522,DEGIRO Transactiekosten en/of kosten van derden,,EUR,"-2,00",EUR,"3943,79",634a2f2e-467e-4a33-9b34-f26c559964f2
07-01-2026,16:34,07-01-2026,NEBIUS GROUP NV CLASS A,NL0009805522,"Koop 25 @ 98,5 USD",,USD,"-2462,50",USD,"775,84",634a2f2e-467e-4a33-9b34-f26c559964f2
06-01-2026,20:15,06-01-2026,,,Degiro Cash Sweep Transfer,,USD,"-3238,34",USD,"3238,34",
06-01-2026,20:15,06-01-2026,,,"Overboeking naar uw geldrekening bij flatexDEGIRO Bank: 3.238,34 USD",,,,USD,"6476,68",
06-01-2026,20:13,06-01-2026,,,Degiro Cash Sweep Transfer,,EUR,"2,00",EUR,"3945,79",
06-01-2026,20:13,06-01-2026,,,Overboeking van uw geldrekening bij flatexDEGIRO Bank 2 EUR,,,,EUR,"3943,79",
06-01-2026,17:53,06-01-2026,MICROSOFT CORP,US5949181045,DEGIRO Transactiekosten en/of kosten van derden,,EUR,"-2,00",EUR,"3945,79",0d6e118a-3217-4de9-80f5-9af204d8792e
06-01-2026,17:53,06-01-2026,MICROSOFT CORP,US5949181045,"Verkoop 7 @ 471,64 USD",,USD,"3301,48",USD,"3238,34",0d6e118a-3217-4de9-80f5-9af204d8792e
06-01-2026,16:46,31-12-2025,,,Rente,,USD,"-0,79",USD,"-63,14",
05-01-2026,19:54,05-01-2026,,,Degiro Cash Sweep Transfer,,EUR,"4,00",EUR,"3947,79",
05-01-2026,19:54,05-01-2026,,,Overboeking van uw geldrekening bij flatexDEGIRO Bank 4 EUR,,,,EUR,"3943,79",
05-01-2026,19:53,05-01-2026,,,Degiro Cash Sweep Transfer,,USD,"582,35",USD,"-62,35",
05-01-2026,19:53,05-01-2026,,,"Overboeking van uw geldrekening bij flatexDEGIRO Bank 582,35 USD",,,,USD,"-644,70",
05-01-2026,18:48,05-01-2026,COREWEAVE INC CLASS A,US21873S1087,DEGIRO Transactiekosten en/of kosten van derden,,EUR,"-2,00",EUR,"3947,79",5602dfd2-7d1e-4534-931f-11f8106a8790
05-01-2026,18:48,05-01-2026,COREWEAVE INC CLASS A,US21873S1087,"Koop 50 @ 78,99 USD",,USD,"-3949,50",USD,"-62,35",5602dfd2-7d1e-4534-931f-11f8106a8790
05-01-2026,18:25,05-01-2026,PALO ALTO NETWORKS INC,US6974351057,DEGIRO Transactiekosten en/of kosten van derden,,EUR,"-2,00",EUR,"3949,79",987b6811-d162-420a-8961-1c34a51cffaf
05-01-2026,18:25,05-01-2026,PALO ALTO NETWORKS INC,US6974351057,"Verkoop 18 @ 183,6 USD",,USD,"3304,80",USD,"3887,15",987b6811-d162-420a-8961-1c34a51cffaf
30-12-2025,11:26,30-12-2025,,,SEPA Instant Terugstorting,,EUR,"-2000,00",EUR,"3951,79",
24-12-2025,08:31,24-12-2025,,,Degiro Cash Sweep Transfer,,USD,"-3,57",USD,"582,35",
24-12-2025,08:31,24-12-2025,,,"Overboeking naar uw geldrekening bij flatexDEGIRO Bank: 3,57 USD",,,,USD,"585,92",
24-12-2025,07:45,23-12-2025,META PLATFORMS INC CLASS A,US30303M1027,Dividend,,USD,"4,20",USD,"582,35",
24-12-2025,07:44,23-12-2025,META PLATFORMS INC CLASS A,US30303M1027,Dividendbelasting,,USD,"-0,63",USD,"578,15",
12-12-2025,14:48,12-12-2025,,,Degiro Cash Sweep Transfer,,USD,"-5,41",USD,"578,78",
12-12-2025,14:48,12-12-2025,,,"Overboeking naar uw geldrekening bij flatexDEGIRO Bank: 5,41 USD",,,,USD,"584,19",
12-12-2025,08:02,11-12-2025,MICROSOFT CORP,US5949181045,Dividend,,USD,"6,37",USD,"578,78",
12-12-2025,08:02,11-12-2025,MICROSOFT CORP,US5949181045,Dividendbelasting,,USD,"-0,96",USD,"572,41",
09-12-2025,15:42,09-12-2025,,,Degiro Cash Sweep Transfer,,USD,"11,08",USD,"573,37",
09-12-2025,15:42,09-12-2025,,,"Overboeking van uw geldrekening bij flatexDEGIRO Bank 11,08 USD",,,,USD,"562,29",
09-12-2025,14:38,30-11-2025,,,Rente,,USD,"-11,08",USD,"573,37",
04-12-2025,13:23,04-12-2025,,,"Overboeking naar uw geldrekening bij flatexDEGIRO Bank: 4,94 USD",,,,USD,"584,45",
04-12-2025,13:23,04-12-2025,,,Degiro Cash Sweep Transfer,,USD,"-4,94",USD,"579,51",
04-12-2025,08:16,11-09-2025,MICROSOFT CORP,US5949181045,Dividendbelasting,,USD,"-0,87",USD,"584,45",
04-12-2025,08:16,11-09-2025,MICROSOFT CORP,US5949181045,Dividend,,USD,"5,81",USD,"585,32",
03-12-2025,19:41,03-12-2025,,,"Overboeking van uw geldrekening bij flatexDEGIRO Bank 4,94 USD",,,,USD,"579,51",
03-12-2025,19:41,03-12-2025,,,Degiro Cash Sweep Transfer,,USD,"4,94",USD,"584,45",
03-12-2025,18:06,11-09-2025,MICROSOFT CORP,US5949181045,Dividendbelasting,,USD,"0,87",USD,"579,51",
03-12-2025,18:01,11-09-2025,MICROSOFT CORP,US5949181045,Dividend,,USD,"-5,81",USD,"578,64",
03-12-2025,17:33,03-12-2025,,,"Overboeking naar uw geldrekening bij flatexDEGIRO Bank: 584,45 USD",,,,USD,"584,45",
03-12-2025,17:33,03-12-2025,,,Degiro Cash Sweep Transfer,,USD,"-584,45",USD,"0,00",
03-12-2025,17:32,03-12-2025,,,Overboeking van uw geldrekening bij flatexDEGIRO Bank 2 EUR,,,,EUR,"5951,79",
03-12-2025,17:32,03-12-2025,,,Degiro Cash Sweep Transfer,,EUR,"2,00",EUR,"5953,79",
03-12-2025,16:30,03-12-2025,CROCS INC,US2270461096,DEGIRO Transactiekosten en/of kosten van derden,,EUR,"-2,00",EUR,"5951,79",a405b37c-a780-4131-98a9-e308479f73e7
03-12-2025,16:30,03-12-2025,CROCS INC,US2270461096,"Verkoop 30 @ 88,33 USD",,USD,"2649,90",USD,"584,45",a405b37c-a780-4131-98a9-e308479f73e7
14-11-2025,13:30,14-11-2025,,,"Overboeking naar uw geldrekening bij flatexDEGIRO Bank: 3.899,35 EUR",,,,EUR,"5953,79",
14-11-2025,13:30,14-11-2025,,,Degiro Cash Sweep Transfer,,EUR,"-3899,35",EUR,"2054,44",
14-11-2025,11:59,14-11-2025,SIEMENS ENERGY AG,DE000ENER6Y0,DEGIRO Transactiekosten en/of kosten van derden,,EUR,"-4,90",EUR,"5953,79",434d2f8a-f898-4f2b-b5b1-452ed5dfee80
14-11-2025,11:59,14-11-2025,SIEMENS ENERGY AG,DE000ENER6Y0,"Verkoop 35 @ 111,55 EUR",,EUR,"3904,25",EUR,"5958,69",434d2f8a-f898-4f2b-b5b1-452ed5dfee80
07-11-2025,10:51,07-11-2025,,,"Overboeking naar uw geldrekening bij flatexDEGIRO Bank: 10,88 EUR",,,,EUR,"2054,44",
07-11-2025,10:51,07-11-2025,,,Degiro Cash Sweep Transfer,,EUR,"-10,88",EUR,"2043,56",
07-11-2025,07:32,06-11-2025,ASML HOLDING NV,NL0010273215,Dividend,,EUR,"12,80",EUR,"2054,44",
07-11-2025,07:32,06-11-2025,ASML HOLDING NV,NL0010273215,Dividendbelasting,,EUR,"-1,92",EUR,"2041,64",
04-11-2025,16:36,31-10-2025,,,Rente,,USD,"-5,53",USD,"-2065,45",
31-10-2025,07:48,30-10-2025,MARVELL TECHNOLOGY INC,US5738741041,Dividendbelasting,,USD,"-0,51",USD,"-2059,92",
31-10-2025,07:48,30-10-2025,MARVELL TECHNOLOGY INC,US5738741041,Dividend,,USD,"3,42",USD,"-2059,41",
20-10-2025,17:51,20-10-2025,,,Overboeking van uw geldrekening bij flatexDEGIRO Bank 2 EUR,,,,EUR,"2043,56",
20-10-2025,17:51,20-10-2025,,,Degiro Cash Sweep Transfer,,EUR,"2,00",EUR,"2045,56",
20-10-2025,17:51,20-10-2025,,,"Overboeking van uw geldrekening bij flatexDEGIRO Bank 3,57 USD",,,,USD,"-2062,83",
20-10-2025,17:51,20-10-2025,,,Degiro Cash Sweep Transfer,,USD,"3,57",USD,"-2059,26",
20-10-2025,15:41,20-10-2025,,,"Overboeking naar uw geldrekening bij flatexDEGIRO Bank: 1.724,1 EUR",,,,EUR,"2043,56",
20-10-2025,15:41,20-10-2025,,,Degiro Cash Sweep Transfer,,EUR,"-1724,10",EUR,"319,46",
20-10-2025,15:30,20-10-2025,HIMS & HERS HEALTH INC CLASS A,US4330001060,DEGIRO Transactiekosten en/of kosten van derden,,EUR,"-2,00",EUR,"2043,56",43911d3e-4012-4891-8d1a-3c6d28f90578
20-10-2025,15:30,20-10-2025,HIMS & HERS HEALTH INC CLASS A,US4330001060,"Koop 40 @ 51,66 USD",,USD,"-2066,40",USD,"-2062,83",43911d3e-4012-4891-8d1a-3c6d28f90578
20-10-2025,14:01,20-10-2025,BYD CO LTD,CNE100000296,DEGIRO Transactiekosten en/of kosten van derden,,EUR,"-3,90",EUR,"2045,56",82ee3dbf-3b96-41a5-8b71-3c28cb7f7857
20-10-2025,14:01,20-10-2025,BYD CO LTD,CNE100000296,"Verkoop 150 @ 11,52 EUR",,EUR,"1728,00",EUR,"2049,46",82ee3dbf-3b96-41a5-8b71-3c28cb7f7857
11-10-2025,13:10,30-09-2025,,,Flatex Interest Income,,EUR,"0,00",EUR,"321,46",
08-10-2025,08:20,30-09-2025,,,Flatex Interest Income,,USD,"0,00",USD,"3,57",
05-10-2025,19:41,30-09-2025,,,Flatex Interest Income,,GBP,"0,00",GBP,"0,00",
30-09-2025,08:30,30-09-2025,,,Degiro Cash Sweep Transfer,,USD,"-3,57",USD,"3,57",
30-09-2025,08:30,30-09-2025,,,"Overboeking naar uw geldrekening bij flatexDEGIRO Bank: 3,57 USD",,,,USD,"7,14",
30-09-2025,07:18,29-09-2025,META PLATFORMS INC CLASS A,US30303M1027,Dividend,,USD,"4,20",USD,"3,57",
30-09-2025,07:18,29-09-2025,META PLATFORMS INC CLASS A,US30303M1027,Dividendbelasting,,USD,"-0,63",USD,"-0,63",
17-09-2025,19:50,17-09-2025,,,"Overboeking van uw geldrekening bij flatexDEGIRO Bank 500,39 EUR",,,,EUR,"321,46",
17-09-2025,19:50,17-09-2025,,,Degiro Cash Sweep Transfer,,EUR,"500,39",EUR,"821,85",
17-09-2025,18:09,17-09-2025,TRADE DESK INC CLASS A,US88339J1051,Valuta Creditering,"1,1813",USD,"588,77",USD,"0,00",718b67cb-062f-45dd-9ab5-4f85fec397a2
17-09-2025,18:09,17-09-2025,TRADE DESK INC CLASS A,US88339J1051,Valuta Debitering,,EUR,"-498,39",EUR,"321,46",718b67cb-062f-45dd-9ab5-4f85fec397a2
17-09-2025,18:09,17-09-2025,TRADE DESK INC CLASS A,US88339J1051,DEGIRO Transactiekosten en/of kosten van derden,,EUR,"-2,00",EUR,"819,85",718b67cb-062f-45dd-9ab5-4f85fec397a2
17-09-2025,18:09,17-09-2025,TRADE DESK INC CLASS A,US88339J1051,"Koop 13 @ 45,2899 USD",,USD,"-588,77",USD,"-588,77",718b67cb-062f-45dd-9ab5-4f85fec397a2
15-09-2025,16:50,15-09-2025,,,"Overboeking van uw geldrekening bij flatexDEGIRO Bank 1.279,03 EUR",,,,EUR,"821,85",
15-09-2025,16:50,15-09-2025,,,Degiro Cash Sweep Transfer,,EUR,"1279,03",EUR,"2100,88",
15-09-2025,15:51,15-09-2025,MARVELL TECHNOLOGY INC,US5738741041,Valuta Creditering,"1,1733",USD,"805,14",USD,"0,00",2e54d2c9-816c-47fa-b61c-a74be33cbaf3
15-09-2025,15:51,15-09-2025,MARVELL TECHNOLOGY INC,US5738741041,Valuta Debitering,,EUR,"-686,24",EUR,"821,85",2e54d2c9-816c-47fa-b61c-a74be33cbaf3
15-09-2025,15:51,15-09-2025,MARVELL TECHNOLOGY INC,US5738741041,DEGIRO Transactiekosten en/of kosten van derden,,EUR,"-2,00",EUR,"1508,09",2e54d2c9-816c-47fa-b61c-a74be33cbaf3
15-09-2025,15:51,15-09-2025,MARVELL TECHNOLOGY INC,US5738741041,"Koop 12 @ 67,095 USD",,USD,"-805,14",USD,"-805,14",2e54d2c9-816c-47fa-b61c-a74be33cbaf3
15-09-2025,15:51,15-09-2025,TRADE DESK INC CLASS A,US88339J1051,Valuta Creditering,"1,1732",USD,"690,75",USD,"0,00",385f79be-3778-4844-92d8-38311e39259c
15-09-2025,15:51,15-09-2025,TRADE DESK INC CLASS A,US88339J1051,Valuta Debitering,,EUR,"-588,79",EUR,"1510,09",385f79be-3778-4844-92d8-38311e39259c
15-09-2025,15:51,15-09-2025,TRADE DESK INC CLASS A,US88339J1051,DEGIRO Transactiekosten en/of kosten van derden,,EUR,"-2,00",EUR,"2098,88",385f79be-3778-4844-92d8-38311e39259c
15-09-2025,15:51,15-09-2025,TRADE DESK INC CLASS A,US88339J1051,"Koop 15 @ 46,05 USD",,USD,"-690,75",USD,"-690,75",385f79be-3778-4844-92d8-38311e39259c
15-09-2025,04:41,15-09-2025,,,"Overboeking naar uw geldrekening bij flatexDEGIRO Bank: 4,2 EUR",,,,EUR,"2100,88",
15-09-2025,04:41,15-09-2025,,,Degiro Cash Sweep Transfer,,EUR,"-4,20",EUR,"2096,68",
13-09-2025,06:38,12-09-2025,,,Valuta Creditering,,EUR,"4,20",EUR,"2100,88",
13-09-2025,06:38,12-09-2025,,,Valuta Debitering,"1,1764",USD,"-4,94",USD,"0,00",
12-09-2025,08:24,11-09-2025,MICROSOFT CORP,US5949181045,Dividendbelasting,,USD,"1,74",USD,"4,94",
12-09-2025,08:24,11-09-2025,MICROSOFT CORP,US5949181045,Dividend,,USD,"-11,62",USD,"3,20",
12-09-2025,08:22,11-09-2025,MICROSOFT CORP,US5949181045,Dividendbelasting,,USD,"-0,87",USD,"14,82",
12-09-2025,08:22,11-09-2025,MICROSOFT CORP,US5949181045,Dividend,,USD,"5,81",USD,"15,69",
12-09-2025,07:23,11-09-2025,MICROSOFT CORP,US5949181045,Dividend,,USD,"5,81",USD,"9,88",
12-09-2025,07:23,11-09-2025,MICROSOFT CORP,US5949181045,Dividendbelasting,,USD,"-0,87",USD,"4,07",
12-09-2025,07:22,11-09-2025,MICROSOFT CORP,US5949181045,Dividend,,USD,"5,81",USD,"4,94",
12-09-2025,07:22,11-09-2025,MICROSOFT CORP,US5949181045,Dividendbelasting,,USD,"-0,87",USD,"-0,87",
09-09-2025,11:20,09-09-2025,,,Overboeking van uw geldrekening bij flatexDEGIRO Bank 4.245 EUR,,,,EUR,"2096,68",
09-09-2025,11:20,09-09-2025,,,Degiro Cash Sweep Transfer,,EUR,"4245,00",EUR,"6341,68",
09-09-2025,10:26,09-09-2025,VANECK SEMICONDUCTOR UCITS ETF USD A,IE00BMC38736,"Koop 4 @ 42,42 EUR",,EUR,"-169,68",EUR,"2096,68",f76a64ce-933e-42de-834d-e4323269c460
09-09-2025,10:07,09-09-2025,VANECK SEMICONDUCTOR UCITS ETF USD A,IE00BMC38736,DEGIRO Transactiekosten en/of kosten van derden,,EUR,"-3,00",EUR,"2266,36",f76a64ce-933e-42de-834d-e4323269c460
09-09-2025,10:07,09-09-2025,VANECK SEMICONDUCTOR UCITS ETF USD A,IE00BMC38736,"Koop 50 @ 42,42 EUR",,EUR,"-2121,00",EUR,"2269,36",f76a64ce-933e-42de-834d-e4323269c460
09-09-2025,10:07,09-09-2025,VANECK SEMICONDUCTOR UCITS ETF USD A,IE00BMC38736,"Koop 46 @ 42,42 EUR",,EUR,"-1951,32",EUR,"4390,36",f76a64ce-933e-42de-834d-e4323269c460
05-09-2025,18:31,05-09-2025,,,"Overboeking van uw geldrekening bij flatexDEGIRO Bank 1.084,52 EUR",,,,EUR,"6341,68",
05-09-2025,18:31,05-09-2025,,,Degiro Cash Sweep Transfer,,EUR,"1084,52",EUR,"7426,20",
05-09-2025,17:45,05-09-2025,MARVELL TECHNOLOGY INC,US5738741041,Valuta Creditering,"1,1723",USD,"1269,00",USD,"0,00",163cb51a-ed19-4b93-9168-ee864d112248
05-09-2025,17:45,05-09-2025,MARVELL TECHNOLOGY INC,US5738741041,Valuta Debitering,,EUR,"-1082,52",EUR,"6341,68",163cb51a-ed19-4b93-9168-ee864d112248
05-09-2025,17:45,05-09-2025,MARVELL TECHNOLOGY INC,US5738741041,DEGIRO Transactiekosten en/of kosten van derden,,EUR,"-2,00",EUR,"7424,20",163cb51a-ed19-4b93-9168-ee864d112248
05-09-2025,17:45,05-09-2025,MARVELL TECHNOLOGY INC,US5738741041,"Koop 20 @ 63,45 USD",,USD,"-1269,00",USD,"-1269,00",163cb51a-ed19-4b93-9168-ee864d112248
27-08-2025,16:20,27-08-2025,,,"Overboeking van uw geldrekening bij flatexDEGIRO Bank 5.715,72 EUR",,,,EUR,"7426,20",
27-08-2025,16:20,27-08-2025,,,Degiro Cash Sweep Transfer,,EUR,"5715,72",EUR,"13141,92",
27-08-2025,15:46,27-08-2025,CROCS INC,US2270461096,Valuta Creditering,"1,1556",USD,"2605,50",USD,"0,00",0645496a-17b6-4241-a7f5-4a0ccd1cb310
27-08-2025,15:46,27-08-2025,CROCS INC,US2270461096,Valuta Debitering,,EUR,"-2254,67",EUR,"7426,20",0645496a-17b6-4241-a7f5-4a0ccd1cb310
27-08-2025,15:46,27-08-2025,CROCS INC,US2270461096,DEGIRO Transactiekosten en/of kosten van derden,,EUR,"-2,00",EUR,"9680,87",0645496a-17b6-4241-a7f5-4a0ccd1cb310
27-08-2025,15:46,27-08-2025,CROCS INC,US2270461096,"Koop 30 @ 86,85 USD",,USD,"-2605,50",USD,"-2605,50",0645496a-17b6-4241-a7f5-4a0ccd1cb310
27-08-2025,15:41,27-08-2025,MARVELL TECHNOLOGY INC,US5738741041,Valuta Creditering,"1,1557",USD,"1868,25",USD,"0,00",f5fffa6b-085b-45bf-9d94-cf5044d916cf
27-08-2025,15:41,27-08-2025,MARVELL TECHNOLOGY INC,US5738741041,Valuta Debitering,,EUR,"-1616,55",EUR,"9682,87",f5fffa6b-085b-45bf-9d94-cf5044d916cf
27-08-2025,15:41,27-08-2025,MARVELL TECHNOLOGY INC,US5738741041,DEGIRO Transactiekosten en/of kosten van derden,,EUR,"-2,00",EUR,"11299,42",f5fffa6b-085b-45bf-9d94-cf5044d916cf
27-08-2025,15:41,27-08-2025,MARVELL TECHNOLOGY INC,US5738741041,"Koop 25 @ 74,73 USD",,USD,"-1868,25",USD,"-1868,25",f5fffa6b-085b-45bf-9d94-cf5044d916cf
27-08-2025,15:39,27-08-2025,SIEMENS ENERGY AG,DE000ENER6Y0,DEGIRO Transactiekosten en/of kosten van derden,,EUR,"-4,90",EUR,"11301,42",442438c5-9198-4ed5-b022-a37374195a94
27-08-2025,15:39,27-08-2025,SIEMENS ENERGY AG,DE000ENER6Y0,"Koop 20 @ 91,78 EUR",,EUR,"-1835,60",EUR,"11306,32",442438c5-9198-4ed5-b022-a37374195a94
19-08-2025,01:32,18-08-2025,,,iDEAL Deposit,,EUR,"1000,00",EUR,"13141,92",
19-08-2025,01:32,18-08-2025,,,Reservation iDEAL,,EUR,"-1000,00",EUR,"12141,92",
19-08-2025,01:31,18-08-2025,,,iDEAL Deposit,,EUR,"1000,00",EUR,"13141,92",
19-08-2025,01:31,18-08-2025,,,Reservation iDEAL,,EUR,"-1000,00",EUR,"12141,92",
19-08-2025,01:30,18-08-2025,,,iDEAL Deposit,,EUR,"1000,00",EUR,"13141,92",
19-08-2025,01:30,18-08-2025,,,Reservation iDEAL,,EUR,"-1000,00",EUR,"12141,92",
15-08-2025,16:47,15-08-2025,,,Reservation iDEAL,,EUR,"1000,00",EUR,"13141,92",
15-08-2025,16:46,15-08-2025,,,Reservation iDEAL,,EUR,"1000,00",EUR,"12141,92",
15-08-2025,16:40,15-08-2025,,,Reservation iDEAL,,EUR,"1000,00",EUR,"11141,92",
07-08-2025,14:31,07-08-2025,,,"Overboeking van uw geldrekening bij flatexDEGIRO Bank 3,44 EUR",,,,EUR,"10141,92",
07-08-2025,14:31,07-08-2025,,,Degiro Cash Sweep Transfer,,EUR,"3,44",EUR,"10145,36",
07-08-2025,13:32,31-07-2025,,,Rente,,EUR,"-3,44",EUR,"10141,92",
07-08-2025,10:22,07-08-2025,,,"Overboeking naar uw geldrekening bij flatexDEGIRO Bank: 10,88 EUR",,,,EUR,"10145,36",
07-08-2025,10:22,07-08-2025,,,Degiro Cash Sweep Transfer,,EUR,"-10,88",EUR,"10134,48",
07-08-2025,07:41,06-08-2025,ASML HOLDING NV,NL0010273215,Dividend,,EUR,"12,80",EUR,"10145,36",
07-08-2025,07:41,06-08-2025,ASML HOLDING NV,NL0010273215,Dividendbelasting,,EUR,"-1,92",EUR,"10132,56",
01-08-2025,17:48,01-08-2025,,,"Overboeking van uw geldrekening bij flatexDEGIRO Bank 2,5 EUR",,,,EUR,"10134,48",
01-08-2025,17:48,01-08-2025,,,Degiro Cash Sweep Transfer,,EUR,"2,50",EUR,"10136,98",
01-08-2025,14:07,31-07-2025,,,DEGIRO Aansluitingskosten 2025 (- - FX),,EUR,"-2,50",EUR,"10134,48",
18-07-2025,07:33,18-07-2025,,,"Overboeking naar uw geldrekening bij flatexDEGIRO Bank: 2.774,88 EUR",,,,EUR,"10136,98",
18-07-2025,07:33,18-07-2025,,,Degiro Cash Sweep Transfer,,EUR,"-2774,88",EUR,"7362,10",
18-07-2025,06:33,17-07-2025,,,Valuta Creditering,,EUR,"2774,88",EUR,"10136,98",
18-07-2025,06:33,17-07-2025,,,Valuta Debitering,"1,1625",USD,"-3225,67",USD,"0,00",
17-07-2025,18:20,17-07-2025,,,"Overboeking van uw geldrekening bij flatexDEGIRO Bank 2.214,19 EUR",,,,EUR,"7362,10",
17-07-2025,18:20,17-07-2025,,,Degiro Cash Sweep Transfer,,EUR,"2214,19",EUR,"9576,29",
17-07-2025,18:20,17-07-2025,,,"Overboeking van uw geldrekening bij flatexDEGIRO Bank 3.225,67 USD",,,,USD,"3225,67",
17-07-2025,18:20,17-07-2025,,,Degiro Cash Sweep Transfer,,USD,"3225,67",USD,"6451,34",
17-07-2025,17:48,17-07-2025,HIMS & HERS HEALTH INC CLASS A,US4330001060,Valuta Creditering,"1,1570",USD,"2559,50",USD,"3225,67",6e11928b-69f8-48be-98b5-27d136090958
17-07-2025,17:48,17-07-2025,HIMS & HERS HEALTH INC CLASS A,US4330001060,Valuta Debitering,,EUR,"-2212,19",EUR,"7362,10",6e11928b-69f8-48be-98b5-27d136090958
17-07-2025,17:48,17-07-2025,HIMS & HERS HEALTH INC CLASS A,US4330001060,DEGIRO Transactiekosten en/of kosten van derden,,EUR,"-2,00",EUR,"9574,29",6e11928b-69f8-48be-98b5-27d136090958
17-07-2025,17:48,17-07-2025,HIMS & HERS HEALTH INC CLASS A,US4330001060,"Koop 50 @ 51,19 USD",,USD,"-2559,50",USD,"666,17",6e11928b-69f8-48be-98b5-27d136090958
17-07-2025,07:00,18-07-2025,EUR/USD,EURUSD......,Valuta Debitering,"1,1700",USD,"-4680,00",USD,"3225,67",3f7d1096-8bb9-4e2c-b545-1fe4b53ce287
17-07-2025,07:00,18-07-2025,EUR/USD,EURUSD......,"SETTLEMENT VALUTATRANSACTIE: Verkoop 4.000 @ 1,17 USD",,USD,"4680,00",USD,"7905,67",3f7d1096-8bb9-4e2c-b545-1fe4b53ce287
17-07-2025,01:40,16-07-2025,,,iDEAL Deposit,,EUR,"1000,00",EUR,"9576,29",
17-07-2025,01:40,16-07-2025,,,Reservation iDEAL,,EUR,"-1000,00",EUR,"8576,29",
17-07-2025,01:23,16-07-2025,,,iDEAL Deposit,,EUR,"1000,00",EUR,"9576,29",
17-07-2025,01:23,16-07-2025,,,Reservation iDEAL,,EUR,"-1000,00",EUR,"8576,29",
17-07-2025,01:22,16-07-2025,,,iDEAL Deposit,,EUR,"1000,00",EUR,"9576,29",
17-07-2025,01:22,16-07-2025,,,Reservation iDEAL,,EUR,"-1000,00",EUR,"8576,29",
17-07-2025,01:22,16-07-2025,,,iDEAL Deposit,,EUR,"1000,00",EUR,"9576,29",
17-07-2025,01:22,16-07-2025,,,Reservation iDEAL,,EUR,"-1000,00",EUR,"8576,29",
17-07-2025,01:21,16-07-2025,,,iDEAL Deposit,,EUR,"1000,00",EUR,"9576,29",
17-07-2025,01:21,16-07-2025,,,Reservation iDEAL,,EUR,"-1000,00",EUR,"8576,29",
17-07-2025,01:21,16-07-2025,,,iDEAL Deposit,,EUR,"1000,00",EUR,"9576,29",
17-07-2025,01:21,16-07-2025,,,Reservation iDEAL,,EUR,"-1000,00",EUR,"8576,29",
17-07-2025,01:21,16-07-2025,,,iDEAL Deposit,,EUR,"1000,00",EUR,"9576,29",
17-07-2025,01:21,16-07-2025,,,Reservation iDEAL,,EUR,"-1000,00",EUR,"8576,29",
16-07-2025,18:53,16-07-2025,,,"Overboeking naar uw geldrekening bij flatexDEGIRO Bank: 2.576,29 EUR",,,,EUR,"9576,29",
16-07-2025,18:53,16-07-2025,,,Degiro Cash Sweep Transfer,,EUR,"-2576,29",EUR,"7000,00",
16-07-2025,18:20,16-07-2025,,,"Overboeking van uw geldrekening bij flatexDEGIRO Bank 4.691,7 USD",,,,USD,"3225,67",
16-07-2025,18:20,16-07-2025,,,Degiro Cash Sweep Transfer,,USD,"4691,70",USD,"7917,37",
16-07-2025,17:34,16-07-2025,EUR/USD,EURUSD......,DEGIRO Transactiekosten en/of kosten van derden,,EUR,"-10,00",EUR,"9576,29",3f7d1096-8bb9-4e2c-b545-1fe4b53ce287
16-07-2025,17:34,16-07-2025,EUR/USD,EURUSD......,DEGIRO Transactiekosten en/of kosten van derden,,USD,"-11,70",USD,"3225,67",3f7d1096-8bb9-4e2c-b545-1fe4b53ce287
16-07-2025,17:34,16-07-2025,EUR/USD,EURUSD......,Valuta Creditering,,EUR,"4000,00",EUR,"9586,29",3f7d1096-8bb9-4e2c-b545-1fe4b53ce287
16-07-2025,17:34,16-07-2025,EUR/USD,EURUSD......,"Koop 4.000 @ 1,17 USD",,USD,"-4680,00",USD,"3237,37",3f7d1096-8bb9-4e2c-b545-1fe4b53ce287
16-07-2025,07:08,16-07-2025,,,Reservation iDEAL,,EUR,"1000,00",EUR,"5586,29",
16-07-2025,07:07,16-07-2025,,,Reservation iDEAL,,EUR,"1000,00",EUR,"4586,29",
15-07-2025,15:39,15-07-2025,,,Reservation iDEAL,,EUR,"1000,00",EUR,"3586,29",
15-07-2025,15:39,15-07-2025,,,Reservation iDEAL,,EUR,"1000,00",EUR,"2586,29",
15-07-2025,15:38,15-07-2025,,,Reservation iDEAL,,EUR,"1000,00",EUR,"1586,29",
15-07-2025,15:38,15-07-2025,,,Reservation iDEAL,,EUR,"1000,00",EUR,"586,29",
15-07-2025,15:37,15-07-2025,,,Reservation iDEAL,,EUR,"1000,00",EUR,"-413,71",
06-07-2025,21:13,30-06-2025,,,Flatex Interest Income,,USD,"0,00",USD,"7917,37",
06-07-2025,11:41,30-06-2025,,,Flatex Interest Income,,EUR,"0,00",EUR,"-1413,71",
05-07-2025,20:40,30-06-2025,,,Flatex Interest Income,,GBP,"0,00",GBP,"0,00",
04-07-2025,15:45,30-06-2025,,,Rente,,EUR,"-22,35",EUR,"-1413,71",
01-07-2025,16:54,30-06-2025,,,DEGIRO Aansluitingskosten 2025 (Tradegate AG - TDG),,EUR,"-2,50",EUR,"-1391,36",
27-06-2025,08:30,27-06-2025,,,"Overboeking naar uw geldrekening bij flatexDEGIRO Bank: 3,57 USD",,,,USD,"7917,37",
27-06-2025,08:30,27-06-2025,,,Degiro Cash Sweep Transfer,,USD,"-3,57",USD,"7913,80",
27-06-2025,07:34,26-06-2025,META PLATFORMS INC CLASS A,US30303M1027,Dividend,,USD,"4,20",USD,"7917,37",
27-06-2025,07:34,26-06-2025,META PLATFORMS INC CLASS A,US30303M1027,Dividendbelasting,,USD,"-0,63",USD,"7913,17",
24-06-2025,03:20,24-06-2025,,,Overboeking van uw geldrekening bij flatexDEGIRO Bank 2.000 EUR,,,,EUR,"-1388,86",
24-06-2025,03:20,24-06-2025,,,Degiro Cash Sweep Transfer,,EUR,"2000,00",EUR,"611,14",
24-06-2025,01:33,23-06-2025,,,iDEAL Deposit,,EUR,"1000,00",EUR,"-1388,86",
24-06-2025,01:33,23-06-2025,,,Reservation iDEAL,,EUR,"-1000,00",EUR,"-2388,86",
24-06-2025,01:33,23-06-2025,,,iDEAL Deposit,,EUR,"1000,00",EUR,"-1388,86",
24-06-2025,01:33,23-06-2025,,,Reservation iDEAL,,EUR,"-1000,00",EUR,"-2388,86",
20-06-2025,17:32,20-06-2025,,,"Overboeking naar uw geldrekening bij flatexDEGIRO Bank: 4.788,8 USD",,,,USD,"7913,80",
20-06-2025,17:32,20-06-2025,,,Degiro Cash Sweep Transfer,,USD,"-4788,80",USD,"3125,00",
20-06-2025,17:00,20-06-2025,,,Reservation iDEAL,,EUR,"1000,00",EUR,"-1388,86",
20-06-2025,16:58,20-06-2025,,,Reservation iDEAL,,EUR,"1000,00",EUR,"-2388,86",
20-06-2025,16:53,20-06-2025,,,Overboeking naar uw geldrekening bij flatexDEGIRO Bank: 3.125 USD,,,,USD,"7913,80",
20-06-2025,16:53,20-06-2025,,,Degiro Cash Sweep Transfer,,USD,"-3125,00",USD,"4788,80",
20-06-2025,16:52,20-06-2025,HIMS & HERS HEALTH INC CLASS A,US4330001060,DEGIRO Transactiekosten en/of kosten van derden,,EUR,"-2,00",EUR,"-3388,86",57ca143d-f4d1-4fc8-a023-7991f4be9878
20-06-2025,16:52,20-06-2025,HIMS & HERS HEALTH INC CLASS A,US4330001060,"Verkoop 40 @ 62,12 USD",,USD,"2484,80",USD,"7913,80",57ca143d-f4d1-4fc8-a023-7991f4be9878
20-06-2025,16:12,20-06-2025,SAMSARA INC (PRE-REINCORPORATION),US79589L1061,DEGIRO Transactiekosten en/of kosten van derden,,EUR,"-2,00",EUR,"-3386,86",7ebc150a-3efd-41dc-a999-1cddb593df7a
20-06-2025,16:12,20-06-2025,SAMSARA INC (PRE-REINCORPORATION),US79589L1061,"Verkoop 31 @ 38,4 USD",,USD,"1190,40",USD,"5429,00",7ebc150a-3efd-41dc-a999-1cddb593df7a
20-06-2025,16:12,20-06-2025,SAMSARA INC (PRE-REINCORPORATION),US79589L1061,"Verkoop 29 @ 38,4 USD",,USD,"1113,60",USD,"4238,60",7ebc150a-3efd-41dc-a999-1cddb593df7a
20-06-2025,16:01,20-06-2025,SIEMENS ENERGY AG,DE000ENER6Y0,DEGIRO Transactiekosten en/of kosten van derden,,EUR,"-4,90",EUR,"-3384,86",5dfd48c4-827d-4ea3-a04c-e5707215fd60
20-06-2025,16:01,20-06-2025,SIEMENS ENERGY AG,DE000ENER6Y0,Verkoop 20 @ 88 EUR,,EUR,"1760,00",EUR,"-3379,96",5dfd48c4-827d-4ea3-a04c-e5707215fd60
20-06-2025,15:52,20-06-2025,HIMS & HERS HEALTH INC CLASS A,US4330001060,DEGIRO Transactiekosten en/of kosten van derden,,EUR,"-2,00",EUR,"-5139,96",1a0ff45c-4572-4bb3-8434-de9e5197c2aa
20-06-2025,15:52,20-06-2025,HIMS & HERS HEALTH INC CLASS A,US4330001060,"Verkoop 42 @ 62,5 USD",,USD,"2625,00",USD,"3125,00",1a0ff45c-4572-4bb3-8434-de9e5197c2aa
20-06-2025,15:52,20-06-2025,HIMS & HERS HEALTH INC CLASS A,US4330001060,"Verkoop 8 @ 62,5 USD",,USD,"500,00",USD,"500,00",1a0ff45c-4572-4bb3-8434-de9e5197c2aa
18-06-2025,21:20,18-06-2025,CROCS INC,US2270461096,Valuta Debitering,"1,1501",USD,"-2503,75",USD,"0,00",a8029393-67d6-4b18-b76b-8fb46ae2b597
18-06-2025,21:20,18-06-2025,CROCS INC,US2270461096,Valuta Creditering,,EUR,"2177,05",EUR,"-5137,96",a8029393-67d6-4b18-b76b-8fb46ae2b597
18-06-2025,21:20,18-06-2025,CROCS INC,US2270461096,DEGIRO Transactiekosten en/of kosten van derden,,EUR,"-2,00",EUR,"-7315,01",a8029393-67d6-4b18-b76b-8fb46ae2b597
18-06-2025,21:20,18-06-2025,CROCS INC,US2270461096,"Verkoop 25 @ 100,15 USD",,USD,"2503,75",USD,"2503,75",a8029393-67d6-4b18-b76b-8fb46ae2b597
14-06-2025,06:41,13-06-2025,,,Valuta Creditering,,EUR,"4,27",EUR,"-7313,01",
14-06-2025,06:41,13-06-2025,,,Valuta Debitering,"1,1578",USD,"-4,94",USD,"0,00",
13-06-2025,07:29,12-06-2025,MICROSOFT CORP,US5949181045,Dividend,,USD,"5,81",USD,"4,94",
13-06-2025,07:29,12-06-2025,MICROSOFT CORP,US5949181045,Dividendbelasting,,USD,"-0,87",USD,"-0,87",
10-06-2025,12:49,10-06-2025,BYD CO LTD,CNE100000296,DEGIRO Transactiekosten en/of kosten van derden,,EUR,"-3,90",EUR,"-7317,28",c15230a6-5b95-479f-8e0d-23b9fa88a37b
10-06-2025,12:49,10-06-2025,BYD CO LTD,CNE100000296,"Koop 150 @ 15,67 EUR",,EUR,"-2350,50",EUR,"-7313,38",c15230a6-5b95-479f-8e0d-23b9fa88a37b
04-06-2025,14:19,31-05-2025,,,Rente,,EUR,"-31,57",EUR,"-4962,88",
22-05-2025,08:20,21-05-2025,ASM INTERNATIONAL NV,NL0000334118,Dividend,,EUR,"30,00",EUR,"-4931,31",
22-05-2025,08:20,21-05-2025,ASM INTERNATIONAL NV,NL0000334118,Dividendbelasting,,EUR,"-4,50",EUR,"-4961,31",
07-05-2025,20:32,07-05-2025,ADVANCED MICRO DEVICES INC,US0079031078,Valuta Debitering,"1,1370",USD,"-3136,00",USD,"0,00",6549b488-aea4-49bd-9ac4-9c0c2effecb2
07-05-2025,20:32,07-05-2025,ADVANCED MICRO DEVICES INC,US0079031078,Valuta Creditering,,EUR,"2758,05",EUR,"-4956,81",6549b488-aea4-49bd-9ac4-9c0c2effecb2
07-05-2025,20:32,07-05-2025,ADVANCED MICRO DEVICES INC,US0079031078,DEGIRO Transactiekosten en/of kosten van derden,,EUR,"-2,00",EUR,"-7714,86",6549b488-aea4-49bd-9ac4-9c0c2effecb2
07-05-2025,20:32,07-05-2025,ADVANCED MICRO DEVICES INC,US0079031078,Verkoop 32 @ 98 USD,,USD,"3136,00",USD,"3136,00",6549b488-aea4-49bd-9ac4-9c0c2effecb2
07-05-2025,13:52,30-04-2025,,,Rente,,EUR,"-38,42",EUR,"-7712,86",
07-05-2025,07:38,06-05-2025,ASML HOLDING NV,NL0010273215,Dividendbelasting,,EUR,"-2,21",EUR,"-7674,44",
07-05-2025,07:38,06-05-2025,ASML HOLDING NV,NL0010273215,Dividend,,EUR,"14,72",EUR,"-7672,23",
04-05-2025,00:39,02-05-2025,BE SEMICONDUCTOR INDUSTRIES NV,NL0012866412,Dividendbelasting,,EUR,"-13,41",EUR,"-7686,95",
04-05-2025,00:39,02-05-2025,BE SEMICONDUCTOR INDUSTRIES NV,NL0012866412,Dividend,,EUR,"89,38",EUR,"-7673,54",
30-04-2025,03:20,30-04-2025,,,Overboeking van uw geldrekening bij flatexDEGIRO Bank 3.000 EUR,,,,EUR,"-7762,92",
30-04-2025,03:20,30-04-2025,,,Degiro Cash Sweep Transfer,,EUR,"3000,00",EUR,"-4762,92",
30-04-2025,02:31,29-04-2025,,,iDEAL Deposit,,EUR,"1000,00",EUR,"-7762,92",
30-04-2025,02:31,29-04-2025,,,Reservation iDEAL,,EUR,"-1000,00",EUR,"-8762,92",
30-04-2025,02:30,29-04-2025,,,iDEAL Deposit,,EUR,"1000,00",EUR,"-7762,92",
30-04-2025,02:30,29-04-2025,,,Reservation iDEAL,,EUR,"-1000,00",EUR,"-8762,92",
30-04-2025,02:30,29-04-2025,,,iDEAL Deposit,,EUR,"1000,00",EUR,"-7762,92",
30-04-2025,02:30,29-04-2025,,,Reservation iDEAL,,EUR,"-1000,00",EUR,"-8762,92",
29-04-2025,13:03,29-04-2025,,,Reservation iDEAL,,EUR,"1000,00",EUR,"-7762,92",
29-04-2025,13:03,29-04-2025,,,Reservation iDEAL,,EUR,"1000,00",EUR,"-8762,92",
29-04-2025,13:03,29-04-2025,,,Reservation iDEAL,,EUR,"1000,00",EUR,"-9762,92",
16-04-2025,06:33,15-04-2025,,,Valuta Debitering,,EUR,"-1,29",EUR,"-10762,92",
16-04-2025,06:33,15-04-2025,,,Valuta Creditering,"1,1255",USD,"1,45",USD,"0,00",
15-04-2025,17:18,31-03-2025,,,Rente,,USD,"-1,45",USD,"-1,45",
14-04-2025,09:45,14-04-2025,BE SEMICONDUCTOR INDUSTRIES NV,NL0012866412,DEGIRO Transactiekosten en/of kosten van derden,,EUR,"-3,00",EUR,"-10761,63",b2c708d9-40ee-407c-89b2-f5a94145f219
14-04-2025,09:45,14-04-2025,BE SEMICONDUCTOR INDUSTRIES NV,NL0012866412,Koop 5 @ 87 EUR,,EUR,"-435,00",EUR,"-10758,63",b2c708d9-40ee-407c-89b2-f5a94145f219
14-04-2025,09:45,14-04-2025,BE SEMICONDUCTOR INDUSTRIES NV,NL0012866412,Koop 6 @ 87 EUR,,EUR,"-522,00",EUR,"-10323,63",b2c708d9-40ee-407c-89b2-f5a94145f219
11-04-2025,21:53,11-04-2025,ADVANCED MICRO DEVICES INC,US0079031078,Valuta Creditering,"1,1310",USD,"1116,00",USD,"0,00",32392edf-4d8f-47f8-9f1a-bcce4cf5fbe2
11-04-2025,21:53,11-04-2025,ADVANCED MICRO DEVICES INC,US0079031078,Valuta Debitering,,EUR,"-986,77",EUR,"-9801,63",32392edf-4d8f-47f8-9f1a-bcce4cf5fbe2
11-04-2025,21:53,11-04-2025,ADVANCED MICRO DEVICES INC,US0079031078,DEGIRO Transactiekosten en/of kosten van derden,,EUR,"-2,00",EUR,"-8814,86",32392edf-4d8f-47f8-9f1a-bcce4cf5fbe2
11-04-2025,21:53,11-04-2025,ADVANCED MICRO DEVICES INC,US0079031078,Koop 12 @ 93 USD,,USD,"-1116,00",USD,"-1116,00",32392edf-4d8f-47f8-9f1a-bcce4cf5fbe2
11-04-2025,18:33,11-04-2025,HIMS & HERS HEALTH INC CLASS A,US4330001060,Valuta Debitering,"1,1320",USD,"-10600,00",USD,"0,00",2e62b3ae-b1c2-4a6a-9fd4-a2f550e20e21
11-04-2025,18:33,11-04-2025,HIMS & HERS HEALTH INC CLASS A,US4330001060,Valuta Creditering,,EUR,"9363,77",EUR,"-8812,86",2e62b3ae-b1c2-4a6a-9fd4-a2f550e20e21
11-04-2025,18:33,11-04-2025,HIMS & HERS HEALTH INC CLASS A,US4330001060,Valuta Debitering,"1,1320",USD,"-2650,00",USD,"10600,00",2e62b3ae-b1c2-4a6a-9fd4-a2f550e20e21
11-04-2025,18:33,11-04-2025,HIMS & HERS HEALTH INC CLASS A,US4330001060,Valuta Creditering,,EUR,"2340,94",EUR,"-18176,63",2e62b3ae-b1c2-4a6a-9fd4-a2f550e20e21
11-04-2025,18:33,11-04-2025,HIMS & HERS HEALTH INC CLASS A,US4330001060,Valuta Debitering,"1,1320",USD,"-2650,00",USD,"13250,00",2e62b3ae-b1c2-4a6a-9fd4-a2f550e20e21
11-04-2025,18:33,11-04-2025,HIMS & HERS HEALTH INC CLASS A,US4330001060,Valuta Creditering,,EUR,"2340,94",EUR,"-20517,57",2e62b3ae-b1c2-4a6a-9fd4-a2f550e20e21
11-04-2025,18:33,11-04-2025,HIMS & HERS HEALTH INC CLASS A,US4330001060,DEGIRO Transactiekosten en/of kosten van derden,,EUR,"-2,00",EUR,"-22858,51",2e62b3ae-b1c2-4a6a-9fd4-a2f550e20e21
11-04-2025,18:33,11-04-2025,HIMS & HERS HEALTH INC CLASS A,US4330001060,"Verkoop 400 @ 26,5 USD",,USD,"10600,00",USD,"15900,00",2e62b3ae-b1c2-4a6a-9fd4-a2f550e20e21
11-04-2025,18:33,11-04-2025,HIMS & HERS HEALTH INC CLASS A,US4330001060,"Verkoop 100 @ 26,5 USD",,USD,"2650,00",USD,"5300,00",2e62b3ae-b1c2-4a6a-9fd4-a2f550e20e21
11-04-2025,18:33,11-04-2025,HIMS & HERS HEALTH INC CLASS A,US4330001060,"Verkoop 100 @ 26,5 USD",,USD,"2650,00",USD,"2650,00",2e62b3ae-b1c2-4a6a-9fd4-a2f550e20e21
11-04-2025,18:19,11-04-2025,TRADE DESK INC CLASS A,US88339J1051,Valuta Creditering,"1,1265",USD,"1468,50",USD,"0,00",ec980b0b-a868-4d9b-b07b-1a0bf8fb2c90
11-04-2025,18:19,11-04-2025,TRADE DESK INC CLASS A,US88339J1051,Valuta Debitering,,EUR,"-1303,62",EUR,"-22856,51",ec980b0b-a868-4d9b-b07b-1a0bf8fb2c90
11-04-2025,18:19,11-04-2025,TRADE DESK INC CLASS A,US88339J1051,DEGIRO Transactiekosten en/of kosten van derden,,EUR,"-2,00",EUR,"-21552,89",ec980b0b-a868-4d9b-b07b-1a0bf8fb2c90
11-04-2025,18:19,11-04-2025,TRADE DESK INC CLASS A,US88339J1051,"Koop 30 @ 48,95 USD",,USD,"-1468,50",USD,"-1468,50",ec980b0b-a868-4d9b-b07b-1a0bf8fb2c90
11-04-2025,18:14,11-04-2025,CROCS INC,US2270461096,Valuta Creditering,"1,1286",USD,"2248,50",USD,"0,00",a9c3f9c7-d906-4e6b-957c-cae48461e7a7
11-04-2025,18:14,11-04-2025,CROCS INC,US2270461096,Valuta Debitering,,EUR,"-1992,34",EUR,"-21550,89",a9c3f9c7-d906-4e6b-957c-cae48461e7a7
11-04-2025,18:14,11-04-2025,CROCS INC,US2270461096,DEGIRO Transactiekosten en/of kosten van derden,,EUR,"-2,00",EUR,"-19558,55",a9c3f9c7-d906-4e6b-957c-cae48461e7a7
11-04-2025,18:14,11-04-2025,CROCS INC,US2270461096,"Koop 25 @ 89,94 USD",,USD,"-2248,50",USD,"-2248,50",a9c3f9c7-d906-4e6b-957c-cae48461e7a7
11-04-2025,18:09,11-04-2025,ADVANCED MICRO DEVICES INC,US0079031078,Valuta Creditering,"1,1286",USD,"1831,20",USD,"0,00",988a6759-194f-4ce9-92ea-4f78c9072132
11-04-2025,18:09,11-04-2025,ADVANCED MICRO DEVICES INC,US0079031078,Valuta Debitering,,EUR,"-1622,58",EUR,"-19556,55",988a6759-194f-4ce9-92ea-4f78c9072132
11-04-2025,18:09,11-04-2025,ADVANCED MICRO DEVICES INC,US0079031078,DEGIRO Transactiekosten en/of kosten van derden,,EUR,"-2,00",EUR,"-17933,97",988a6759-194f-4ce9-92ea-4f78c9072132
11-04-2025,18:09,11-04-2025,ADVANCED MICRO DEVICES INC,US0079031078,"Koop 20 @ 91,56 USD",,USD,"-1831,20",USD,"-1831,20",988a6759-194f-4ce9-92ea-4f78c9072132
11-04-2025,18:08,11-04-2025,DRAFTKINGS INC CLASS A,US26142V1052,Valuta Creditering,"1,1288",USD,"1174,43",USD,"0,00",1c5dd8aa-83c2-4929-8444-fb7edded97d8
11-04-2025,18:08,11-04-2025,DRAFTKINGS INC CLASS A,US26142V1052,Valuta Debitering,,EUR,"-1040,45",EUR,"-17931,97",1c5dd8aa-83c2-4929-8444-fb7edded97d8
11-04-2025,18:08,11-04-2025,DRAFTKINGS INC CLASS A,US26142V1052,DEGIRO Transactiekosten en/of kosten van derden,,EUR,"-2,00",EUR,"-16891,52",1c5dd8aa-83c2-4929-8444-fb7edded97d8
11-04-2025,18:08,11-04-2025,DRAFTKINGS INC CLASS A,US26142V1052,"Koop 35 @ 33,555 USD",,USD,"-1174,42",USD,"-1174,43",1c5dd8aa-83c2-4929-8444-fb7edded97d8
11-04-2025,18:08,11-04-2025,HIMS & HERS HEALTH INC CLASS A,US4330001060,Valuta Creditering,"1,1288",USD,"18025,60",USD,"0,00",787a0498-0d1b-4628-9aee-6e05c2e496fc
11-04-2025,18:08,11-04-2025,HIMS & HERS HEALTH INC CLASS A,US4330001060,Valuta Debitering,,EUR,"-15969,23",EUR,"-16889,52",787a0498-0d1b-4628-9aee-6e05c2e496fc
11-04-2025,18:08,11-04-2025,HIMS & HERS HEALTH INC CLASS A,US4330001060,Valuta Creditering,"1,1288",USD,"314,28",USD,"-18025,60",787a0498-0d1b-4628-9aee-6e05c2e496fc
11-04-2025,18:08,11-04-2025,HIMS & HERS HEALTH INC CLASS A,US4330001060,Valuta Debitering,,EUR,"-278,43",EUR,"-920,29",787a0498-0d1b-4628-9aee-6e05c2e496fc
11-04-2025,18:08,11-04-2025,HIMS & HERS HEALTH INC CLASS A,US4330001060,DEGIRO Transactiekosten en/of kosten van derden,,EUR,"-2,00",EUR,"-641,86",787a0498-0d1b-4628-9aee-6e05c2e496fc
11-04-2025,18:08,11-04-2025,HIMS & HERS HEALTH INC CLASS A,US4330001060,"Koop 688 @ 26,2 USD",,USD,"-18025,60",USD,"-18339,88",787a0498-0d1b-4628-9aee-6e05c2e496fc
11-04-2025,18:08,11-04-2025,HIMS & HERS HEALTH INC CLASS A,US4330001060,"Koop 12 @ 26,19 USD",,USD,"-314,28",USD,"-314,28",787a0498-0d1b-4628-9aee-6e05c2e496fc
06-04-2025,04:51,31-03-2025,,,Flatex Interest Income,,USD,"0,00",USD,"0,00",
05-04-2025,20:41,31-03-2025,,,Flatex Interest Income,,EUR,"0,00",EUR,"-639,86",
05-04-2025,16:52,31-03-2025,,,Flatex Interest Income,,GBP,"0,00",GBP,"0,00",
04-04-2025,12:36,31-03-2025,,,Rente,,EUR,"-2,50",EUR,"-639,86",
31-03-2025,16:08,31-03-2025,SHOPIFY INC CLASS A,CA82509L1076,"PRODUCTWIJZIGING : Koop 66 @ 96,68 USD",,USD,"-6380,88",USD,"0,00",
31-03-2025,16:08,31-03-2025,SHOPIFY INC,CA82509L1076,"PRODUCTWIJZIGING : Verkoop 66 @ 96,68 USD",,USD,"6380,88",USD,"6380,88",
28-03-2025,06:48,27-03-2025,,,Valuta Creditering,,EUR,"3,30",EUR,"-637,36",
28-03-2025,06:48,27-03-2025,,,Valuta Debitering,"1,0828",USD,"-3,57",USD,"0,00",
27-03-2025,07:14,26-03-2025,META PLATFORMS INC CLASS A,US30303M1027,Dividendbelasting,,USD,"-0,63",USD,"3,57",
27-03-2025,07:14,26-03-2025,META PLATFORMS INC CLASS A,US30303M1027,Dividend,,USD,"4,20",USD,"4,20",
25-03-2025,07:40,25-03-2025,,,"Overboeking van uw geldrekening bij flatexDEGIRO Bank 375,69 EUR",,,,EUR,"-640,66",
25-03-2025,07:40,25-03-2025,,,Degiro Cash Sweep Transfer,,EUR,"375,69",EUR,"-264,97",
25-03-2025,06:35,24-03-2025,,,Valuta Debitering,,EUR,"-1016,35",EUR,"-640,66",
25-03-2025,06:35,24-03-2025,,,Valuta Creditering,"1,0774",USD,"1095,06",USD,"0,00",
20-03-2025,07:00,20-03-2025,,,"Overboeking van uw geldrekening bij flatexDEGIRO Bank 624,31 EUR",,,,EUR,"375,69",
20-03-2025,07:00,20-03-2025,,,Degiro Cash Sweep Transfer,,EUR,"624,31",EUR,"1000,00",
20-03-2025,05:00,19-03-2025,,,iDEAL Deposit,,EUR,"1000,00",EUR,"375,69",
20-03-2025,05:00,19-03-2025,,,Reservation iDEAL,,EUR,"-1000,00",EUR,"-624,31",
20-03-2025,02:02,19-03-2025,,,"Overboeking van uw geldrekening bij flatexDEGIRO Bank 4,94 USD",,,,USD,"-1095,06",
20-03-2025,02:02,19-03-2025,,,Degiro Cash Sweep Transfer,,USD,"4,94",USD,"-1090,12",
19-03-2025,15:30,19-03-2025,TRADE DESK INC CLASS A,US88339J1051,DEGIRO Transactiekosten en/of kosten van derden,,EUR,"-2,00",EUR,"375,69",f43d53c4-fb4c-4a7f-b290-39e4e41ef6b9
19-03-2025,15:30,19-03-2025,TRADE DESK INC CLASS A,US88339J1051,Koop 20 @ 55 USD,,USD,"-1100,00",USD,"-1095,06",f43d53c4-fb4c-4a7f-b290-39e4e41ef6b9
19-03-2025,14:33,19-03-2025,,,Reservation iDEAL,,EUR,"1000,00",EUR,"377,69",
14-03-2025,08:50,14-03-2025,,,"Overboeking naar uw geldrekening bij flatexDEGIRO Bank: 4,94 USD",,,,USD,"4,94",
14-03-2025,08:50,14-03-2025,,,Degiro Cash Sweep Transfer,,USD,"-4,94",USD,"0,00",
14-03-2025,07:34,13-03-2025,MICROSOFT CORP,US5949181045,Dividendbelasting,,USD,"-0,87",USD,"4,94",
14-03-2025,07:34,13-03-2025,MICROSOFT CORP,US5949181045,Dividend,,USD,"5,81",USD,"5,81",
07-03-2025,06:40,06-03-2025,,,Valuta Debitering,,EUR,"-1,86",EUR,"-622,31",
07-03-2025,06:40,06-03-2025,,,Valuta Creditering,"1,0758",USD,"2,00",USD,"0,00",
07-03-2025,04:51,07-03-2025,,,"Overboeking van uw geldrekening bij flatexDEGIRO Bank 349,04 EUR",,,,EUR,"-620,45",
07-03-2025,04:51,07-03-2025,,,Degiro Cash Sweep Transfer,,EUR,"349,04",EUR,"-271,41",
06-03-2025,14:04,28-02-2025,,,Rente,,USD,"-2,00",USD,"-2,00",
06-03-2025,06:38,05-03-2025,,,Valuta Debitering,,EUR,"-969,49",EUR,"-620,45",
06-03-2025,06:38,05-03-2025,,,Valuta Creditering,"1,0762",USD,"1043,33",USD,"0,00",
06-03-2025,03:51,06-03-2025,,,"Overboeking van uw geldrekening bij flatexDEGIRO Bank 2.069,59 EUR",,,,EUR,"349,04",
06-03-2025,03:51,06-03-2025,,,Degiro Cash Sweep Transfer,,EUR,"2069,59",EUR,"2418,63",
05-03-2025,15:57,05-03-2025,TRADE DESK INC CLASS A,US88339J1051,Valuta Creditering,"1,0736",USD,"660,00",USD,"-1043,33",625fb43a-e907-4d30-b2a0-af8482ae8175
05-03-2025,15:57,05-03-2025,TRADE DESK INC CLASS A,US88339J1051,Valuta Debitering,,EUR,"-614,75",EUR,"349,04",625fb43a-e907-4d30-b2a0-af8482ae8175
05-03-2025,15:57,05-03-2025,TRADE DESK INC CLASS A,US88339J1051,DEGIRO Transactiekosten en/of kosten van derden,,EUR,"-2,00",EUR,"963,79",625fb43a-e907-4d30-b2a0-af8482ae8175
05-03-2025,15:57,05-03-2025,TRADE DESK INC CLASS A,US88339J1051,Koop 10 @ 66 USD,,USD,"-660,00",USD,"-1703,33",625fb43a-e907-4d30-b2a0-af8482ae8175
05-03-2025,15:49,05-03-2025,HIMS & HERS HEALTH INC CLASS A,US4330001060,Valuta Creditering,"1,0733",USD,"1557,20",USD,"-1043,33",e25d072c-5785-4144-b310-1a836c852dd1
05-03-2025,15:49,05-03-2025,HIMS & HERS HEALTH INC CLASS A,US4330001060,Valuta Debitering,,EUR,"-1450,84",EUR,"965,79",e25d072c-5785-4144-b310-1a836c852dd1
05-03-2025,15:49,05-03-2025,HIMS & HERS HEALTH INC CLASS A,US4330001060,DEGIRO Transactiekosten en/of kosten van derden,,EUR,"-2,00",EUR,"2416,63",e25d072c-5785-4144-b310-1a836c852dd1
05-03-2025,15:49,05-03-2025,HIMS & HERS HEALTH INC CLASS A,US4330001060,"Koop 40 @ 38,93 USD",,USD,"-1557,20",USD,"-2600,53",e25d072c-5785-4144-b310-1a836c852dd1
28-02-2025,05:23,27-02-2025,,,iDEAL Deposit,,EUR,"1000,00",EUR,"2418,63",
28-02-2025,05:23,27-02-2025,,,Reservation iDEAL,,EUR,"-1000,00",EUR,"1418,63",
28-02-2025,05:21,27-02-2025,,,iDEAL Deposit,,EUR,"1000,00",EUR,"2418,63",
28-02-2025,05:21,27-02-2025,,,Reservation iDEAL,,EUR,"-1000,00",EUR,"1418,63",
27-02-2025,19:11,27-02-2025,,,Degiro Cash Sweep Transfer,,EUR,"-418,63",EUR,"2418,63",
27-02-2025,19:11,27-02-2025,,,"Overboeking naar uw geldrekening bij flatexDEGIRO Bank: 418,63 EUR",,,,EUR,"2837,26",
27-02-2025,13:37,27-02-2025,AMG CRITICAL MATERIALS NV,NL0000888691,DEGIRO Transactiekosten en/of kosten van derden,,EUR,"-3,00",EUR,"2418,63",28abc40f-9f27-49fb-aa15-106e74ae0916
27-02-2025,13:37,27-02-2025,AMG CRITICAL MATERIALS NV,NL0000888691,"Verkoop 140 @ 17,2 EUR",,EUR,"2408,00",EUR,"2421,63",28abc40f-9f27-49fb-aa15-106e74ae0916
27-02-2025,01:50,26-02-2025,,,Degiro Cash Sweep Transfer,,EUR,"141,62",EUR,"13,63",
27-02-2025,01:50,26-02-2025,,,"Overboeking van uw geldrekening bij flatexDEGIRO Bank 141,62 EUR",,,,EUR,"-127,99",
26-02-2025,15:46,26-02-2025,TRADE DESK INC CLASS A,US88339J1051,Valuta Creditering,"1,0465",USD,"2224,80",USD,"-1043,33",00f3a443-cb10-4724-8cdc-75df54a3116e
26-02-2025,15:46,26-02-2025,TRADE DESK INC CLASS A,US88339J1051,Valuta Debitering,,EUR,"-2125,99",EUR,"13,63",00f3a443-cb10-4724-8cdc-75df54a3116e
26-02-2025,15:46,26-02-2025,TRADE DESK INC CLASS A,US88339J1051,DEGIRO Transactiekosten en/of kosten van derden,,EUR,"-2,00",EUR,"2139,62",00f3a443-cb10-4724-8cdc-75df54a3116e
26-02-2025,15:46,26-02-2025,TRADE DESK INC CLASS A,US88339J1051,"Koop 30 @ 74,16 USD",,USD,"-2224,80",USD,"-3268,13",00f3a443-cb10-4724-8cdc-75df54a3116e
26-02-2025,15:43,26-02-2025,,,Reservation iDEAL,,EUR,"1000,00",EUR,"2141,62",
26-02-2025,15:42,26-02-2025,,,Reservation iDEAL,,EUR,"1000,00",EUR,"1141,62",
22-02-2025,02:20,21-02-2025,,,Degiro Cash Sweep Transfer,,EUR,"2,00",EUR,"141,62",
22-02-2025,02:20,21-02-2025,,,Overboeking van uw geldrekening bij flatexDEGIRO Bank 2 EUR,,,,EUR,"139,62",
22-02-2025,01:50,21-02-2025,,,Degiro Cash Sweep Transfer,,USD,"5586,67",USD,"-1043,33",
22-02-2025,01:50,21-02-2025,,,"Overboeking van uw geldrekening bij flatexDEGIRO Bank 5.586,67 USD",,,,USD,"-6630,00",
21-02-2025,20:43,21-02-2025,HIMS & HERS HEALTH INC CLASS A,US4330001060,DEGIRO Transactiekosten en/of kosten van derden,,EUR,"-2,00",EUR,"141,62",797b5b4f-21c6-4021-a520-19423f3eec65
21-02-2025,20:43,21-02-2025,HIMS & HERS HEALTH INC CLASS A,US4330001060,Koop 130 @ 51 USD,,USD,"-6630,00",USD,"-1043,33",797b5b4f-21c6-4021-a520-19423f3eec65
20-02-2025,19:32,20-02-2025,,,Degiro Cash Sweep Transfer,,EUR,"-10,34",EUR,"143,62",
20-02-2025,19:32,20-02-2025,,,"Overboeking naar uw geldrekening bij flatexDEGIRO Bank: 10,34 EUR",,,,EUR,"153,96",
20-02-2025,06:58,19-02-2025,ASML HOLDING NV,NL0010273215,Dividendbelasting,,EUR,"-1,82",EUR,"143,62",
20-02-2025,06:58,19-02-2025,ASML HOLDING NV,NL0010273215,Dividend,,EUR,"12,16",EUR,"145,44",
14-02-2025,02:12,13-02-2025,,,"Overboeking naar uw geldrekening bij flatexDEGIRO Bank: 5.583,5 USD",,,,USD,"5586,67",
14-02-2025,02:12,13-02-2025,,,Degiro Cash Sweep Transfer,,USD,"-5583,50",USD,"3,17",
14-02-2025,02:02,13-02-2025,,,Overboeking van uw geldrekening bij flatexDEGIRO Bank 2 EUR,,,,EUR,"133,28",
14-02-2025,02:02,13-02-2025,,,Degiro Cash Sweep Transfer,,EUR,"2,00",EUR,"135,28",
13-02-2025,19:45,13-02-2025,HIMS & HERS HEALTH INC CLASS A,US4330001060,DEGIRO Transactiekosten en/of kosten van derden,,EUR,"-2,00",EUR,"133,28",08eef7c0-4145-43f2-a771-88edd3b4e6ea
13-02-2025,19:45,13-02-2025,HIMS & HERS HEALTH INC CLASS A,US4330001060,"Verkoop 95 @ 55,835 USD",,USD,"5304,32",USD,"5586,67",08eef7c0-4145-43f2-a771-88edd3b4e6ea
13-02-2025,19:45,13-02-2025,HIMS & HERS HEALTH INC CLASS A,US4330001060,"Verkoop 5 @ 55,835 USD",,USD,"279,18",USD,"282,34",08eef7c0-4145-43f2-a771-88edd3b4e6ea
07-02-2025,04:30,06-02-2025,,,Overboeking van uw geldrekening bij flatexDEGIRO Bank 10 EUR,,,,EUR,"135,28",
07-02-2025,04:30,06-02-2025,,,Degiro Cash Sweep Transfer,,EUR,"10,00",EUR,"145,28",
06-02-2025,17:13,31-01-2025,,,DEGIRO Aansluitingskosten 2025 (New York Stock Exchange - NSY),,EUR,"-2,50",EUR,"135,28",
06-02-2025,17:13,31-01-2025,,,DEGIRO Aansluitingskosten 2025 (Nasdaq - NDQ),,EUR,"-2,50",EUR,"137,78",
06-02-2025,17:13,31-01-2025,,,DEGIRO Aansluitingskosten 2025 (Euronext Milan - MIL),,EUR,"-2,50",EUR,"140,28",
06-02-2025,17:13,31-01-2025,,,DEGIRO Aansluitingskosten 2025 (Xetra - XET),,EUR,"-2,50",EUR,"142,78",
17-01-2025,19:00,17-01-2025,,,"Overboeking van uw geldrekening bij flatexDEGIRO Bank 354,72 EUR",,,,EUR,"145,28",
17-01-2025,19:00,17-01-2025,FLATEX EURO BANKACCOUNT,NLFLATEXACNT,Degiro Cash Sweep Transfer,,EUR,"354,72",EUR,"500,00",
17-01-2025,10:02,16-01-2025,,,iDEAL Deposit,,EUR,"500,00",EUR,"145,28",
17-01-2025,10:02,16-01-2025,,,Reservation iDEAL,,EUR,"-500,00",EUR,"-354,72",
16-01-2025,18:15,16-01-2025,FLATEX EURO BANKACCOUNT,NLFLATEXACNT,Degiro Cash Sweep Transfer,,EUR,"17,19",EUR,"145,28",
16-01-2025,18:15,16-01-2025,,,"Overboeking van uw geldrekening bij flatexDEGIRO Bank 17,19 EUR",,,,EUR,"128,09",
16-01-2025,14:01,16-01-2025,,,Reservation iDEAL,,EUR,"500,00",EUR,"145,28",
16-01-2025,11:39,16-01-2025,ISHARES CORE S&P 500 UCITS ETF USD,IE00B5BMR087,DEGIRO Transactiekosten en/of kosten van derden,,EUR,"-3,00",EUR,"-354,72",c91ecdec-e557-41b3-9266-0fc7c6a5b5d3
16-01-2025,11:39,16-01-2025,ISHARES CORE S&P 500 UCITS ETF USD,IE00B5BMR087,"Koop 9 @ 615,59 EUR",,EUR,"-5540,31",EUR,"-351,72",c91ecdec-e557-41b3-9266-0fc7c6a5b5d3
16-01-2025,11:36,16-01-2025,ISHARES MSCI INDIA UCITS USD (ACC) ETF,IE00BZCQB185,"Verkoop 582 @ 8,8 EUR",,EUR,"5121,60",EUR,"5188,59",e6947e13-6584-43ee-b9b0-681b5dc379f0
16-01-2025,11:35,16-01-2025,ISHARES MSCI INDIA UCITS USD (ACC) ETF,IE00BZCQB185,"Verkoop 2 @ 8,8 EUR",,EUR,"17,60",EUR,"66,99",e6947e13-6584-43ee-b9b0-681b5dc379f0
16-01-2025,11:35,16-01-2025,ISHARES MSCI INDIA UCITS USD (ACC) ETF,IE00BZCQB185,"Verkoop 1 @ 8,8 EUR",,EUR,"8,80",EUR,"49,39",e6947e13-6584-43ee-b9b0-681b5dc379f0
16-01-2025,11:33,16-01-2025,ISHARES MSCI INDIA UCITS USD (ACC) ETF,IE00BZCQB185,DEGIRO Transactiekosten en/of kosten van derden,,EUR,"-3,00",EUR,"40,59",e6947e13-6584-43ee-b9b0-681b5dc379f0
16-01-2025,11:33,16-01-2025,ISHARES MSCI INDIA UCITS USD (ACC) ETF,IE00BZCQB185,"Verkoop 3 @ 8,8 EUR",,EUR,"26,40",EUR,"43,59",e6947e13-6584-43ee-b9b0-681b5dc379f0
11-01-2025,06:11,02-01-2025,,,Flatex Interest Income,,GBP,"0,00",GBP,"0,00",
10-01-2025,12:45,09-01-2025,FLATEX USD BANKACCOUNT,NLFLATEXACNT,Degiro Cash Sweep Transfer,,USD,"-0,23",USD,"3,17",
10-01-2025,12:45,09-01-2025,,,"Overboeking naar uw geldrekening bij flatexDEGIRO Bank: 0,23 USD",,,,USD,"3,40",
09-01-2025,13:15,08-01-2025,,,"Overboeking van uw geldrekening bij flatexDEGIRO Bank 0,23 USD",,,,USD,"3,17",
09-01-2025,13:15,08-01-2025,FLATEX USD BANKACCOUNT,NLFLATEXACNT,Degiro Cash Sweep Transfer,,USD,"0,23",USD,"3,40",
09-01-2025,07:50,02-01-2025,,,Flatex Interest Income,,EUR,"0,00",EUR,"17,19",
08-01-2025,12:00,07-01-2025,,,"Overboeking van uw geldrekening bij flatexDEGIRO Bank 0,23 USD",,,,USD,"3,17",
08-01-2025,12:00,07-01-2025,FLATEX USD BANKACCOUNT,NLFLATEXACNT,Degiro Cash Sweep Transfer,,USD,"0,23",USD,"3,40",
08-01-2025,05:30,07-01-2025,FLATEX EURO BANKACCOUNT,NLFLATEXACNT,Degiro Cash Sweep Transfer,,EUR,"0,01",EUR,"17,19",
08-01-2025,05:30,07-01-2025,,,"Overboeking van uw geldrekening bij flatexDEGIRO Bank 0,01 EUR",,,,EUR,"17,18",
07-01-2025,13:45,31-12-2024,,,Rente,,USD,"-0,23",USD,"3,17",
07-01-2025,13:45,31-12-2024,,,Rente,,EUR,"-0,01",EUR,"17,19",
05-01-2025,19:00,02-01-2025,,,Flatex Interest Income,,USD,"0,00",USD,"3,40",
31-12-2024,10:45,30-12-2024,,,"Overboeking naar uw geldrekening bij flatexDEGIRO Bank: 3,4 USD",,,,USD,"3,40",
31-12-2024,10:45,30-12-2024,FLATEX USD BANKACCOUNT,NLFLATEXACNT,Degiro Cash Sweep Transfer,,USD,"-3,40",USD,"0,00",
30-12-2024,07:20,27-12-2024,META PLATFORMS INC CLASS A,US30303M1027,Dividendbelasting,,USD,"-0,60",USD,"3,40",
30-12-2024,07:20,27-12-2024,META PLATFORMS INC CLASS A,US30303M1027,Dividend,,USD,"4,00",USD,"4,00",
23-12-2024,10:45,20-12-2024,,,"Overboeking van uw geldrekening bij flatexDEGIRO Bank 11,68 EUR",,,,EUR,"17,20",
23-12-2024,10:45,20-12-2024,FLATEX EURO BANKACCOUNT,NLFLATEXACNT,Degiro Cash Sweep Transfer,,EUR,"11,68",EUR,"28,88",
20-12-2024,16:45,20-12-2024,HIMS & HERS HEALTH INC CLASS A,US4330001060,Valuta Creditering,"1,0381",USD,"480,55",USD,"0,00",99489d8e-5acd-4622-8afc-de15a2d0febf
20-12-2024,16:45,20-12-2024,HIMS & HERS HEALTH INC CLASS A,US4330001060,Valuta Debitering,,EUR,"-462,91",EUR,"17,20",99489d8e-5acd-4622-8afc-de15a2d0febf
20-12-2024,16:45,20-12-2024,HIMS & HERS HEALTH INC CLASS A,US4330001060,DEGIRO Transactiekosten en/of kosten van derden,,EUR,"-2,00",EUR,"480,11",99489d8e-5acd-4622-8afc-de15a2d0febf
20-12-2024,16:45,20-12-2024,HIMS & HERS HEALTH INC CLASS A,US4330001060,"Koop 18 @ 26,6972 USD",,USD,"-480,55",USD,"-480,55",99489d8e-5acd-4622-8afc-de15a2d0febf
20-12-2024,16:44,20-12-2024,ADR ON NIO INC CLASS A ORD SHS,US62914V1061,Valuta Debitering,"1,0429",USD,"-18,26",USD,"0,00",15cbf75a-17d3-4657-9b4d-49d17c4bf843
20-12-2024,16:44,20-12-2024,ADR ON NIO INC CLASS A ORD SHS,US62914V1061,Valuta Creditering,,EUR,"17,51",EUR,"482,11",15cbf75a-17d3-4657-9b4d-49d17c4bf843
20-12-2024,16:44,20-12-2024,ADR ON NIO INC CLASS A ORD SHS,US62914V1061,Valuta Debitering,"1,0429",USD,"-456,50",USD,"18,26",15cbf75a-17d3-4657-9b4d-49d17c4bf843
20-12-2024,16:44,20-12-2024,ADR ON NIO INC CLASS A ORD SHS,US62914V1061,Valuta Creditering,,EUR,"437,72",EUR,"464,60",15cbf75a-17d3-4657-9b4d-49d17c4bf843
20-12-2024,16:44,20-12-2024,ADR ON NIO INC CLASS A ORD SHS,US62914V1061,DEGIRO Transactiekosten en/of kosten van derden,,EUR,"-2,00",EUR,"26,88",15cbf75a-17d3-4657-9b4d-49d17c4bf843
20-12-2024,16:44,20-12-2024,ADR ON NIO INC CLASS A ORD SHS,US62914V1061,"Verkoop 4 @ 4,565 USD",,USD,"18,26",USD,"474,76",15cbf75a-17d3-4657-9b4d-49d17c4bf843
20-12-2024,16:44,20-12-2024,ADR ON NIO INC CLASS A ORD SHS,US62914V1061,"Verkoop 100 @ 4,565 USD",,USD,"456,50",USD,"456,50",15cbf75a-17d3-4657-9b4d-49d17c4bf843
17-12-2024,17:17,16-12-2024,,,"Overboeking naar uw geldrekening bij flatexDEGIRO Bank: 4,69 EUR",,,,EUR,"28,88",
17-12-2024,17:17,16-12-2024,FLATEX EURO BANKACCOUNT,NLFLATEXACNT,Degiro Cash Sweep Transfer,,EUR,"-4,69",EUR,"24,19",
16-12-2024,14:07,16-12-2024,PALO ALTO NETWORKS INC,US6974351057,"SPLIT AANPASSING: 18 Palo Alto Networks Inc @ 196,56 USD (US6974351057)",,USD,"-3538,08",USD,"0,00",
16-12-2024,14:07,16-12-2024,PALO ALTO NETWORKS INC,US6974351057,"SPLIT AANPASSING: 9 Palo Alto Networks Inc @ 393,12 USD (US6974351057)",,USD,"3538,08",USD,"3538,08",
14-12-2024,07:00,13-12-2024,,,Valuta Creditering,,EUR,"4,69",EUR,"28,88",
14-12-2024,07:00,13-12-2024,,,Valuta Debitering,"1,0527",USD,"-4,94",USD,"0,00",
13-12-2024,07:23,12-12-2024,MICROSOFT CORP,US5949181045,Dividend,,USD,"5,81",USD,"4,94",
13-12-2024,07:23,12-12-2024,MICROSOFT CORP,US5949181045,Dividendbelasting,,USD,"-0,87",USD,"-0,87",
13-12-2024,05:45,12-12-2024,,,"Overboeking van uw geldrekening bij flatexDEGIRO Bank 127,87 EUR",,,,EUR,"24,19",
13-12-2024,05:45,12-12-2024,FLATEX EURO BANKACCOUNT,NLFLATEXACNT,Degiro Cash Sweep Transfer,,EUR,"127,87",EUR,"152,06",
12-12-2024,11:15,11-12-2024,,,"Overboeking van uw geldrekening bij flatexDEGIRO Bank 860,72 EUR",,,,EUR,"24,19",
12-12-2024,11:15,11-12-2024,FLATEX EURO BANKACCOUNT,NLFLATEXACNT,Degiro Cash Sweep Transfer,,EUR,"860,72",EUR,"884,91",
12-12-2024,06:49,11-12-2024,,,Valuta Debitering,,EUR,"-127,87",EUR,"24,19",
12-12-2024,06:49,11-12-2024,,,Valuta Creditering,"1,0469",USD,"133,87",USD,"0,00",
11-12-2024,15:35,11-12-2024,SAMSARA INC (PRE-REINCORPORATION),US79589L1061,Valuta Creditering,"1,0481",USD,"900,00",USD,"-133,87",8eaaffd4-c0aa-420d-8c6e-2f0807e95dcf
11-12-2024,15:35,11-12-2024,SAMSARA INC (PRE-REINCORPORATION),US79589L1061,Valuta Debitering,,EUR,"-858,72",EUR,"152,06",8eaaffd4-c0aa-420d-8c6e-2f0807e95dcf
11-12-2024,15:35,11-12-2024,SAMSARA INC (PRE-REINCORPORATION),US79589L1061,DEGIRO Transactiekosten en/of kosten van derden,,EUR,"-2,00",EUR,"1010,78",8eaaffd4-c0aa-420d-8c6e-2f0807e95dcf
11-12-2024,15:35,11-12-2024,SAMSARA INC (PRE-REINCORPORATION),US79589L1061,Koop 20 @ 45 USD,,USD,"-900,00",USD,"-1033,87",8eaaffd4-c0aa-420d-8c6e-2f0807e95dcf
06-12-2024,19:15,06-12-2024,FLATEX EURO BANKACCOUNT,NLFLATEXACNT,Degiro Cash Sweep Transfer,,EUR,"1,30",EUR,"1012,78",
06-12-2024,19:15,06-12-2024,,,"Overboeking van uw geldrekening bij flatexDEGIRO Bank 1,3 EUR",,,,EUR,"1011,48",
06-12-2024,10:53,30-11-2024,,,Rente,,USD,"-0,13",USD,"-133,87",
06-12-2024,10:53,30-11-2024,,,Rente,,EUR,"-1,30",EUR,"1012,78",
05-12-2024,13:45,04-12-2024,FLATEX EURO BANKACCOUNT,NLFLATEXACNT,Degiro Cash Sweep Transfer,,EUR,"-1014,08",EUR,"1014,08",
05-12-2024,13:45,04-12-2024,,,"Overboeking naar uw geldrekening bij flatexDEGIRO Bank: 1.014,08 EUR",,,,EUR,"2028,16",
04-12-2024,15:36,04-12-2024,ALFEN NV,NL0012817175,DEGIRO Transactiekosten en/of kosten van derden,,EUR,"-3,00",EUR,"1014,08",3d1ba42c-051d-42cd-bc04-4920da5e73ba
04-12-2024,15:36,04-12-2024,ALFEN NV,NL0012817175,"Verkoop 91 @ 11,32 EUR",,EUR,"1030,12",EUR,"1017,08",3d1ba42c-051d-42cd-bc04-4920da5e73ba
28-11-2024,14:45,27-11-2024,FLATEX USD BANKACCOUNT,NLFLATEXACNT,Degiro Cash Sweep Transfer,,USD,"2057,61",USD,"-133,74",
28-11-2024,14:45,27-11-2024,,,"Overboeking van uw geldrekening bij flatexDEGIRO Bank 2.057,61 USD",,,,USD,"-2191,35",
27-11-2024,19:25,27-11-2024,CROWDSTRIKE HOLDINGS INC CLASS A,US22788C1053,DEGIRO Transactiekosten en/of kosten van derden,,EUR,"-2,00",EUR,"-13,04",ca570775-2ea5-4a0d-90a4-522db44db47a
27-11-2024,19:25,27-11-2024,CROWDSTRIKE HOLDINGS INC CLASS A,US22788C1053,"Koop 3 @ 343,8 USD",,USD,"-1031,40",USD,"-133,74",ca570775-2ea5-4a0d-90a4-522db44db47a
27-11-2024,19:25,27-11-2024,PALO ALTO NETWORKS INC,US6974351057,DEGIRO Transactiekosten en/of kosten van derden,,EUR,"-2,00",EUR,"-11,04",c15f98f9-37bd-4db4-b842-d472f9315419
27-11-2024,19:25,27-11-2024,PALO ALTO NETWORKS INC,US6974351057,"Koop 3 @ 386,65 USD",,USD,"-1159,95",USD,"897,66",c15f98f9-37bd-4db4-b842-d472f9315419
19-11-2024,11:45,18-11-2024,FLATEX USD BANKACCOUNT,NLFLATEXACNT,Degiro Cash Sweep Transfer,,USD,"3318,40",USD,"2057,61",
19-11-2024,11:45,18-11-2024,,,"Overboeking van uw geldrekening bij flatexDEGIRO Bank 3.318,4 USD",,,,USD,"-1260,79",
18-11-2024,12:40,18-11-2024,EUR/USD,EURUSD......,DEGIRO Transactiekosten en/of kosten van derden,,EUR,"-10,00",EUR,"-9,04",
18-11-2024,12:40,18-11-2024,EUR/USD,EURUSD......,Valuta Debitering,"1,0564",USD,"-8586,70",USD,"2057,61",
18-11-2024,12:40,18-11-2024,EUR/USD,EURUSD......,Valuta Creditering,,EUR,"8128,00",EUR,"0,96",
18-11-2024,11:30,18-11-2024,ASML HOLDING NV,NL0010273215,DEGIRO Transactiekosten en/of kosten van derden,,EUR,"-3,00",EUR,"-8127,04",888b2c28-879e-4b7e-aa2f-bf96c267d872
18-11-2024,11:30,18-11-2024,ASML HOLDING NV,NL0010273215,Koop 1 @ 620 EUR,,EUR,"-620,00",EUR,"-8124,04",888b2c28-879e-4b7e-aa2f-bf96c267d872
18-11-2024,11:30,18-11-2024,ASML HOLDING NV,NL0010273215,Koop 1 @ 620 EUR,,EUR,"-620,00",EUR,"-7504,04",888b2c28-879e-4b7e-aa2f-bf96c267d872
18-11-2024,10:57,18-11-2024,ASM INTERNATIONAL NV,NL0000334118,DEGIRO Transactiekosten en/of kosten van derden,,EUR,"-3,00",EUR,"-6884,04",eb3898cb-8c90-41aa-9a8d-6691ea7f22b3
18-11-2024,10:57,18-11-2024,ASM INTERNATIONAL NV,NL0000334118,Koop 1 @ 494 EUR,,EUR,"-494,00",EUR,"-6881,04",eb3898cb-8c90-41aa-9a8d-6691ea7f22b3
18-11-2024,10:57,18-11-2024,ASM INTERNATIONAL NV,NL0000334118,Koop 2 @ 494 EUR,,EUR,"-988,00",EUR,"-6387,04",eb3898cb-8c90-41aa-9a8d-6691ea7f22b3
18-11-2024,10:49,18-11-2024,EUR/USD,EURUSD......,DEGIRO Transactiekosten en/of kosten van derden,,EUR,"-10,00",EUR,"-5399,04",
18-11-2024,10:49,18-11-2024,EUR/USD,EURUSD......,Valuta Creditering,"1,0537",USD,"5268,30",USD,"10644,31",
18-11-2024,10:49,18-11-2024,EUR/USD,EURUSD......,Valuta Debitering,,EUR,"-5000,00",EUR,"-5389,04",
15-11-2024,14:16,14-11-2024,,,"Overboeking naar uw geldrekening bij flatexDEGIRO Bank: 1.868,4 USD",,,,USD,"5376,01",
15-11-2024,14:16,14-11-2024,FLATEX USD BANKACCOUNT,NLFLATEXACNT,Degiro Cash Sweep Transfer,,USD,"-1868,40",USD,"3507,61",
14-11-2024,15:38,14-11-2024,TRADE DESK INC CLASS A,US88339J1051,DEGIRO Transactiekosten en/of kosten van derden,,EUR,"-2,00",EUR,"-389,04",1bf0f070-d69d-476f-9952-a96e9699ee6a
14-11-2024,15:38,14-11-2024,TRADE DESK INC CLASS A,US88339J1051,"Verkoop 15 @ 124,56 USD",,USD,"1868,40",USD,"5376,01",1bf0f070-d69d-476f-9952-a96e9699ee6a
08-11-2024,10:59,31-10-2024,,,Rente,,EUR,"-2,33",EUR,"-387,04",
08-11-2024,08:15,07-11-2024,ASML HOLDING NV,NL0010273215,Dividendbelasting,,EUR,"-1,37",EUR,"-384,71",
08-11-2024,08:15,07-11-2024,ASML HOLDING NV,NL0010273215,Dividend,,EUR,"9,12",EUR,"-383,34",
11-10-2024,09:15,10-10-2024,FLATEX USD BANKACCOUNT,NLFLATEXACNT,Degiro Cash Sweep Transfer,,USD,"-3246,00",USD,"3507,61",
11-10-2024,09:15,10-10-2024,,,Overboeking naar uw geldrekening bij flatexDEGIRO Bank: 3.246 USD,,,,USD,"6753,61",
10-10-2024,19:42,10-10-2024,ALPHABET INC CLASS A,US02079K3059,DEGIRO Transactiekosten en/of kosten van derden,,EUR,"-2,00",EUR,"-392,46",8c14c37b-32aa-43e2-8cc7-9007fc73e95a
10-10-2024,19:42,10-10-2024,ALPHABET INC CLASS A,US02079K3059,"Verkoop 20 @ 162,3 USD",,USD,"3246,00",USD,"3507,61",8c14c37b-32aa-43e2-8cc7-9007fc73e95a
06-10-2024,23:31,30-09-2024,,,Flatex Interest Income,,GBP,"0,00",GBP,"0,00",
06-10-2024,20:11,30-09-2024,,,Flatex Interest Income,,EUR,"0,00",EUR,"-390,46",
06-10-2024,14:30,30-09-2024,,,Flatex Interest Income,,USD,"0,00",USD,"261,61",
04-10-2024,18:44,30-09-2024,,,Rente,,EUR,"-2,16",EUR,"-390,46",
30-09-2024,13:30,27-09-2024,FLATEX USD BANKACCOUNT,NLFLATEXACNT,Degiro Cash Sweep Transfer,,USD,"-3,40",USD,"261,61",
30-09-2024,13:30,27-09-2024,,,"Overboeking naar uw geldrekening bij flatexDEGIRO Bank: 3,4 USD",,,,USD,"265,01",
27-09-2024,06:15,26-09-2024,META PLATFORMS INC CLASS A,US30303M1027,Dividendbelasting,,USD,"-0,60",USD,"261,61",
27-09-2024,06:15,26-09-2024,META PLATFORMS INC CLASS A,US30303M1027,Dividend,,USD,"4,00",USD,"262,21",
18-09-2024,10:45,17-09-2024,,,"Overboeking naar uw geldrekening bij flatexDEGIRO Bank: 3,4 USD",,,,USD,"258,21",
18-09-2024,10:45,17-09-2024,FLATEX USD BANKACCOUNT,NLFLATEXACNT,Degiro Cash Sweep Transfer,,USD,"-3,40",USD,"254,81",
17-09-2024,07:13,16-09-2024,ALPHABET INC CLASS A,US02079K3059,Dividendbelasting,,USD,"-0,60",USD,"258,21",
17-09-2024,07:13,16-09-2024,ALPHABET INC CLASS A,US02079K3059,Dividend,,USD,"4,00",USD,"258,81",
16-09-2024,11:15,13-09-2024,,,"Overboeking naar uw geldrekening bij flatexDEGIRO Bank: 4,46 USD",,,,USD,"254,81",
16-09-2024,11:15,13-09-2024,FLATEX USD BANKACCOUNT,NLFLATEXACNT,Degiro Cash Sweep Transfer,,USD,"-4,46",USD,"250,35",
13-09-2024,07:21,12-09-2024,MICROSOFT CORP,US5949181045,Dividend,,USD,"5,25",USD,"254,81",
13-09-2024,07:21,12-09-2024,MICROSOFT CORP,US5949181045,Dividendbelasting,,USD,"-0,79",USD,"249,56",
05-09-2024,10:45,04-09-2024,,,"Overboeking van uw geldrekening bij flatexDEGIRO Bank 3,25 USD",,,,USD,"250,35",
05-09-2024,10:45,04-09-2024,FLATEX USD BANKACCOUNT,NLFLATEXACNT,Degiro Cash Sweep Transfer,,USD,"3,25",USD,"253,60",
04-09-2024,15:45,31-08-2024,,,Rente,,USD,"-3,25",USD,"250,35",
04-09-2024,15:45,31-08-2024,,,Rente,,EUR,"-0,40",EUR,"-388,30",
29-08-2024,16:30,29-08-2024,,,Overboeking van uw geldrekening bij flatexDEGIRO Bank 1.000 EUR,,,,EUR,"-387,90",
29-08-2024,16:30,29-08-2024,FLATEX EURO BANKACCOUNT,NLFLATEXACNT,Degiro Cash Sweep Transfer,,EUR,"1000,00",EUR,"612,10",
29-08-2024,09:30,28-08-2024,,,"Overboeking naar uw geldrekening bij flatexDEGIRO Bank: 253,6 USD",,,,USD,"253,60",
29-08-2024,09:30,28-08-2024,FLATEX USD BANKACCOUNT,NLFLATEXACNT,Degiro Cash Sweep Transfer,,USD,"-253,60",USD,"0,00",
29-08-2024,09:30,28-08-2024,,,"Overboeking van uw geldrekening bij flatexDEGIRO Bank 18,86 EUR",,,,EUR,"-387,90",
29-08-2024,09:30,28-08-2024,FLATEX EURO BANKACCOUNT,NLFLATEXACNT,Degiro Cash Sweep Transfer,,EUR,"18,86",EUR,"-369,04",
29-08-2024,05:10,28-08-2024,,,iDEAL Deposit,,EUR,"1000,00",EUR,"-387,90",
29-08-2024,05:10,28-08-2024,,,Reservation iDEAL,,EUR,"-1000,00",EUR,"-1387,90",
28-08-2024,15:39,28-08-2024,TRADE DESK INC CLASS A,US88339J1051,Valuta Creditering,"1,1094",USD,"1556,25",USD,"253,60",2add8c6b-a943-43d2-aae2-9b2882772328
28-08-2024,15:39,28-08-2024,TRADE DESK INC CLASS A,US88339J1051,Valuta Debitering,,EUR,"-1402,76",EUR,"-387,90",2add8c6b-a943-43d2-aae2-9b2882772328
28-08-2024,15:39,28-08-2024,TRADE DESK INC CLASS A,US88339J1051,DEGIRO Transactiekosten en/of kosten van derden,,EUR,"-2,00",EUR,"1014,86",2add8c6b-a943-43d2-aae2-9b2882772328
28-08-2024,15:39,28-08-2024,TRADE DESK INC CLASS A,US88339J1051,"Koop 15 @ 103,75 USD",,USD,"-1556,25",USD,"-1302,65",2add8c6b-a943-43d2-aae2-9b2882772328
28-08-2024,15:36,28-08-2024,TRADE DESK INC CLASS A,US88339J1051,DEGIRO Transactiekosten en/of kosten van derden,,EUR,"-2,00",EUR,"1016,86",04bb5e2a-43aa-44f2-9c61-f07d7b85520f
28-08-2024,15:36,28-08-2024,TRADE DESK INC CLASS A,US88339J1051,"Verkoop 15 @ 103,84 USD",,USD,"1557,60",USD,"253,60",04bb5e2a-43aa-44f2-9c61-f07d7b85520f
28-08-2024,10:45,28-08-2024,,,Reservation iDEAL,,EUR,"1000,00",EUR,"1018,86",
19-08-2024,11:54,16-08-2024,INVITAE CORP,US46185L1035,DELISTING: Verkoop 540 @ 0 USD,,USD,"0,00",USD,"-1304,00",
16-08-2024,11:45,15-08-2024,,,Overboeking van uw geldrekening bij flatexDEGIRO Bank 4 EUR,,,,EUR,"18,86",
16-08-2024,11:45,15-08-2024,FLATEX EURO BANKACCOUNT,NLFLATEXACNT,Degiro Cash Sweep Transfer,,EUR,"4,00",EUR,"22,86",
15-08-2024,22:45,15-08-2024,,,"Overboeking naar uw geldrekening bij flatexDEGIRO Bank: 22,86 EUR",,,,EUR,"18,86",
15-08-2024,22:45,15-08-2024,FLATEX EURO BANKACCOUNT,NLFLATEXACNT,Degiro Cash Sweep Transfer,,EUR,"-22,86",EUR,"-4,00",
15-08-2024,17:14,15-08-2024,HIMS & HERS HEALTH INC CLASS A,US4330001060,DEGIRO Transactiekosten en/of kosten van derden,,EUR,"-2,00",EUR,"18,86",329bb01b-b672-4b65-9aff-2638de761bc5
15-08-2024,17:14,15-08-2024,HIMS & HERS HEALTH INC CLASS A,US4330001060,"Koop 40 @ 15,87 USD",,USD,"-634,80",USD,"-1304,00",329bb01b-b672-4b65-9aff-2638de761bc5
15-08-2024,17:13,15-08-2024,DRAFTKINGS INC CLASS A,US26142V1052,DEGIRO Transactiekosten en/of kosten van derden,,EUR,"-2,00",EUR,"20,86",1a40f2e7-49f3-4075-b9e6-fb22ada04054
15-08-2024,17:13,15-08-2024,DRAFTKINGS INC CLASS A,US26142V1052,"Koop 20 @ 33,46 USD",,USD,"-669,20",USD,"-669,20",1a40f2e7-49f3-4075-b9e6-fb22ada04054
15-08-2024,07:34,14-08-2024,AMG CRITICAL MATERIALS NV,NL0000888691,Dividendbelasting,,EUR,"-4,20",EUR,"22,86",
15-08-2024,07:34,14-08-2024,AMG CRITICAL MATERIALS NV,NL0000888691,Dividend,,EUR,"28,00",EUR,"27,06",
09-08-2024,17:00,09-08-2024,FLATEX EURO BANKACCOUNT,NLFLATEXACNT,Degiro Cash Sweep Transfer,,EUR,"1000,00",EUR,"-0,94",
09-08-2024,17:00,09-08-2024,,,Overboeking van uw geldrekening bij flatexDEGIRO Bank 1.000 EUR,,,,EUR,"-1000,94",
09-08-2024,05:11,08-08-2024,,,iDEAL Deposit,,EUR,"1000,00",EUR,"-0,94",
09-08-2024,05:11,08-08-2024,,,Reservation iDEAL,,EUR,"-1000,00",EUR,"-1000,94",
08-08-2024,12:30,07-08-2024,,,Overboeking van uw geldrekening bij flatexDEGIRO Bank 4.200 EUR,,,,EUR,"-0,94",
08-08-2024,12:30,07-08-2024,FLATEX EURO BANKACCOUNT,NLFLATEXACNT,Degiro Cash Sweep Transfer,,EUR,"4200,00",EUR,"4199,06",
08-08-2024,08:01,07-08-2024,ASML HOLDING NV,NL0010273215,Dividend,,EUR,"6,08",EUR,"-0,94",
08-08-2024,08:01,07-08-2024,ASML HOLDING NV,NL0010273215,Dividendbelasting,,EUR,"-0,91",EUR,"-7,02",
07-08-2024,18:31,06-08-2024,,,"Overboeking van uw geldrekening bij flatexDEGIRO Bank 11,5 USD",,,,USD,"0,00",
07-08-2024,18:31,06-08-2024,FLATEX USD BANKACCOUNT,NLFLATEXACNT,Degiro Cash Sweep Transfer,,USD,"11,50",USD,"11,50",
07-08-2024,18:30,06-08-2024,,,Overboeking van uw geldrekening bij flatexDEGIRO Bank 1.800 EUR,,,,EUR,"-6,11",
07-08-2024,18:30,06-08-2024,FLATEX EURO BANKACCOUNT,NLFLATEXACNT,Degiro Cash Sweep Transfer,,EUR,"1800,00",EUR,"1793,89",
07-08-2024,16:58,07-08-2024,,,Reservation iDEAL,,EUR,"1000,00",EUR,"-6,11",
07-08-2024,15:34,07-08-2024,CROWDSTRIKE HOLDINGS INC CLASS A,US22788C1053,Valuta Creditering,"1,0899",USD,"1202,75",USD,"0,00",9237fbae-3854-464b-8390-36ae2473e846
07-08-2024,15:34,07-08-2024,CROWDSTRIKE HOLDINGS INC CLASS A,US22788C1053,Valuta Debitering,,EUR,"-1103,57",EUR,"-1006,11",9237fbae-3854-464b-8390-36ae2473e846
07-08-2024,15:34,07-08-2024,CROWDSTRIKE HOLDINGS INC CLASS A,US22788C1053,DEGIRO Transactiekosten en/of kosten van derden,,EUR,"-2,00",EUR,"97,46",9237fbae-3854-464b-8390-36ae2473e846
07-08-2024,15:34,07-08-2024,CROWDSTRIKE HOLDINGS INC CLASS A,US22788C1053,"Koop 5 @ 240,55 USD",,USD,"-1202,75",USD,"-1202,75",9237fbae-3854-464b-8390-36ae2473e846
07-08-2024,11:42,06-08-2024,,,iDEAL Deposit,,EUR,"1000,00",EUR,"99,46",
07-08-2024,11:42,06-08-2024,,,Reservation iDEAL,,EUR,"-1000,00",EUR,"-900,54",
07-08-2024,11:41,06-08-2024,,,iDEAL Deposit,,EUR,"1000,00",EUR,"99,46",
07-08-2024,11:41,06-08-2024,,,Reservation iDEAL,,EUR,"-1000,00",EUR,"-900,54",
07-08-2024,10:50,06-08-2024,,,iDEAL Deposit,,EUR,"1000,00",EUR,"99,46",
07-08-2024,10:50,06-08-2024,,,Reservation iDEAL,,EUR,"-1000,00",EUR,"-900,54",
07-08-2024,10:41,06-08-2024,,,iDEAL Deposit,,EUR,"1000,00",EUR,"99,46",
07-08-2024,10:41,06-08-2024,,,Reservation iDEAL,,EUR,"-1000,00",EUR,"-900,54",
07-08-2024,10:41,06-08-2024,,,iDEAL Deposit,,EUR,"1000,00",EUR,"99,46",
07-08-2024,10:41,06-08-2024,,,Reservation iDEAL,,EUR,"-1000,00",EUR,"-900,54",
07-08-2024,10:30,06-08-2024,,,iDEAL Deposit,,EUR,"1000,00",EUR,"99,46",
07-08-2024,10:30,06-08-2024,,,Reservation iDEAL,,EUR,"-1000,00",EUR,"-900,54",
07-08-2024,05:15,06-08-2024,,,Overboeking van uw geldrekening bij flatexDEGIRO Bank 1.800 EUR,,,,EUR,"99,46",
07-08-2024,05:15,06-08-2024,FLATEX EURO BANKACCOUNT,NLFLATEXACNT,Degiro Cash Sweep Transfer,,EUR,"1800,00",EUR,"1899,46",
06-08-2024,10:34,06-08-2024,,,Reservation iDEAL,,EUR,"1000,00",EUR,"99,46",
06-08-2024,10:02,06-08-2024,ASML HOLDING NV,NL0010273215,DEGIRO Transactiekosten en/of kosten van derden,,EUR,"-3,00",EUR,"-900,54",0ae053ca-7fac-436d-a99a-ade04a9ab2c3
06-08-2024,10:02,06-08-2024,ASML HOLDING NV,NL0010273215,Koop 1 @ 767 EUR,,EUR,"-767,00",EUR,"-897,54",0ae053ca-7fac-436d-a99a-ade04a9ab2c3
06-08-2024,06:44,05-08-2024,,,Valuta Creditering,,EUR,"10,47",EUR,"-130,54",
06-08-2024,06:44,05-08-2024,,,Valuta Debitering,"1,0979",USD,"-11,50",USD,"0,00",
05-08-2024,17:29,05-08-2024,HIMS & HERS HEALTH INC CLASS A,US4330001060,Valuta Creditering,"1,0942",USD,"708,89",USD,"11,50",9721a869-d849-4fbb-900b-63139d9a2854
05-08-2024,17:29,05-08-2024,HIMS & HERS HEALTH INC CLASS A,US4330001060,Valuta Debitering,,EUR,"-647,89",EUR,"-141,01",9721a869-d849-4fbb-900b-63139d9a2854
05-08-2024,17:29,05-08-2024,HIMS & HERS HEALTH INC CLASS A,US4330001060,Valuta Creditering,"1,0942",USD,"501,41",USD,"-697,39",9721a869-d849-4fbb-900b-63139d9a2854
05-08-2024,17:29,05-08-2024,HIMS & HERS HEALTH INC CLASS A,US4330001060,Valuta Debitering,,EUR,"-458,26",EUR,"506,88",9721a869-d849-4fbb-900b-63139d9a2854
05-08-2024,17:29,05-08-2024,HIMS & HERS HEALTH INC CLASS A,US4330001060,DEGIRO Transactiekosten en/of kosten van derden,,EUR,"-2,00",EUR,"965,14",9721a869-d849-4fbb-900b-63139d9a2854
05-08-2024,17:29,05-08-2024,HIMS & HERS HEALTH INC CLASS A,US4330001060,"Koop 41 @ 17,29 USD",,USD,"-708,89",USD,"-1198,80",9721a869-d849-4fbb-900b-63139d9a2854
05-08-2024,17:29,05-08-2024,HIMS & HERS HEALTH INC CLASS A,US4330001060,"Koop 29 @ 17,29 USD",,USD,"-501,41",USD,"-489,91",9721a869-d849-4fbb-900b-63139d9a2854
05-08-2024,17:23,05-08-2024,ISHARES MSCI INDIA UCITS USD (ACC) ETF,IE00BZCQB185,DEGIRO Transactiekosten en/of kosten van derden,,EUR,"-3,00",EUR,"967,14",5f6b88b0-0a06-4fdd-8e8c-60a565f01693
05-08-2024,17:23,05-08-2024,ISHARES MSCI INDIA UCITS USD (ACC) ETF,IE00BZCQB185,"Koop 200 @ 8,95 EUR",,EUR,"-1790,00",EUR,"970,14",5f6b88b0-0a06-4fdd-8e8c-60a565f01693
05-08-2024,17:21,05-08-2024,CROWDSTRIKE HOLDINGS INC CLASS A,US22788C1053,Valuta Creditering,"1,0940",USD,"1322,70",USD,"11,50",86cff33e-65c4-4f44-a4f7-5a21a94d6324
05-08-2024,17:21,05-08-2024,CROWDSTRIKE HOLDINGS INC CLASS A,US22788C1053,Valuta Debitering,,EUR,"-1209,10",EUR,"2760,14",86cff33e-65c4-4f44-a4f7-5a21a94d6324
05-08-2024,17:21,05-08-2024,CROWDSTRIKE HOLDINGS INC CLASS A,US22788C1053,DEGIRO Transactiekosten en/of kosten van derden,,EUR,"-2,00",EUR,"3969,24",86cff33e-65c4-4f44-a4f7-5a21a94d6324
05-08-2024,17:21,05-08-2024,CROWDSTRIKE HOLDINGS INC CLASS A,US22788C1053,"Koop 6 @ 220,45 USD",,USD,"-1322,70",USD,"-1311,20",86cff33e-65c4-4f44-a4f7-5a21a94d6324
05-08-2024,17:21,05-08-2024,ASM INTERNATIONAL NV,NL0000334118,DEGIRO Transactiekosten en/of kosten van derden,,EUR,"-3,00",EUR,"3971,24",0e5885d0-7e26-4eca-839c-d00a2f0c929e
05-08-2024,17:21,05-08-2024,ASM INTERNATIONAL NV,NL0000334118,Koop 1 @ 546 EUR,,EUR,"-546,00",EUR,"3974,24",0e5885d0-7e26-4eca-839c-d00a2f0c929e
05-08-2024,17:21,05-08-2024,ASM INTERNATIONAL NV,NL0000334118,Koop 1 @ 546 EUR,,EUR,"-546,00",EUR,"4520,24",0e5885d0-7e26-4eca-839c-d00a2f0c929e
05-08-2024,17:07,05-08-2024,,,Reservation iDEAL,,EUR,"1000,00",EUR,"5066,24",
05-08-2024,17:06,05-08-2024,,,Reservation iDEAL,,EUR,"1000,00",EUR,"4066,24",
05-08-2024,17:06,05-08-2024,,,Reservation iDEAL,,EUR,"1000,00",EUR,"3066,24",
05-08-2024,17:05,05-08-2024,,,Reservation iDEAL,,EUR,"1000,00",EUR,"2066,24",
05-08-2024,17:05,05-08-2024,,,Reservation iDEAL,,EUR,"1000,00",EUR,"1066,24",
02-08-2024,12:21,01-08-2024,,,iDEAL Deposit,,EUR,"1000,00",EUR,"66,24",
02-08-2024,12:21,01-08-2024,,,Reservation iDEAL,,EUR,"-1000,00",EUR,"-933,76",
02-08-2024,12:20,01-08-2024,,,iDEAL Deposit,,EUR,"800,00",EUR,"66,24",
02-08-2024,12:20,01-08-2024,,,Reservation iDEAL,,EUR,"-800,00",EUR,"-733,76",
01-08-2024,11:45,31-07-2024,,,"Overboeking van uw geldrekening bij flatexDEGIRO Bank 327,34 EUR",,,,EUR,"66,24",
01-08-2024,11:45,31-07-2024,FLATEX EURO BANKACCOUNT,NLFLATEXACNT,Degiro Cash Sweep Transfer,,EUR,"327,34",EUR,"393,58",
01-08-2024,11:45,31-07-2024,FLATEX USD BANKACCOUNT,NLFLATEXACNT,Degiro Cash Sweep Transfer,,USD,"1350,00",USD,"11,50",
01-08-2024,11:45,31-07-2024,,,Overboeking van uw geldrekening bij flatexDEGIRO Bank 1.350 USD,,,,USD,"-1338,50",
31-07-2024,16:35,31-07-2024,TRADE DESK INC CLASS A,US88339J1051,Koop 8 @ 90 USD,,USD,"-720,00",USD,"11,50",b56fb8a2-1a4a-459d-8495-a36b8b35a541
31-07-2024,16:35,31-07-2024,TRADE DESK INC CLASS A,US88339J1051,DEGIRO Transactiekosten en/of kosten van derden,,EUR,"-2,00",EUR,"66,24",b56fb8a2-1a4a-459d-8495-a36b8b35a541
31-07-2024,16:35,31-07-2024,TRADE DESK INC CLASS A,US88339J1051,Koop 7 @ 90 USD,,USD,"-630,00",USD,"731,50",b56fb8a2-1a4a-459d-8495-a36b8b35a541
31-07-2024,16:26,31-07-2024,,,Reservation iDEAL,,EUR,"800,00",EUR,"68,24",
31-07-2024,16:25,31-07-2024,ASML HOLDING NV,NL0010273215,DEGIRO Transactiekosten en/of kosten van derden,,EUR,"-3,00",EUR,"-731,76",21fbc5be-a052-4d2a-ab1b-2129411c7508
31-07-2024,16:25,31-07-2024,ASML HOLDING NV,NL0010273215,"Koop 1 @ 849,1 EUR",,EUR,"-849,10",EUR,"-728,76",21fbc5be-a052-4d2a-ab1b-2129411c7508
31-07-2024,15:09,31-07-2024,,,Reservation iDEAL,,EUR,"1000,00",EUR,"120,34",
31-07-2024,15:08,31-07-2024,BE SEMICONDUCTOR INDUSTRIES NV,NL0012866412,DEGIRO Transactiekosten en/of kosten van derden,,EUR,"-3,00",EUR,"-879,66",e60b6335-7d37-4d70-9a8e-5735a2219327
31-07-2024,15:08,31-07-2024,BE SEMICONDUCTOR INDUSTRIES NV,NL0012866412,"Koop 10 @ 120,4 EUR",,EUR,"-1204,00",EUR,"-876,66",e60b6335-7d37-4d70-9a8e-5735a2219327
25-07-2024,09:30,24-07-2024,,,"Overboeking naar uw geldrekening bij flatexDEGIRO Bank: 1.350,24 USD",,,,USD,"1361,50",
25-07-2024,09:30,24-07-2024,FLATEX USD BANKACCOUNT,NLFLATEXACNT,Degiro Cash Sweep Transfer,,USD,"-1350,24",USD,"11,26",
25-07-2024,09:30,24-07-2024,,,Overboeking van uw geldrekening bij flatexDEGIRO Bank 2 EUR,,,,EUR,"327,34",
25-07-2024,09:30,24-07-2024,FLATEX EURO BANKACCOUNT,NLFLATEXACNT,Degiro Cash Sweep Transfer,,EUR,"2,00",EUR,"329,34",
24-07-2024,15:30,24-07-2024,TESLA INC,US88160R1014,DEGIRO Transactiekosten en/of kosten van derden,,EUR,"-2,00",EUR,"327,34",822973bd-a4f0-48af-bf4e-009f6c6dbad2
24-07-2024,15:30,24-07-2024,TESLA INC,US88160R1014,"Verkoop 6 @ 225,04 USD",,USD,"1350,24",USD,"1361,50",822973bd-a4f0-48af-bf4e-009f6c6dbad2
08-07-2024,04:30,30-06-2024,,,Flatex Interest Income,,GBP,"0,00",GBP,"0,00",
07-07-2024,13:10,30-06-2024,,,Flatex Interest Income,,EUR,"0,00",EUR,"329,34",
06-07-2024,19:30,30-06-2024,,,Flatex Interest Income,,USD,"0,00",USD,"11,26",
28-06-2024,10:30,27-06-2024,,,"Overboeking naar uw geldrekening bij flatexDEGIRO Bank: 3,4 USD",,,,USD,"11,26",
28-06-2024,10:30,27-06-2024,FLATEX USD BANKACCOUNT,NLFLATEXACNT,Degiro Cash Sweep Transfer,,USD,"-3,40",USD,"7,86",
27-06-2024,18:15,27-06-2024,,,Overboeking van uw geldrekening bij flatexDEGIRO Bank 507 EUR,,,,EUR,"329,34",
27-06-2024,18:15,27-06-2024,FLATEX EURO BANKACCOUNT,NLFLATEXACNT,Degiro Cash Sweep Transfer,,EUR,"507,00",EUR,"836,34",
27-06-2024,11:55,27-06-2024,ALFEN NV,NL0012817175,DEGIRO Transactiekosten en/of kosten van derden,,EUR,"-3,00",EUR,"329,34",013831a4-e3aa-4a5d-b47b-16ddf8a1e171
27-06-2024,11:55,27-06-2024,ALFEN NV,NL0012817175,"Koop 30 @ 16,8 EUR",,EUR,"-504,00",EUR,"332,34",013831a4-e3aa-4a5d-b47b-16ddf8a1e171
27-06-2024,09:45,26-06-2024,,,"Overboeking van uw geldrekening bij flatexDEGIRO Bank 552,5 EUR",,,,EUR,"836,34",
27-06-2024,09:45,26-06-2024,FLATEX EURO BANKACCOUNT,NLFLATEXACNT,Degiro Cash Sweep Transfer,,EUR,"552,50",EUR,"1388,84",
27-06-2024,07:26,26-06-2024,META PLATFORMS INC CLASS A,US30303M1027,Dividendbelasting,,USD,"-0,60",USD,"11,26",
27-06-2024,07:26,26-06-2024,META PLATFORMS INC CLASS A,US30303M1027,Dividend,,USD,"4,00",USD,"11,86",
26-06-2024,16:17,26-06-2024,AMG CRITICAL MATERIALS NV,NL0000888691,DEGIRO Transactiekosten en/of kosten van derden,,EUR,"-3,00",EUR,"836,34",8318b6c0-8fa4-4df2-b19d-7990ea261345
26-06-2024,16:17,26-06-2024,AMG CRITICAL MATERIALS NV,NL0000888691,"Koop 17 @ 15,7 EUR",,EUR,"-266,90",EUR,"839,34",8318b6c0-8fa4-4df2-b19d-7990ea261345
26-06-2024,16:17,26-06-2024,AMG CRITICAL MATERIALS NV,NL0000888691,"Koop 18 @ 15,7 EUR",,EUR,"-282,60",EUR,"1106,24",8318b6c0-8fa4-4df2-b19d-7990ea261345
19-06-2024,10:15,18-06-2024,,,"Overboeking naar uw geldrekening bij flatexDEGIRO Bank: 3,4 USD",,,,USD,"7,86",
19-06-2024,10:15,18-06-2024,FLATEX USD BANKACCOUNT,NLFLATEXACNT,Degiro Cash Sweep Transfer,,USD,"-3,40",USD,"4,46",
18-06-2024,06:58,17-06-2024,ALPHABET INC CLASS A,US02079K3059,Dividendbelasting,,USD,"-0,60",USD,"7,86",
18-06-2024,06:58,17-06-2024,ALPHABET INC CLASS A,US02079K3059,Dividend,,USD,"4,00",USD,"8,46",
17-06-2024,12:00,14-06-2024,,,"Overboeking naar uw geldrekening bij flatexDEGIRO Bank: 4,46 USD",,,,USD,"4,46",
17-06-2024,12:00,14-06-2024,FLATEX USD BANKACCOUNT,NLFLATEXACNT,Degiro Cash Sweep Transfer,,USD,"-4,46",USD,"0,00",
14-06-2024,07:27,13-06-2024,MICROSOFT CORP,US5949181045,Dividend,,USD,"5,25",USD,"4,46",
14-06-2024,07:27,13-06-2024,MICROSOFT CORP,US5949181045,Dividendbelasting,,USD,"-0,79",USD,"-0,79",
07-06-2024,16:30,07-06-2024,,,"Overboeking van uw geldrekening bij flatexDEGIRO Bank 943,5 EUR",,,,EUR,"1388,84",
07-06-2024,16:30,07-06-2024,FLATEX EURO BANKACCOUNT,NLFLATEXACNT,Degiro Cash Sweep Transfer,,EUR,"943,50",EUR,"2332,34",
07-06-2024,13:25,07-06-2024,AMG CRITICAL MATERIALS NV,NL0000888691,DEGIRO Transactiekosten en/of kosten van derden,,EUR,"-3,00",EUR,"1388,84",f5f998bd-c742-4bb2-9a0c-3f271229423b
07-06-2024,13:25,07-06-2024,AMG CRITICAL MATERIALS NV,NL0000888691,"Koop 50 @ 18,81 EUR",,EUR,"-940,50",EUR,"1391,84",f5f998bd-c742-4bb2-9a0c-3f271229423b
28-05-2024,19:16,28-05-2024,,,"Overboeking naar uw geldrekening bij flatexDEGIRO Bank: 785,9 EUR",,,,EUR,"2332,34",
28-05-2024,19:16,28-05-2024,FLATEX EURO BANKACCOUNT,NLFLATEXACNT,Degiro Cash Sweep Transfer,,EUR,"-785,90",EUR,"1546,44",
28-05-2024,12:49,28-05-2024,VIVORYON THERAPEUTICS NV,NL00150002Q7,DEGIRO Transactiekosten en/of kosten van derden,,EUR,"-3,00",EUR,"2332,34",f9c2b7ff-c5b5-42d2-9a0e-aab5aef74eb2
28-05-2024,12:49,28-05-2024,VIVORYON THERAPEUTICS NV,NL00150002Q7,"Verkoop 39 @ 3,43 EUR",,EUR,"133,77",EUR,"2335,34",f9c2b7ff-c5b5-42d2-9a0e-aab5aef74eb2
28-05-2024,12:49,28-05-2024,VIVORYON THERAPEUTICS NV,NL00150002Q7,"Verkoop 191 @ 3,43 EUR",,EUR,"655,13",EUR,"2201,57",f9c2b7ff-c5b5-42d2-9a0e-aab5aef74eb2
27-05-2024,11:15,24-05-2024,,,"Overboeking naar uw geldrekening bij flatexDEGIRO Bank: 9,75 EUR",,,,EUR,"1546,44",
27-05-2024,11:15,24-05-2024,FLATEX EURO BANKACCOUNT,NLFLATEXACNT,Degiro Cash Sweep Transfer,,EUR,"-9,75",EUR,"1536,69",
24-05-2024,15:45,24-05-2024,MEITUAN,KYG596691041,DEGIRO Transactiekosten en/of kosten van derden,,EUR,"-3,90",EUR,"1546,44",d6db3682-fb4b-45ad-8d79-99287a91c438
24-05-2024,15:45,24-05-2024,MEITUAN,KYG596691041,"Verkoop 1 @ 13,652 EUR",,EUR,"13,65",EUR,"1550,34",d6db3682-fb4b-45ad-8d79-99287a91c438
23-05-2024,17:46,23-05-2024,,,"Overboeking naar uw geldrekening bij flatexDEGIRO Bank: 11,69 EUR",,,,EUR,"1536,69",
23-05-2024,17:46,23-05-2024,FLATEX EURO BANKACCOUNT,NLFLATEXACNT,Degiro Cash Sweep Transfer,,EUR,"-11,69",EUR,"1525,00",
23-05-2024,07:34,22-05-2024,ASM INTERNATIONAL NV,NL0000334118,Dividendbelasting,,EUR,"-2,06",EUR,"1536,69",
23-05-2024,07:34,22-05-2024,ASM INTERNATIONAL NV,NL0000334118,Dividend,,EUR,"13,75",EUR,"1538,75",
21-05-2024,16:30,21-05-2024,,,Overboeking van uw geldrekening bij flatexDEGIRO Bank 1.053 EUR,,,,EUR,"1525,00",
21-05-2024,16:30,21-05-2024,FLATEX EURO BANKACCOUNT,NLFLATEXACNT,Degiro Cash Sweep Transfer,,EUR,"1053,00",EUR,"2578,00",
21-05-2024,10:37,21-05-2024,ALFEN NV,NL0012817175,DEGIRO Transactiekosten en/of kosten van derden,,EUR,"-3,00",EUR,"1525,00",3ad8bbc2-3751-4fa3-a4ad-f39123d23664
21-05-2024,10:37,21-05-2024,ALFEN NV,NL0012817175,Koop 30 @ 35 EUR,,EUR,"-1050,00",EUR,"1528,00",3ad8bbc2-3751-4fa3-a4ad-f39123d23664
16-05-2024,17:00,16-05-2024,,,"Overboeking naar uw geldrekening bij flatexDEGIRO Bank: 9,35 EUR",,,,EUR,"2578,00",
16-05-2024,17:00,16-05-2024,FLATEX EURO BANKACCOUNT,NLFLATEXACNT,Degiro Cash Sweep Transfer,,EUR,"-9,35",EUR,"2568,65",
16-05-2024,06:53,15-05-2024,AMG CRITICAL MATERIALS NV,NL0000888691,Dividendbelasting,,EUR,"-1,65",EUR,"2578,00",
16-05-2024,06:53,15-05-2024,AMG CRITICAL MATERIALS NV,NL0000888691,Dividend,,EUR,"11,00",EUR,"2579,65",
08-05-2024,17:15,08-05-2024,,,"Overboeking naar uw geldrekening bij flatexDEGIRO Bank: 5,95 EUR",,,,EUR,"2568,65",
08-05-2024,17:15,08-05-2024,FLATEX EURO BANKACCOUNT,NLFLATEXACNT,Degiro Cash Sweep Transfer,,EUR,"-5,95",EUR,"2562,70",
08-05-2024,08:06,07-05-2024,ASML HOLDING NV,NL0010273215,Dividendbelasting,,EUR,"-1,05",EUR,"2568,65",
08-05-2024,08:06,07-05-2024,ASML HOLDING NV,NL0010273215,Dividend,,EUR,"7,00",EUR,"2569,70",
06-05-2024,18:17,06-05-2024,,,"Overboeking naar uw geldrekening bij flatexDEGIRO Bank: 36,56 EUR",,,,EUR,"2562,70",
06-05-2024,18:17,06-05-2024,FLATEX EURO BANKACCOUNT,NLFLATEXACNT,Degiro Cash Sweep Transfer,,EUR,"-36,56",EUR,"2526,14",
05-05-2024,01:06,03-05-2024,BE SEMICONDUCTOR INDUSTRIES NV,NL0012866412,Dividendbelasting,,EUR,"-6,44",EUR,"2562,70",
05-05-2024,01:06,03-05-2024,BE SEMICONDUCTOR INDUSTRIES NV,NL0012866412,Dividend,,EUR,"43,00",EUR,"2569,14",
30-04-2024,11:30,29-04-2024,,,"Overboeking van uw geldrekening bij flatexDEGIRO Bank 925,54 EUR",,,,EUR,"2526,14",
30-04-2024,11:30,29-04-2024,FLATEX EURO BANKACCOUNT,NLFLATEXACNT,Degiro Cash Sweep Transfer,,EUR,"925,54",EUR,"3451,68",
29-04-2024,20:31,29-04-2024,,,"Overboeking naar uw geldrekening bij flatexDEGIRO Bank: 477,1 EUR",,,,EUR,"2526,14",
29-04-2024,20:31,29-04-2024,FLATEX EURO BANKACCOUNT,NLFLATEXACNT,Degiro Cash Sweep Transfer,,EUR,"-477,10",EUR,"2049,04",
29-04-2024,17:00,25-04-2024,,,"Overboeking naar uw geldrekening bij flatexDEGIRO Bank: 1.808,1 EUR",,,,EUR,"2526,14",
29-04-2024,17:00,25-04-2024,FLATEX EURO BANKACCOUNT,NLFLATEXACNT,Degiro Cash Sweep Transfer,,EUR,"-1808,10",EUR,"718,04",
29-04-2024,17:00,25-04-2024,,,"Overboeking van uw geldrekening bij flatexDEGIRO Bank 40,25 USD",,,,USD,"0,00",
29-04-2024,17:00,25-04-2024,FLATEX USD BANKACCOUNT,NLFLATEXACNT,Degiro Cash Sweep Transfer,,USD,"40,25",USD,"40,25",
29-04-2024,16:59,29-04-2024,TESLA INC,US88160R1014,Valuta Debitering,"1,0740",USD,"-950,00",USD,"0,00",6062f4cf-58c2-44d2-811f-663bd4626851
29-04-2024,16:59,29-04-2024,TESLA INC,US88160R1014,Valuta Creditering,,EUR,"884,56",EUR,"2526,14",6062f4cf-58c2-44d2-811f-663bd4626851
29-04-2024,16:59,29-04-2024,TESLA INC,US88160R1014,DEGIRO Transactiekosten en/of kosten van derden,,EUR,"-2,00",EUR,"1641,58",6062f4cf-58c2-44d2-811f-663bd4626851
29-04-2024,16:59,29-04-2024,TESLA INC,US88160R1014,Verkoop 5 @ 190 USD,,USD,"950,00",USD,"950,00",6062f4cf-58c2-44d2-811f-663bd4626851
26-04-2024,10:01,26-04-2024,BE SEMICONDUCTOR INDUSTRIES NV,NL0012866412,DEGIRO Transactiekosten en/of kosten van derden,,EUR,"-3,00",EUR,"1643,58",31a72b36-5d4e-4b05-a2be-fd9b2811ca3d
26-04-2024,10:01,26-04-2024,BE SEMICONDUCTOR INDUSTRIES NV,NL0012866412,"Koop 5 @ 132,8 EUR",,EUR,"-664,00",EUR,"1646,58",31a72b36-5d4e-4b05-a2be-fd9b2811ca3d
26-04-2024,10:01,26-04-2024,BE SEMICONDUCTOR INDUSTRIES NV,NL0012866412,"Koop 5 @ 132,8 EUR",,EUR,"-664,00",EUR,"2310,58",31a72b36-5d4e-4b05-a2be-fd9b2811ca3d
25-04-2024,17:15,25-04-2024,,,"Overboeking naar uw geldrekening bij flatexDEGIRO Bank: 37,53 EUR",,,,EUR,"2974,58",
25-04-2024,17:15,25-04-2024,FLATEX EURO BANKACCOUNT,NLFLATEXACNT,Degiro Cash Sweep Transfer,,EUR,"-37,53",EUR,"2937,05",
25-04-2024,15:31,25-04-2024,BYD CO LTD,CNE100000296,DEGIRO Transactiekosten en/of kosten van derden,,EUR,"-3,90",EUR,"2974,58",d054dec5-b623-4d0b-a9ec-ee780d2c492e
25-04-2024,15:31,25-04-2024,BYD CO LTD,CNE100000296,"Verkoop 75 @ 24,16 EUR",,EUR,"1812,00",EUR,"2978,48",d054dec5-b623-4d0b-a9ec-ee780d2c492e
25-04-2024,06:38,24-04-2024,,,Valuta Creditering,,EUR,"37,53",EUR,"1166,48",
25-04-2024,06:38,24-04-2024,,,Valuta Debitering,"1,0725",USD,"-40,25",USD,"0,00",
12-04-2024,10:00,11-04-2024,,,Overboeking van uw geldrekening bij flatexDEGIRO Bank 2 EUR,,,,EUR,"1128,95",
12-04-2024,10:00,11-04-2024,FLATEX EURO BANKACCOUNT,NLFLATEXACNT,Degiro Cash Sweep Transfer,,EUR,"2,00",EUR,"1130,95",
12-04-2024,10:00,11-04-2024,,,Overboeking van uw geldrekening bij flatexDEGIRO Bank 1.302 USD,,,,USD,"40,25",
12-04-2024,10:00,11-04-2024,FLATEX USD BANKACCOUNT,NLFLATEXACNT,Degiro Cash Sweep Transfer,,USD,"1302,00",USD,"1342,25",
11-04-2024,20:25,11-04-2024,SAMSARA INC (PRE-REINCORPORATION),US79589L1061,DEGIRO Transactiekosten en/of kosten van derden,,EUR,"-2,00",EUR,"1128,95",ab300c0f-4737-45f9-af52-e6cf5c4ba2b1
11-04-2024,20:25,11-04-2024,SAMSARA INC (PRE-REINCORPORATION),US79589L1061,"Koop 40 @ 32,55 USD",,USD,"-1302,00",USD,"40,25",ab300c0f-4737-45f9-af52-e6cf5c4ba2b1
07-04-2024,20:50,31-03-2024,,,Flatex Interest Income,,GBP,"0,00",GBP,"0,00",
07-04-2024,13:10,31-03-2024,,,Flatex Interest Income,,EUR,"0,00",EUR,"1130,95",
06-04-2024,15:30,31-03-2024,,,Flatex Interest Income,,USD,"0,00",USD,"1342,25",
28-03-2024,14:15,27-03-2024,,,"Overboeking naar uw geldrekening bij flatexDEGIRO Bank: 3,4 USD",,,,USD,"1342,25",
28-03-2024,14:15,27-03-2024,FLATEX USD BANKACCOUNT,NLFLATEXACNT,Degiro Cash Sweep Transfer,,USD,"-3,40",USD,"1338,85",
27-03-2024,09:05,26-03-2024,META PLATFORMS INC CLASS A,US30303M1027,Dividendbelasting,,USD,"-0,60",USD,"1342,25",
27-03-2024,09:05,26-03-2024,META PLATFORMS INC CLASS A,US30303M1027,Dividend,,USD,"4,00",USD,"1342,85",
26-03-2024,20:45,26-03-2024,,,"Overboeking van uw geldrekening bij flatexDEGIRO Bank 640,4 EUR",,,,EUR,"1130,95",
26-03-2024,20:45,26-03-2024,FLATEX EURO BANKACCOUNT,NLFLATEXACNT,Degiro Cash Sweep Transfer,,EUR,"640,40",EUR,"1771,35",
26-03-2024,12:57,26-03-2024,BYD CO LTD,CNE100000296,DEGIRO Transactiekosten en/of kosten van derden,,EUR,"-3,90",EUR,"1130,95",2d361860-e732-4574-b65c-932496140e28
26-03-2024,12:57,26-03-2024,BYD CO LTD,CNE100000296,"Koop 25 @ 25,46 EUR",,EUR,"-636,50",EUR,"1134,85",2d361860-e732-4574-b65c-932496140e28
19-03-2024,20:15,19-03-2024,,,Overboeking van uw geldrekening bij flatexDEGIRO Bank 1.453 EUR,,,,EUR,"1771,35",
19-03-2024,20:15,19-03-2024,FLATEX EURO BANKACCOUNT,NLFLATEXACNT,Degiro Cash Sweep Transfer,,EUR,"1453,00",EUR,"3224,35",
19-03-2024,10:27,19-03-2024,BE SEMICONDUCTOR INDUSTRIES NV,NL0012866412,DEGIRO Transactiekosten en/of kosten van derden,,EUR,"-3,00",EUR,"1771,35",3b070cad-992a-4a27-a091-6b1888606f27
19-03-2024,10:27,19-03-2024,BE SEMICONDUCTOR INDUSTRIES NV,NL0012866412,Koop 10 @ 145 EUR,,EUR,"-1450,00",EUR,"1774,35",3b070cad-992a-4a27-a091-6b1888606f27
18-03-2024,12:45,15-03-2024,,,"Overboeking naar uw geldrekening bij flatexDEGIRO Bank: 4,46 USD",,,,USD,"1338,85",
18-03-2024,12:45,15-03-2024,FLATEX USD BANKACCOUNT,NLFLATEXACNT,Degiro Cash Sweep Transfer,,USD,"-4,46",USD,"1334,39",
15-03-2024,06:47,14-03-2024,MICROSOFT CORP,US5949181045,Dividend,,USD,"5,25",USD,"1338,85",
15-03-2024,06:47,14-03-2024,MICROSOFT CORP,US5949181045,Dividendbelasting,,USD,"-0,79",USD,"1333,60",
13-03-2024,12:00,12-03-2024,,,Overboeking naar uw geldrekening bij flatexDEGIRO Bank: 780 USD,,,,USD,"1334,39",
13-03-2024,12:00,12-03-2024,FLATEX USD BANKACCOUNT,NLFLATEXACNT,Degiro Cash Sweep Transfer,,USD,"-780,00",USD,"554,39",
12-03-2024,22:30,12-03-2024,,,"Overboeking van uw geldrekening bij flatexDEGIRO Bank 521,1 EUR",,,,EUR,"3224,35",
12-03-2024,22:30,12-03-2024,FLATEX EURO BANKACCOUNT,NLFLATEXACNT,Degiro Cash Sweep Transfer,,EUR,"521,10",EUR,"3745,45",
08-03-2024,17:22,08-03-2024,SAMSARA INC (PRE-REINCORPORATION),US79589L1061,DEGIRO Transactiekosten en/of kosten van derden,,EUR,"-2,00",EUR,"3224,35",b186e993-cf58-4e6d-be73-00abf3d02559
08-03-2024,17:22,08-03-2024,SAMSARA INC (PRE-REINCORPORATION),US79589L1061,Verkoop 20 @ 39 USD,,USD,"780,00",USD,"1334,39",b186e993-cf58-4e6d-be73-00abf3d02559
07-03-2024,15:58,07-03-2024,PALO ALTO NETWORKS INC,US6974351057,Valuta Creditering,"1,0888",USD,"563,00",USD,"554,39",9e6b3db4-66b2-4380-b1ad-87c3feae5eb3
07-03-2024,15:58,07-03-2024,PALO ALTO NETWORKS INC,US6974351057,Valuta Debitering,,EUR,"-517,10",EUR,"3226,35",9e6b3db4-66b2-4380-b1ad-87c3feae5eb3
07-03-2024,15:58,07-03-2024,PALO ALTO NETWORKS INC,US6974351057,DEGIRO Transactiekosten en/of kosten van derden,,EUR,"-2,00",EUR,"3743,45",9e6b3db4-66b2-4380-b1ad-87c3feae5eb3
07-03-2024,15:58,07-03-2024,PALO ALTO NETWORKS INC,US6974351057,"Koop 2 @ 281,5 USD",,USD,"-563,00",USD,"-8,61",9e6b3db4-66b2-4380-b1ad-87c3feae5eb3
05-03-2024,10:45,04-03-2024,,,Overboeking van uw geldrekening bij flatexDEGIRO Bank 8 EUR,,,,EUR,"3745,45",
05-03-2024,10:45,04-03-2024,FLATEX EURO BANKACCOUNT,NLFLATEXACNT,Degiro Cash Sweep Transfer,,EUR,"8,00",EUR,"3753,45",
05-03-2024,10:45,04-03-2024,,,"Overboeking van uw geldrekening bij flatexDEGIRO Bank 1.912,09 USD",,,,USD,"554,39",
05-03-2024,10:45,04-03-2024,FLATEX USD BANKACCOUNT,NLFLATEXACNT,Degiro Cash Sweep Transfer,,USD,"1912,09",USD,"2466,48",
04-03-2024,20:02,04-03-2024,,,"Overboeking naar uw geldrekening bij flatexDEGIRO Bank: 917,21 EUR",,,,EUR,"3745,45",
04-03-2024,20:02,04-03-2024,FLATEX EURO BANKACCOUNT,NLFLATEXACNT,Degiro Cash Sweep Transfer,,EUR,"-917,21",EUR,"2828,24",
04-03-2024,19:17,04-03-2024,PALO ALTO NETWORKS INC,US6974351057,DEGIRO Transactiekosten en/of kosten van derden,,EUR,"-2,00",EUR,"3745,45",59ab802d-ba7f-4ff8-a024-f034b41fb25f
04-03-2024,19:17,04-03-2024,PALO ALTO NETWORKS INC,US6974351057,"Koop 4 @ 299,81 USD",,USD,"-1199,24",USD,"554,39",59ab802d-ba7f-4ff8-a024-f034b41fb25f
04-03-2024,15:56,04-03-2024,PALO ALTO NETWORKS INC,US6974351057,DEGIRO Transactiekosten en/of kosten van derden,,EUR,"-2,00",EUR,"3747,45",7cd6ee9d-02fd-48b4-80da-ae76b8eb6008
04-03-2024,15:56,04-03-2024,PALO ALTO NETWORKS INC,US6974351057,"Verkoop 5 @ 294,71 USD",,USD,"1473,55",USD,"1753,63",7cd6ee9d-02fd-48b4-80da-ae76b8eb6008
04-03-2024,15:49,04-03-2024,SAMSARA INC (PRE-REINCORPORATION),US79589L1061,DEGIRO Transactiekosten en/of kosten van derden,,EUR,"-2,00",EUR,"3749,45",93984fff-64a1-4211-8dde-d144c0d42078
04-03-2024,15:49,04-03-2024,SAMSARA INC (PRE-REINCORPORATION),US79589L1061,"Koop 20 @ 34,82 USD",,USD,"-696,40",USD,"280,08",93984fff-64a1-4211-8dde-d144c0d42078
04-03-2024,15:49,04-03-2024,PALO ALTO NETWORKS INC,US6974351057,DEGIRO Transactiekosten en/of kosten van derden,,EUR,"-2,00",EUR,"3751,45",03ba428b-4683-412c-9bd0-0c8a5c31e1f0
04-03-2024,15:49,04-03-2024,PALO ALTO NETWORKS INC,US6974351057,Koop 5 @ 298 USD,,USD,"-1490,00",USD,"976,48",03ba428b-4683-412c-9bd0-0c8a5c31e1f0
04-03-2024,14:57,04-03-2024,ATOS SE,FR0000051732,DEGIRO Transactiekosten en/of kosten van derden,,EUR,"-4,90",EUR,"3753,45",4fca944e-a094-4bc9-890e-063770c5ac3b
04-03-2024,14:57,04-03-2024,ATOS SE,FR0000051732,"Verkoop 405 @ 2,283 EUR",,EUR,"924,62",EUR,"3758,35",4fca944e-a094-4bc9-890e-063770c5ac3b
02-03-2024,22:36,29-02-2024,,,DEGIRO Aansluitingskosten 2024 (OTC Markets Group - OTC),,EUR,"-2,50",EUR,"2833,74",
01-03-2024,13:45,29-02-2024,,,"Overboeking naar uw geldrekening bij flatexDEGIRO Bank: 2.466,48 USD",,,,USD,"2466,48",
01-03-2024,13:45,29-02-2024,FLATEX USD BANKACCOUNT,NLFLATEXACNT,Degiro Cash Sweep Transfer,,USD,"-2466,48",USD,"0,00",
01-03-2024,13:45,29-02-2024,,,"Overboeking van uw geldrekening bij flatexDEGIRO Bank 1.092,89 EUR",,,,EUR,"2836,24",
01-03-2024,13:45,29-02-2024,FLATEX EURO BANKACCOUNT,NLFLATEXACNT,Degiro Cash Sweep Transfer,,EUR,"1092,89",EUR,"3929,13",
29-02-2024,19:24,29-02-2024,UNITY SOFTWARE INC,US91332U1016,DEGIRO Transactiekosten en/of kosten van derden,,EUR,"-2,00",EUR,"2836,24",92661982-9001-47ae-ba8d-87ee2b9eeae2
29-02-2024,19:24,29-02-2024,UNITY SOFTWARE INC,US91332U1016,"Verkoop 44 @ 29,55 USD",,USD,"1300,20",USD,"2466,48",92661982-9001-47ae-ba8d-87ee2b9eeae2
29-02-2024,17:44,29-02-2024,CLOUDFLARE INC CLASS A,US18915M1071,DEGIRO Transactiekosten en/of kosten van derden,,EUR,"-2,00",EUR,"2838,24",c40e3cc5-c1cd-4cca-8b1b-a4bc4c2c74b3
29-02-2024,17:44,29-02-2024,CLOUDFLARE INC CLASS A,US18915M1071,"Verkoop 12 @ 97,19 USD",,USD,"1166,28",USD,"1166,28",c40e3cc5-c1cd-4cca-8b1b-a4bc4c2c74b3
29-02-2024,16:16,29-02-2024,CLOUDFLARE INC CLASS A,US18915M1071,Valuta Creditering,"1,0820",USD,"1176,00",USD,"0,00",71807b9e-3b8c-4b70-a8b1-7af29ca43309
29-02-2024,16:16,29-02-2024,CLOUDFLARE INC CLASS A,US18915M1071,Valuta Debitering,,EUR,"-1086,89",EUR,"2840,24",71807b9e-3b8c-4b70-a8b1-7af29ca43309
29-02-2024,16:16,29-02-2024,CLOUDFLARE INC CLASS A,US18915M1071,DEGIRO Transactiekosten en/of kosten van derden,,EUR,"-2,00",EUR,"3927,13",71807b9e-3b8c-4b70-a8b1-7af29ca43309
29-02-2024,16:16,29-02-2024,CLOUDFLARE INC CLASS A,US18915M1071,Koop 12 @ 98 USD,,USD,"-1176,00",USD,"-1176,00",71807b9e-3b8c-4b70-a8b1-7af29ca43309
28-02-2024,17:30,28-02-2024,,,"Overboeking van uw geldrekening bij flatexDEGIRO Bank 1,26 EUR",,,,EUR,"3929,13",
28-02-2024,17:30,28-02-2024,FLATEX EURO BANKACCOUNT,NLFLATEXACNT,Degiro Cash Sweep Transfer,,EUR,"1,26",EUR,"3930,39",
28-02-2024,07:39,27-02-2024,,,Valuta Debitering,,EUR,"-1,26",EUR,"3929,13",
28-02-2024,07:39,27-02-2024,,,Valuta Creditering,"1,0817",USD,"1,36",USD,"0,00",
27-02-2024,08:30,20-02-2024,ADR ON NIO INC CLASS A ORD SHS,US62914V1061,ADR/GDR Externe Kosten,,USD,"-1,36",USD,"-1,36",
22-02-2024,18:15,22-02-2024,,,"Overboeking van uw geldrekening bij flatexDEGIRO Bank 2.454,75 EUR",,,,EUR,"3930,39",
22-02-2024,18:15,22-02-2024,FLATEX EURO BANKACCOUNT,NLFLATEXACNT,Degiro Cash Sweep Transfer,,EUR,"2454,75",EUR,"6385,14",
22-02-2024,14:59,22-02-2024,ISHARES CORE S&P 500 UCITS ETF USD,IE00B5BMR087,DEGIRO Transactiekosten en/of kosten van derden,,EUR,"-3,00",EUR,"3930,39",fb0bfe5a-0227-4015-9cd5-d3b0e12bab5f
22-02-2024,14:59,22-02-2024,ISHARES CORE S&P 500 UCITS ETF USD,IE00B5BMR087,"Koop 5 @ 490,35 EUR",,EUR,"-2451,75",EUR,"3933,39",fb0bfe5a-0227-4015-9cd5-d3b0e12bab5f
22-02-2024,11:30,21-02-2024,,,"Overboeking naar uw geldrekening bij flatexDEGIRO Bank: 2.349,23 EUR",,,,EUR,"6385,14",
22-02-2024,11:30,21-02-2024,FLATEX EURO BANKACCOUNT,NLFLATEXACNT,Degiro Cash Sweep Transfer,,EUR,"-2349,23",EUR,"4035,91",
21-02-2024,17:43,21-02-2024,APPLE INC,US0378331005,Valuta Debitering,"1,0844",USD,"-2549,68",USD,"0,00",aed3785b-f2c7-464f-b3fe-18130bb4bb51
21-02-2024,17:43,21-02-2024,APPLE INC,US0378331005,Valuta Creditering,,EUR,"2351,23",EUR,"6385,14",aed3785b-f2c7-464f-b3fe-18130bb4bb51
21-02-2024,17:43,21-02-2024,APPLE INC,US0378331005,DEGIRO Transactiekosten en/of kosten van derden,,EUR,"-2,00",EUR,"4033,91",aed3785b-f2c7-464f-b3fe-18130bb4bb51
21-02-2024,17:43,21-02-2024,APPLE INC,US0378331005,"Verkoop 14 @ 182,12 USD",,USD,"2549,68",USD,"2549,68",aed3785b-f2c7-464f-b3fe-18130bb4bb51
21-02-2024,16:45,21-02-2024,,,"Overboeking van uw geldrekening bij flatexDEGIRO Bank 1.998,32 EUR",,,,EUR,"4035,91",
21-02-2024,16:45,21-02-2024,FLATEX EURO BANKACCOUNT,NLFLATEXACNT,Degiro Cash Sweep Transfer,,EUR,"1998,32",EUR,"6034,23",
21-02-2024,09:46,21-02-2024,ISHARES MSCI INDIA UCITS USD (ACC) ETF,IE00BZCQB185,DEGIRO Transactiekosten en/of kosten van derden,,EUR,"-3,00",EUR,"4035,91",7765eaaf-9779-47c9-9f52-a7ff9355c9b5
21-02-2024,09:46,21-02-2024,ISHARES MSCI INDIA UCITS USD (ACC) ETF,IE00BZCQB185,"Koop 238 @ 8,3837 EUR",,EUR,"-1995,32",EUR,"4038,91",7765eaaf-9779-47c9-9f52-a7ff9355c9b5
20-02-2024,16:45,20-02-2024,,,"Overboeking naar uw geldrekening bij flatexDEGIRO Bank: 5.931,15 EUR",,,,EUR,"6034,23",
20-02-2024,16:45,20-02-2024,FLATEX EURO BANKACCOUNT,NLFLATEXACNT,Degiro Cash Sweep Transfer,,EUR,"-5931,15",EUR,"103,08",
20-02-2024,10:30,19-02-2024,,,"Overboeking van uw geldrekening bij flatexDEGIRO Bank 6.409,38 USD",,,,USD,"0,00",
20-02-2024,10:30,19-02-2024,FLATEX USD BANKACCOUNT,NLFLATEXACNT,Degiro Cash Sweep Transfer,,USD,"6409,38",USD,"6409,38",
20-02-2024,07:38,19-02-2024,,,Valuta Creditering,,EUR,"5931,15",EUR,"6034,23",
20-02-2024,07:38,19-02-2024,,,Valuta Debitering,"1,0806",USD,"-6409,38",USD,"0,00",
19-02-2024,10:45,16-02-2024,,,"Overboeking naar uw geldrekening bij flatexDEGIRO Bank: 3.144,46 USD",,,,USD,"6409,38",
19-02-2024,10:45,16-02-2024,FLATEX USD BANKACCOUNT,NLFLATEXACNT,Degiro Cash Sweep Transfer,,USD,"-3144,46",USD,"3264,92",
19-02-2024,10:45,16-02-2024,,,Overboeking van uw geldrekening bij flatexDEGIRO Bank 2 EUR,,,,EUR,"103,08",
19-02-2024,10:45,16-02-2024,FLATEX EURO BANKACCOUNT,NLFLATEXACNT,Degiro Cash Sweep Transfer,,EUR,"2,00",EUR,"105,08",
16-02-2024,19:24,16-02-2024,TRADE DESK INC CLASS A,US88339J1051,DEGIRO Transactiekosten en/of kosten van derden,,EUR,"-2,00",EUR,"103,08",e95a32f0-6bba-43d4-9961-dd2f5fc8119c
16-02-2024,19:24,16-02-2024,TRADE DESK INC CLASS A,US88339J1051,"Verkoop 35 @ 89,76 USD",,USD,"3141,60",USD,"6409,38",e95a32f0-6bba-43d4-9961-dd2f5fc8119c
16-02-2024,07:33,15-02-2024,APPLE INC,US0378331005,Dividendbelasting,,USD,"-0,50",USD,"3267,78",
16-02-2024,07:33,15-02-2024,APPLE INC,US0378331005,Dividend,,USD,"3,36",USD,"3268,28",
15-02-2024,17:00,15-02-2024,,,"Overboeking naar uw geldrekening bij flatexDEGIRO Bank: 4,93 EUR",,,,EUR,"105,08",
15-02-2024,17:00,15-02-2024,FLATEX EURO BANKACCOUNT,NLFLATEXACNT,Degiro Cash Sweep Transfer,,EUR,"-4,93",EUR,"100,15",
15-02-2024,07:19,14-02-2024,ASML HOLDING NV,NL0010273215,Dividendbelasting,,EUR,"-0,87",EUR,"105,08",
15-02-2024,07:19,14-02-2024,ASML HOLDING NV,NL0010273215,Dividend,,EUR,"5,80",EUR,"105,95",
07-02-2024,14:08,07-02-2024,INVITAE CORP,US46185L1035,"PRODUCTWIJZIGING : Koop 540 @ 0,0891 USD",,USD,"-48,11",USD,"3264,92",
07-02-2024,14:08,07-02-2024,INVITAE CORP,US46185L1035,"PRODUCTWIJZIGING : Verkoop 540 @ 0,0891 USD",,USD,"48,11",USD,"3313,03",
06-02-2024,16:45,06-02-2024,,,"Overboeking van uw geldrekening bij flatexDEGIRO Bank 1.245,85 EUR",,,,EUR,"100,15",
06-02-2024,16:45,06-02-2024,FLATEX EURO BANKACCOUNT,NLFLATEXACNT,Degiro Cash Sweep Transfer,,EUR,"1245,85",EUR,"1346,00",
06-02-2024,09:05,06-02-2024,ISHARES MSCI INDIA UCITS USD (ACC) ETF,IE00BZCQB185,DEGIRO Transactiekosten en/of kosten van derden,,EUR,"-3,00",EUR,"100,15",07704c11-3b32-4f79-8730-7fbf1e66e8c0
06-02-2024,09:05,06-02-2024,ISHARES MSCI INDIA UCITS USD (ACC) ETF,IE00BZCQB185,"Koop 150 @ 8,2857 EUR",,EUR,"-1242,86",EUR,"103,15",07704c11-3b32-4f79-8730-7fbf1e66e8c0
05-02-2024,22:46,05-02-2024,,,Overboeking van uw geldrekening bij flatexDEGIRO Bank 15 EUR,,,,EUR,"1346,00",
05-02-2024,22:46,05-02-2024,FLATEX EURO BANKACCOUNT,NLFLATEXACNT,Degiro Cash Sweep Transfer,,EUR,"15,00",EUR,"1361,00",
05-02-2024,07:16,31-01-2024,,,DEGIRO Aansluitingskosten 2024 (Euronext Paris - EPA),,EUR,"-2,50",EUR,"1346,00",
05-02-2024,07:16,31-01-2024,,,DEGIRO Aansluitingskosten 2024 (New York Stock Exchange - NSY),,EUR,"-2,50",EUR,"1348,50",
05-02-2024,07:16,31-01-2024,,,DEGIRO Aansluitingskosten 2024 (Nasdaq - NDQ),,EUR,"-2,50",EUR,"1351,00",
05-02-2024,07:16,31-01-2024,,,DEGIRO Aansluitingskosten 2024 (Euronext Milan - MIL),,EUR,"-2,50",EUR,"1353,50",
05-02-2024,07:16,31-01-2024,,,DEGIRO Aansluitingskosten 2024 (Tradegate AG - TDG),,EUR,"-2,50",EUR,"1356,00",
05-02-2024,07:16,31-01-2024,,,DEGIRO Aansluitingskosten 2024 (Xetra - XET),,EUR,"-2,50",EUR,"1358,50",
19-01-2024,11:15,18-01-2024,,,"Overboeking naar uw geldrekening bij flatexDEGIRO Bank: 991,72 USD",,,,USD,"3264,92",
19-01-2024,11:15,18-01-2024,FLATEX USD BANKACCOUNT,NLFLATEXACNT,Degiro Cash Sweep Transfer,,USD,"-991,72",USD,"2273,20",
19-01-2024,11:15,18-01-2024,,,Overboeking van uw geldrekening bij flatexDEGIRO Bank 2 EUR,,,,EUR,"1361,00",
19-01-2024,11:15,18-01-2024,FLATEX EURO BANKACCOUNT,NLFLATEXACNT,Degiro Cash Sweep Transfer,,EUR,"2,00",EUR,"1363,00",
18-01-2024,16:11,18-01-2024,CROCS INC,US2270461096,DEGIRO Transactiekosten en/of kosten van derden,,EUR,"-2,00",EUR,"1361,00",b9db7e0e-d807-4203-a10f-adfbd9be2821
18-01-2024,16:11,18-01-2024,CROCS INC,US2270461096,"Verkoop 10 @ 99,1717 USD",,USD,"991,72",USD,"3264,92",b9db7e0e-d807-4203-a10f-adfbd9be2821
15-01-2024,16:30,15-01-2024,,,"Overboeking van uw geldrekening bij flatexDEGIRO Bank 427,5 EUR",,,,EUR,"1363,00",
15-01-2024,16:30,15-01-2024,FLATEX EURO BANKACCOUNT,NLFLATEXACNT,Degiro Cash Sweep Transfer,,EUR,"427,50",EUR,"1790,50",
15-01-2024,13:39,15-01-2024,ATOS SE,FR0000051732,DEGIRO Transactiekosten en/of kosten van derden,,EUR,"-4,90",EUR,"1363,00",1279d248-0425-4940-95be-fdb9270ec914
15-01-2024,13:39,15-01-2024,ATOS SE,FR0000051732,"Koop 100 @ 4,226 EUR",,EUR,"-422,60",EUR,"1367,90",1279d248-0425-4940-95be-fdb9270ec914
15-01-2024,10:45,12-01-2024,,,"Overboeking van uw geldrekening bij flatexDEGIRO Bank 529,7 EUR",,,,EUR,"1790,50",
15-01-2024,10:45,12-01-2024,FLATEX EURO BANKACCOUNT,NLFLATEXACNT,Degiro Cash Sweep Transfer,,EUR,"529,70",EUR,"2320,20",
12-01-2024,15:37,12-01-2024,ATOS SE,FR0000051732,DEGIRO Transactiekosten en/of kosten van derden,,EUR,"-4,90",EUR,"1790,50",0051d939-c7cb-4229-9471-e727d828c8c6
12-01-2024,15:37,12-01-2024,ATOS SE,FR0000051732,"Koop 100 @ 5,248 EUR",,EUR,"-524,80",EUR,"1795,40",0051d939-c7cb-4229-9471-e727d828c8c6
08-01-2024,16:47,08-01-2024,,,"Overboeking van uw geldrekening bij flatexDEGIRO Bank 1.203,9 EUR",,,,EUR,"2320,20",
08-01-2024,16:47,08-01-2024,FLATEX EURO BANKACCOUNT,NLFLATEXACNT,Degiro Cash Sweep Transfer,,EUR,"1203,90",EUR,"3524,10",
08-01-2024,14:25,08-01-2024,BYD CO LTD,CNE100000296,DEGIRO Transactiekosten en/of kosten van derden,,EUR,"-3,90",EUR,"2320,20",769e8372-c064-4d34-9038-1e697f849eb4
08-01-2024,14:25,08-01-2024,BYD CO LTD,CNE100000296,Koop 50 @ 24 EUR,,EUR,"-1200,00",EUR,"2324,10",769e8372-c064-4d34-9038-1e697f849eb4
05-01-2024,02:40,02-01-2024,,,Flatex Interest Income,,USD,"0,00",USD,"2273,20",
04-01-2024,11:47,03-01-2024,,,"Overboeking van uw geldrekening bij flatexDEGIRO Bank 0,53 USD",,,,USD,"2273,20",
04-01-2024,11:47,03-01-2024,FLATEX USD BANKACCOUNT,NLFLATEXACNT,Degiro Cash Sweep Transfer,,USD,"0,53",USD,"2273,73",
04-01-2024,05:41,02-01-2024,,,Flatex Interest Income,,GBP,"0,00",GBP,"0,00",
03-01-2024,21:10,02-01-2024,,,Flatex Interest Income,,EUR,"0,00",EUR,"3524,10",
03-01-2024,19:50,03-01-2024,,,"Overboeking naar uw geldrekening bij flatexDEGIRO Bank: 2.786,75 EUR",,,,EUR,"3524,10",
03-01-2024,19:50,03-01-2024,FLATEX EURO BANKACCOUNT,NLFLATEXACNT,Degiro Cash Sweep Transfer,,EUR,"-2786,75",EUR,"737,35",
03-01-2024,14:06,03-01-2024,BE SEMICONDUCTOR INDUSTRIES NV,NL0012866412,DEGIRO Transactiekosten en/of kosten van derden,,EUR,"-3,00",EUR,"3524,10",64358f60-0f1a-45e7-b200-0eada546cab8
03-01-2024,14:06,03-01-2024,BE SEMICONDUCTOR INDUSTRIES NV,NL0012866412,"Verkoop 6 @ 131,75 EUR",,EUR,"790,50",EUR,"3527,10",64358f60-0f1a-45e7-b200-0eada546cab8
03-01-2024,14:06,03-01-2024,BE SEMICONDUCTOR INDUSTRIES NV,NL0012866412,"Verkoop 7 @ 131,75 EUR",,EUR,"922,25",EUR,"2736,60",64358f60-0f1a-45e7-b200-0eada546cab8
03-01-2024,11:30,03-01-2024,ALFEN NV,NL0012817175,DEGIRO Transactiekosten en/of kosten van derden,,EUR,"-3,00",EUR,"1814,35",ac287510-eb90-4074-a815-987c46926c65
03-01-2024,11:30,03-01-2024,ALFEN NV,NL0012817175,Verkoop 20 @ 54 EUR,,EUR,"1080,00",EUR,"1817,35",ac287510-eb90-4074-a815-987c46926c65
02-01-2024,16:52,31-12-2023,,,Rente,,USD,"-0,53",USD,"2273,20",
29-12-2023,11:47,28-12-2023,,,Overboeking van uw geldrekening bij flatexDEGIRO Bank 802 EUR,,,,EUR,"737,35",
29-12-2023,11:47,28-12-2023,FLATEX EURO BANKACCOUNT,NLFLATEXACNT,Degiro Cash Sweep Transfer,,EUR,"802,00",EUR,"1539,35",
28-12-2023,15:42,28-12-2023,VIVORYON THERAPEUTICS NV,NL00150002Q7,DEGIRO Transactiekosten en/of kosten van derden,,EUR,"-3,00",EUR,"737,35",e2e44bf5-5f70-4f1c-8698-e4aa7c49e1b5
28-12-2023,15:42,28-12-2023,VIVORYON THERAPEUTICS NV,NL00150002Q7,"Koop 100 @ 7,99 EUR",,EUR,"-799,00",EUR,"740,35",e2e44bf5-5f70-4f1c-8698-e4aa7c49e1b5
27-12-2023,12:17,26-12-2023,,,"Overboeking naar uw geldrekening bij flatexDEGIRO Bank: 1.291,8 USD",,,,USD,"2273,73",
27-12-2023,12:17,26-12-2023,FLATEX USD BANKACCOUNT,NLFLATEXACNT,Degiro Cash Sweep Transfer,,USD,"-1291,80",USD,"981,93",
27-12-2023,12:17,26-12-2023,,,Overboeking van uw geldrekening bij flatexDEGIRO Bank 4 EUR,,,,EUR,"1539,35",
27-12-2023,12:17,26-12-2023,FLATEX EURO BANKACCOUNT,NLFLATEXACNT,Degiro Cash Sweep Transfer,,EUR,"4,00",EUR,"1543,35",
22-12-2023,15:41,22-12-2023,SUNRUN INC,US86771W1053,DEGIRO Transactiekosten en/of kosten van derden,,EUR,"-2,00",EUR,"1539,35",8f121a6c-1545-496e-be5f-19e2735cc74f
22-12-2023,15:41,22-12-2023,SUNRUN INC,US86771W1053,"Verkoop 30 @ 19,6 USD",,USD,"588,00",USD,"2273,73",8f121a6c-1545-496e-be5f-19e2735cc74f
22-12-2023,15:38,22-12-2023,SUNRUN INC,US86771W1053,DEGIRO Transactiekosten en/of kosten van derden,,EUR,"-2,00",EUR,"1541,35",86d66d9e-108f-47a7-a16a-26414ee22ff2
22-12-2023,15:38,22-12-2023,SUNRUN INC,US86771W1053,"Verkoop 36 @ 19,55 USD",,USD,"703,80",USD,"1685,73",86d66d9e-108f-47a7-a16a-26414ee22ff2
22-12-2023,11:17,21-12-2023,,,"Overboeking naar uw geldrekening bij flatexDEGIRO Bank: 0,14 USD",,,,USD,"981,93",
22-12-2023,11:17,21-12-2023,FLATEX USD BANKACCOUNT,NLFLATEXACNT,Degiro Cash Sweep Transfer,,USD,"-0,14",USD,"981,79",
21-12-2023,13:59,01-12-2022,SWITCH INC,US87105L1044,Kapitaalsuitkering,,USD,"0,47",USD,"981,93",
21-12-2023,13:59,01-12-2022,SWITCH INC,US87105L1044,Dividendbelasting,,USD,"0,07",USD,"981,46",
21-12-2023,13:59,01-12-2022,SWITCH INC,US87105L1044,Dividend,,USD,"-0,47",USD,"981,39",
21-12-2023,13:59,01-09-2022,SWITCH INC,US87105L1044,Kapitaalsuitkering,,USD,"0,47",USD,"981,86",
21-12-2023,13:59,01-09-2022,SWITCH INC,US87105L1044,Dividend,,USD,"-0,47",USD,"981,39",
21-12-2023,13:59,01-09-2022,SWITCH INC,US87105L1044,Dividendbelasting,,USD,"0,07",USD,"981,86",
21-12-2023,12:47,20-12-2023,,,"Overboeking naar uw geldrekening bij flatexDEGIRO Bank: 981,79 USD",,,,USD,"981,79",
21-12-2023,12:47,20-12-2023,FLATEX USD BANKACCOUNT,NLFLATEXACNT,Degiro Cash Sweep Transfer,,USD,"-981,79",USD,"0,00",
21-12-2023,12:47,20-12-2023,,,Overboeking van uw geldrekening bij flatexDEGIRO Bank 2 EUR,,,,EUR,"1543,35",
21-12-2023,12:47,20-12-2023,FLATEX EURO BANKACCOUNT,NLFLATEXACNT,Degiro Cash Sweep Transfer,,EUR,"2,00",EUR,"1545,35",
20-12-2023,21:41,20-12-2023,FORTINET INC,US34959E1091,DEGIRO Transactiekosten en/of kosten van derden,,EUR,"-2,00",EUR,"1543,35",ec213264-1c6a-4a42-a374-66a69202feac
20-12-2023,21:41,20-12-2023,FORTINET INC,US34959E1091,"Verkoop 20 @ 57,45 USD",,USD,"1149,00",USD,"981,79",ec213264-1c6a-4a42-a374-66a69202feac
15-12-2023,06:42,14-12-2023,MICROSOFT CORP,US5949181045,Dividend,,USD,"5,25",USD,"-167,21",
15-12-2023,06:42,14-12-2023,MICROSOFT CORP,US5949181045,Dividendbelasting,,USD,"-0,79",USD,"-172,46",
06-12-2023,16:47,06-12-2023,,,"Overboeking van uw geldrekening bij flatexDEGIRO Bank 504,49 EUR",,,,EUR,"1545,35",
06-12-2023,16:47,06-12-2023,FLATEX EURO BANKACCOUNT,NLFLATEXACNT,Degiro Cash Sweep Transfer,,EUR,"504,49",EUR,"2049,84",
06-12-2023,12:10,06-12-2023,ATOS SE,FR0000051732,Transactiebelasting Frankrijk,,EUR,"-1,49",EUR,"1545,35",6edc8628-b7e2-4bfe-91ef-70ba6cab4fc3
06-12-2023,12:10,06-12-2023,ATOS SE,FR0000051732,DEGIRO Transactiekosten en/of kosten van derden,,EUR,"-4,90",EUR,"1546,84",6edc8628-b7e2-4bfe-91ef-70ba6cab4fc3
06-12-2023,12:10,06-12-2023,ATOS SE,FR0000051732,"Koop 85 @ 5,86 EUR",,EUR,"-498,10",EUR,"1551,74",6edc8628-b7e2-4bfe-91ef-70ba6cab4fc3
05-12-2023,10:17,04-12-2023,,,"Overboeking van uw geldrekening bij flatexDEGIRO Bank 0,16 EUR",,,,EUR,"2049,84",
05-12-2023,10:17,04-12-2023,FLATEX EURO BANKACCOUNT,NLFLATEXACNT,Degiro Cash Sweep Transfer,,EUR,"0,16",EUR,"2050,00",
04-12-2023,17:13,30-11-2023,,,Rente,,USD,"-2,09",USD,"-171,67",
04-12-2023,17:13,30-11-2023,,,Rente,,EUR,"-0,16",EUR,"2049,84",
28-11-2023,14:02,27-11-2023,,,"Overboeking van uw geldrekening bij flatexDEGIRO Bank 748,34 EUR",,,,EUR,"2050,00",
28-11-2023,14:02,27-11-2023,FLATEX EURO BANKACCOUNT,NLFLATEXACNT,Degiro Cash Sweep Transfer,,EUR,"748,34",EUR,"2798,34",
27-11-2023,16:17,27-11-2023,ISHARES CORE S&P 500 UCITS ETF USD,IE00B5BMR087,DEGIRO Transactiekosten en/of kosten van derden,,EUR,"-3,00",EUR,"2050,00",622e190c-8810-4be2-9350-ec301e163b45
27-11-2023,16:17,27-11-2023,ISHARES CORE S&P 500 UCITS ETF USD,IE00B5BMR087,"Koop 10 @ 436,11 EUR",,EUR,"-4361,10",EUR,"2053,00",622e190c-8810-4be2-9350-ec301e163b45
27-11-2023,16:10,27-11-2023,VNGRD FTSE ALL-WLD HGH DIV YLD UCITS,IE00B8GKDB10,DEGIRO Transactiekosten en/of kosten van derden,,EUR,"-1,00",EUR,"6414,10",e8c45398-3f29-4789-a172-348beea53e72
27-11-2023,16:10,27-11-2023,VNGRD FTSE ALL-WLD HGH DIV YLD UCITS,IE00B8GKDB10,"Verkoop 32 @ 54,6 EUR",,EUR,"1747,20",EUR,"6415,10",e8c45398-3f29-4789-a172-348beea53e72
27-11-2023,16:09,27-11-2023,VANGUARD FTSE ALL-WORLD UCITS ETF,IE00B3RBWM25,"Verkoop 17 @ 103,92 EUR",,EUR,"1766,64",EUR,"4667,90",2ac2fe5b-f294-496a-a762-3ccf32e8d1ba
27-11-2023,16:09,27-11-2023,VANGUARD FTSE ALL-WORLD UCITS ETF,IE00B3RBWM25,DEGIRO Transactiekosten en/of kosten van derden,,EUR,"-1,00",EUR,"2901,26",2ac2fe5b-f294-496a-a762-3ccf32e8d1ba
27-11-2023,16:09,27-11-2023,VANGUARD FTSE ALL-WORLD UCITS ETF,IE00B3RBWM25,"Verkoop 1 @ 103,92 EUR",,EUR,"103,92",EUR,"2902,26",2ac2fe5b-f294-496a-a762-3ccf32e8d1ba
24-11-2023,16:17,24-11-2023,,,"Overboeking van uw geldrekening bij flatexDEGIRO Bank 527,5 EUR",,,,EUR,"2798,34",
24-11-2023,16:17,24-11-2023,FLATEX EURO BANKACCOUNT,NLFLATEXACNT,Degiro Cash Sweep Transfer,,EUR,"527,50",EUR,"3325,84",
24-11-2023,12:45,24-11-2023,AMG CRITICAL MATERIALS NV,NL0000888691,DEGIRO Transactiekosten en/of kosten van derden,,EUR,"-3,00",EUR,"2798,34",e0d20a0e-85c4-419b-9b7d-2ac88e5f9cda
24-11-2023,12:45,24-11-2023,AMG CRITICAL MATERIALS NV,NL0000888691,"Koop 20 @ 20,98 EUR",,EUR,"-419,60",EUR,"2801,34",e0d20a0e-85c4-419b-9b7d-2ac88e5f9cda
24-11-2023,12:45,24-11-2023,AMG CRITICAL MATERIALS NV,NL0000888691,"Koop 5 @ 20,98 EUR",,EUR,"-104,90",EUR,"3220,94",e0d20a0e-85c4-419b-9b7d-2ac88e5f9cda
17-11-2023,06:57,16-11-2023,APPLE INC,US0378331005,Dividend,,USD,"3,36",USD,"-169,58",
17-11-2023,06:57,16-11-2023,APPLE INC,US0378331005,Dividendbelasting,,USD,"-0,50",USD,"-172,94",
14-11-2023,17:47,14-11-2023,,,"Overboeking van uw geldrekening bij flatexDEGIRO Bank 509,9 EUR",,,,EUR,"3325,84",
14-11-2023,17:47,14-11-2023,FLATEX EURO BANKACCOUNT,NLFLATEXACNT,Degiro Cash Sweep Transfer,,EUR,"509,90",EUR,"3835,74",
14-11-2023,11:34,14-11-2023,SIEMENS ENERGY AG,DE000ENER6Y0,DEGIRO Transactiekosten en/of kosten van derden,,EUR,"-4,90",EUR,"3325,84",32005ced-f5c9-4183-a8ad-571175f5766b
14-11-2023,11:34,14-11-2023,SIEMENS ENERGY AG,DE000ENER6Y0,"Koop 50 @ 10,1 EUR",,EUR,"-505,00",EUR,"3330,74",32005ced-f5c9-4183-a8ad-571175f5766b
14-11-2023,10:47,13-11-2023,,,"Overboeking naar uw geldrekening bij flatexDEGIRO Bank: 1.335,9 EUR",,,,EUR,"3835,74",
14-11-2023,10:47,13-11-2023,FLATEX EURO BANKACCOUNT,NLFLATEXACNT,Degiro Cash Sweep Transfer,,EUR,"-1335,90",EUR,"2499,84",
13-11-2023,17:47,13-11-2023,,,"Overboeking naar uw geldrekening bij flatexDEGIRO Bank: 4,93 EUR",,,,EUR,"3835,74",
13-11-2023,17:47,13-11-2023,FLATEX EURO BANKACCOUNT,NLFLATEXACNT,Degiro Cash Sweep Transfer,,EUR,"-4,93",EUR,"3830,81",
13-11-2023,16:44,13-11-2023,ALFEN NV,NL0012817175,DEGIRO Transactiekosten en/of kosten van derden,,EUR,"-3,00",EUR,"3835,74",3e027720-29e9-45f1-b33a-08ec93637862
13-11-2023,16:44,13-11-2023,ALFEN NV,NL0012817175,"Verkoop 30 @ 44,63 EUR",,EUR,"1338,90",EUR,"3838,74",3e027720-29e9-45f1-b33a-08ec93637862
13-11-2023,11:17,10-11-2023,,,Overboeking van uw geldrekening bij flatexDEGIRO Bank 6 EUR,,,,EUR,"2499,84",
13-11-2023,11:17,10-11-2023,FLATEX EURO BANKACCOUNT,NLFLATEXACNT,Degiro Cash Sweep Transfer,,EUR,"6,00",EUR,"2505,84",
13-11-2023,08:19,10-11-2023,ASML HOLDING NV,NL0010273215,Dividendbelasting,,EUR,"-0,87",EUR,"2499,84",
13-11-2023,08:19,10-11-2023,ASML HOLDING NV,NL0010273215,Dividend,,EUR,"5,80",EUR,"2500,71",
10-11-2023,20:49,10-11-2023,TRADE DESK INC CLASS A,US88339J1051,DEGIRO Transactiekosten en/of kosten van derden,,EUR,"-2,00",EUR,"2494,91",c8b40387-ce7b-44d9-b0bd-243dff248364
10-11-2023,20:49,10-11-2023,TRADE DESK INC CLASS A,US88339J1051,Koop 15 @ 65 USD,,USD,"-975,00",USD,"-172,44",c8b40387-ce7b-44d9-b0bd-243dff248364
10-11-2023,15:52,10-11-2023,ON SEMICONDUCTOR CORP,US6821891057,DEGIRO Transactiekosten en/of kosten van derden,,EUR,"-2,00",EUR,"2496,91",9f86759f-022d-4eea-a48e-cd171d8ffdf0
10-11-2023,15:52,10-11-2023,ON SEMICONDUCTOR CORP,US6821891057,Verkoop 8 @ 66 USD,,USD,"528,00",USD,"802,56",9f86759f-022d-4eea-a48e-cd171d8ffdf0
10-11-2023,15:37,10-11-2023,ADR ON TAIWAN SEMICONDUCTOR,US8740391003,DEGIRO Transactiekosten en/of kosten van derden,,EUR,"-2,00",EUR,"2498,91",7f658e65-9c78-4974-9ad0-cb274e85b686
10-11-2023,15:37,10-11-2023,ADR ON TAIWAN SEMICONDUCTOR,US8740391003,Verkoop 15 @ 95 USD,,USD,"1425,00",USD,"274,56",7f658e65-9c78-4974-9ad0-cb274e85b686
06-11-2023,10:47,03-11-2023,,,"Overboeking van uw geldrekening bij flatexDEGIRO Bank 1,26 EUR",,,,EUR,"2500,91",
06-11-2023,10:47,03-11-2023,FLATEX EURO BANKACCOUNT,NLFLATEXACNT,Degiro Cash Sweep Transfer,,EUR,"1,26",EUR,"2502,17",
04-11-2023,04:51,03-11-2023,,,iDEAL Deposit,,EUR,"1500,00",EUR,"2500,91",
04-11-2023,04:51,03-11-2023,,,Reservation iDEAL,,EUR,"-1500,00",EUR,"1000,91",
03-11-2023,17:47,03-11-2023,,,"Overboeking van uw geldrekening bij flatexDEGIRO Bank 997,83 EUR",,,,EUR,"2500,91",
03-11-2023,17:47,03-11-2023,FLATEX EURO BANKACCOUNT,NLFLATEXACNT,Degiro Cash Sweep Transfer,,EUR,"997,83",EUR,"3498,74",
03-11-2023,15:48,31-10-2023,,,Rente,,USD,"-22,31",USD,"-1150,44",
03-11-2023,15:48,31-10-2023,,,Rente,,EUR,"-1,26",EUR,"2500,91",
03-11-2023,10:32,02-11-2023,,,"Overboeking van uw geldrekening bij flatexDEGIRO Bank 21,87 USD",,,,USD,"-1128,13",
03-11-2023,10:32,02-11-2023,FLATEX USD BANKACCOUNT,NLFLATEXACNT,Degiro Cash Sweep Transfer,,USD,"21,87",USD,"-1106,26",
03-11-2023,04:52,02-11-2023,,,iDEAL Deposit,,EUR,"1000,00",EUR,"2502,17",
03-11-2023,04:52,02-11-2023,,,Reservation iDEAL,,EUR,"-1000,00",EUR,"1502,17",
03-11-2023,04:51,02-11-2023,,,iDEAL Deposit,,EUR,"1000,00",EUR,"2502,17",
03-11-2023,04:51,02-11-2023,,,Reservation iDEAL,,EUR,"-1000,00",EUR,"1502,17",
02-11-2023,16:11,02-11-2023,,,Reservation iDEAL,,EUR,"1500,00",EUR,"2502,17",
02-11-2023,16:00,02-11-2023,FORTINET INC,US34959E1091,DEGIRO Transactiekosten en/of kosten van derden,,EUR,"-2,00",EUR,"1002,17",8299289c-ecbc-4e3d-bb9b-d3fe4cf66484
02-11-2023,16:00,02-11-2023,FORTINET INC,US34959E1091,"Koop 20 @ 57,5 USD",,USD,"-1150,00",USD,"-1128,13",8299289c-ecbc-4e3d-bb9b-d3fe4cf66484
02-11-2023,14:30,02-11-2023,,,Reservation iDEAL,,EUR,"1000,00",EUR,"1004,17",
02-11-2023,09:34,02-11-2023,,,Reservation iDEAL,,EUR,"1000,00",EUR,"4,17",
25-10-2023,19:17,25-10-2023,,,Overboeking van uw geldrekening bij flatexDEGIRO Bank 2.000 EUR,,,,EUR,"-995,83",
25-10-2023,19:17,25-10-2023,FLATEX EURO BANKACCOUNT,NLFLATEXACNT,Degiro Cash Sweep Transfer,,EUR,"2000,00",EUR,"1004,17",
25-10-2023,13:04,23-10-2023,,,iDEAL Deposit,,EUR,"1000,00",EUR,"-995,83",
25-10-2023,13:04,23-10-2023,,,Reservation iDEAL,,EUR,"-1000,00",EUR,"-1995,83",
25-10-2023,13:03,23-10-2023,,,iDEAL Deposit,,EUR,"1000,00",EUR,"-995,83",
25-10-2023,13:03,23-10-2023,,,Reservation iDEAL,,EUR,"-1000,00",EUR,"-1995,83",
25-10-2023,12:26,25-10-2023,ADYEN NV,NL0012969182,DEGIRO Transactiekosten en/of kosten van derden,,EUR,"-3,00",EUR,"-995,83",6016f624-1801-4188-a53b-93d0363c18d2
25-10-2023,12:26,25-10-2023,ADYEN NV,NL0012969182,"Koop 1 @ 628,5 EUR",,EUR,"-628,50",EUR,"-992,83",6016f624-1801-4188-a53b-93d0363c18d2
24-10-2023,10:17,23-10-2023,,,"Overboeking naar uw geldrekening bij flatexDEGIRO Bank: 21,87 USD",,,,USD,"21,87",
24-10-2023,10:17,23-10-2023,FLATEX USD BANKACCOUNT,NLFLATEXACNT,Degiro Cash Sweep Transfer,,USD,"-21,87",USD,"0,00",
23-10-2023,16:47,23-10-2023,,,"Overboeking van uw geldrekening bij flatexDEGIRO Bank 5.639,47 EUR",,,,EUR,"-364,33",
23-10-2023,16:47,23-10-2023,FLATEX EURO BANKACCOUNT,NLFLATEXACNT,Degiro Cash Sweep Transfer,,EUR,"5639,47",EUR,"5275,14",
23-10-2023,16:18,23-10-2023,VIVORYON THERAPEUTICS NV,NL00150002Q7,DEGIRO Transactiekosten en/of kosten van derden,,EUR,"-3,00",EUR,"-364,33",f86df698-8cf9-4940-afb7-bc8d46f4c7ce
23-10-2023,16:18,23-10-2023,VIVORYON THERAPEUTICS NV,NL00150002Q7,"Koop 60 @ 8,18 EUR",,EUR,"-490,80",EUR,"-361,33",f86df698-8cf9-4940-afb7-bc8d46f4c7ce
23-10-2023,10:19,23-10-2023,,,Reservation iDEAL,,EUR,"1000,00",EUR,"129,47",
23-10-2023,10:19,23-10-2023,,,Reservation iDEAL,,EUR,"1000,00",EUR,"-870,53",
23-10-2023,10:17,23-10-2023,EUR/USD,EURUSD......,DEGIRO Transactiekosten en/of kosten van derden,,EUR,"-10,00",EUR,"-1870,53",
23-10-2023,10:17,23-10-2023,EUR/USD,EURUSD......,Valuta Creditering,"1,0583",USD,"7936,86",USD,"21,87",
23-10-2023,10:17,23-10-2023,EUR/USD,EURUSD......,Valuta Debitering,,EUR,"-7500,00",EUR,"-1860,53",
17-10-2023,18:17,17-10-2023,,,Overboeking van uw geldrekening bij flatexDEGIRO Bank 4.081 EUR,,,,EUR,"5639,47",
17-10-2023,18:17,17-10-2023,FLATEX EURO BANKACCOUNT,NLFLATEXACNT,Degiro Cash Sweep Transfer,,EUR,"4081,00",EUR,"9720,47",
17-10-2023,09:01,17-10-2023,ADYEN NV,NL0012969182,DEGIRO Transactiekosten en/of kosten van derden,,EUR,"-3,00",EUR,"5639,47",bd717395-dbe0-4448-838e-b7d08b1bfee4
17-10-2023,09:01,17-10-2023,ADYEN NV,NL0012969182,Koop 1 @ 716 EUR,,EUR,"-716,00",EUR,"5642,47",bd717395-dbe0-4448-838e-b7d08b1bfee4
17-10-2023,09:01,17-10-2023,ADYEN NV,NL0012969182,Koop 1 @ 716 EUR,,EUR,"-716,00",EUR,"6358,47",bd717395-dbe0-4448-838e-b7d08b1bfee4
16-10-2023,16:54,16-10-2023,UNITY SOFTWARE INC,US91332U1016,DEGIRO Transactiekosten en/of kosten van derden,,EUR,"-2,00",EUR,"7074,47",2bfa5ab1-7686-48dc-9e80-de614a769019
16-10-2023,16:54,16-10-2023,UNITY SOFTWARE INC,US91332U1016,"Koop 20 @ 27,85 USD",,USD,"-557,00",USD,"-7914,99",2bfa5ab1-7686-48dc-9e80-de614a769019
16-10-2023,16:49,16-10-2023,VANECK SEMICONDUCTOR UCITS ETF USD A,IE00BMC38736,DEGIRO Transactiekosten en/of kosten van derden,,EUR,"-1,00",EUR,"7076,47",07914ae2-551f-4dc3-a9fa-134e9256fe9b
16-10-2023,16:49,16-10-2023,VANECK SEMICONDUCTOR UCITS ETF USD A,IE00BMC38736,"Koop 100 @ 26,41 EUR",,EUR,"-2641,00",EUR,"7077,47",07914ae2-551f-4dc3-a9fa-134e9256fe9b
16-10-2023,16:49,16-10-2023,SHOPIFY INC,CA82509L1076,DEGIRO Transactiekosten en/of kosten van derden,,EUR,"-2,00",EUR,"9718,47",13c0897b-d1d3-45dc-bf74-798dd5c82f8d
16-10-2023,16:49,16-10-2023,SHOPIFY INC,CA82509L1076,"Koop 30 @ 53,145 USD",,USD,"-1594,35",USD,"-7357,99",13c0897b-d1d3-45dc-bf74-798dd5c82f8d
16-10-2023,09:47,13-10-2023,,,"Overboeking van uw geldrekening bij flatexDEGIRO Bank 693,6 EUR",,,,EUR,"9720,47",
16-10-2023,09:47,13-10-2023,FLATEX EURO BANKACCOUNT,NLFLATEXACNT,Degiro Cash Sweep Transfer,,EUR,"693,60",EUR,"10414,07",
13-10-2023,16:19,13-10-2023,ALFEN NV,NL0012817175,DEGIRO Transactiekosten en/of kosten van derden,,EUR,"-3,00",EUR,"9720,47",e6540864-d27d-4a4e-89b6-381df5f31f6f
13-10-2023,16:19,13-10-2023,ALFEN NV,NL0012817175,"Koop 3 @ 34,53 EUR",,EUR,"-103,59",EUR,"9723,47",e6540864-d27d-4a4e-89b6-381df5f31f6f
13-10-2023,16:19,13-10-2023,ALFEN NV,NL0012817175,"Koop 17 @ 34,53 EUR",,EUR,"-587,01",EUR,"9827,06",e6540864-d27d-4a4e-89b6-381df5f31f6f
13-10-2023,07:22,12-10-2023,ADR ON TAIWAN SEMICONDUCTOR,US8740391003,Dividendbelasting,,USD,"-1,47",USD,"-5763,64",
13-10-2023,07:22,12-10-2023,ADR ON TAIWAN SEMICONDUCTOR,US8740391003,Dividend,,USD,"6,98",USD,"-5762,17",
03-10-2023,15:27,30-09-2023,,,Rente,,USD,"-29,27",USD,"-5769,15",
03-10-2023,14:01,30-09-2023,,,Flatex Interest Income,,GBP,"0,00",GBP,"0,00",
03-10-2023,10:51,02-10-2023,,,"Overboeking van uw geldrekening bij flatexDEGIRO Bank 2,5 EUR",,,,EUR,"10414,07",
03-10-2023,10:51,02-10-2023,FLATEX EURO BANKACCOUNT,NLFLATEXACNT,Degiro Cash Sweep Transfer,,EUR,"2,50",EUR,"10416,57",
03-10-2023,04:02,30-09-2023,,,Flatex Interest Income,,USD,"0,00",USD,"-5739,88",
02-10-2023,17:25,30-09-2023,,,DEGIRO Aansluitingskosten 2023 (Euronext Milan - MIL),,EUR,"-2,50",EUR,"10414,07",
02-10-2023,17:22,30-09-2023,,,Flatex Interest Income,,EUR,"0,00",EUR,"10416,57",
29-09-2023,18:50,29-09-2023,,,"Overboeking van uw geldrekening bij flatexDEGIRO Bank 3.070,6 EUR",,,,EUR,"10416,57",
29-09-2023,18:50,29-09-2023,FLATEX EURO BANKACCOUNT,NLFLATEXACNT,Degiro Cash Sweep Transfer,,EUR,"3070,60",EUR,"13487,17",
29-09-2023,10:09,29-09-2023,VANECK SEMICONDUCTOR UCITS ETF USD A,IE00BMC38736,"Koop 20 @ 25,58 EUR",,EUR,"-511,60",EUR,"10416,57",7c5220ba-ca83-4524-a22c-6ac42358ad94
29-09-2023,10:09,29-09-2023,VANECK SEMICONDUCTOR UCITS ETF USD A,IE00BMC38736,DEGIRO Transactiekosten en/of kosten van derden,,EUR,"-1,00",EUR,"10928,17",7c5220ba-ca83-4524-a22c-6ac42358ad94
29-09-2023,10:09,29-09-2023,VANECK SEMICONDUCTOR UCITS ETF USD A,IE00BMC38736,"Koop 50 @ 25,58 EUR",,EUR,"-1279,00",EUR,"10929,17",7c5220ba-ca83-4524-a22c-6ac42358ad94
29-09-2023,10:09,29-09-2023,VANECK SEMICONDUCTOR UCITS ETF USD A,IE00BMC38736,"Koop 50 @ 25,58 EUR",,EUR,"-1279,00",EUR,"12208,17",7c5220ba-ca83-4524-a22c-6ac42358ad94
28-09-2023,08:02,27-09-2023,VANGUARD FTSE ALL-WORLD UCITS ETF,IE00B3RBWM25,Dividend,,USD,"8,53",USD,"-5739,88",
28-09-2023,07:41,27-09-2023,VNGRD FTSE ALL-WLD HGH DIV YLD UCITS,IE00B8GKDB10,Dividend,,USD,"15,45",USD,"-5748,41",
23-09-2023,13:42,22-09-2023,,,iDEAL Deposit,,EUR,"2000,00",EUR,"13487,17",
23-09-2023,13:42,22-09-2023,,,Reservation iDEAL,,EUR,"-2000,00",EUR,"11487,17",
22-09-2023,09:24,22-09-2023,,,Reservation iDEAL,,EUR,"2000,00",EUR,"13487,17",
18-09-2023,10:06,15-09-2023,,,"Overboeking van uw geldrekening bij flatexDEGIRO Bank 57,5 EUR",,,,EUR,"11487,17",
18-09-2023,10:06,15-09-2023,FLATEX EURO BANKACCOUNT,NLFLATEXACNT,Degiro Cash Sweep Transfer,,EUR,"57,50",EUR,"11544,67",
15-09-2023,16:54,15-09-2023,VNGRD FTSE ALL-WLD HGH DIV YLD UCITS,IE00B8GKDB10,DEGIRO Transactiekosten en/of kosten van derden,,EUR,"-1,00",EUR,"11487,17",a9871c4f-c405-4646-9a6a-0bea8ad36e06
15-09-2023,16:54,15-09-2023,VNGRD FTSE ALL-WLD HGH DIV YLD UCITS,IE00B8GKDB10,"Koop 1 @ 56,5 EUR",,EUR,"-56,50",EUR,"11488,17",a9871c4f-c405-4646-9a6a-0bea8ad36e06
15-09-2023,07:29,14-09-2023,MICROSOFT CORP,US5949181045,Dividend,,USD,"2,04",USD,"-5763,86",
15-09-2023,07:29,14-09-2023,MICROSOFT CORP,US5949181045,Dividendbelasting,,USD,"-0,31",USD,"-5765,90",
02-09-2023,10:54,31-08-2023,,,Rente,,USD,"-9,11",USD,"-5765,59",
01-09-2023,14:51,29-08-2023,,,iDEAL Deposit,,EUR,"1000,00",EUR,"11544,67",
01-09-2023,14:51,29-08-2023,,,Reservation iDEAL,,EUR,"-1000,00",EUR,"10544,67",
01-09-2023,10:52,31-08-2023,,,Overboeking van uw geldrekening bij flatexDEGIRO Bank 2 EUR,,,,EUR,"11544,67",
01-09-2023,10:52,31-08-2023,FLATEX EURO BANKACCOUNT,NLFLATEXACNT,Degiro Cash Sweep Transfer,,EUR,"2,00",EUR,"11546,67",
01-09-2023,04:51,31-08-2023,,,iDEAL Deposit,,EUR,"5000,00",EUR,"11544,67",
01-09-2023,04:51,31-08-2023,,,Reservation iDEAL,,EUR,"-5000,00",EUR,"6544,67",
31-08-2023,16:00,31-08-2023,SALESFORCE INC,US79466L3024,DEGIRO Transactiekosten en/of kosten van derden,,EUR,"-2,00",EUR,"11544,67",e13a8780-3f57-4a20-b653-0e54a685e68b
31-08-2023,16:00,31-08-2023,SALESFORCE INC,US79466L3024,Verkoop 6 @ 227 USD,,USD,"1362,00",USD,"-5756,48",e13a8780-3f57-4a20-b653-0e54a685e68b
30-08-2023,20:32,30-08-2023,,,Reservation iDEAL,,EUR,"5000,00",EUR,"11546,67",
29-08-2023,14:43,29-08-2023,,,Reservation iDEAL,,EUR,"1000,00",EUR,"6546,67",
28-08-2023,18:04,28-08-2023,,,"Overboeking van uw geldrekening bij flatexDEGIRO Bank 1.453,33 EUR",,,,EUR,"5546,67",
28-08-2023,18:04,28-08-2023,FLATEX EURO BANKACCOUNT,NLFLATEXACNT,Degiro Cash Sweep Transfer,,EUR,"1453,33",EUR,"7000,00",
26-08-2023,05:11,25-08-2023,,,iDEAL Deposit,,EUR,"1000,00",EUR,"5546,67",
26-08-2023,05:11,25-08-2023,,,Reservation iDEAL,,EUR,"-1000,00",EUR,"4546,67",
26-08-2023,05:11,25-08-2023,,,iDEAL Deposit,,EUR,"5000,00",EUR,"5546,67",
26-08-2023,05:11,25-08-2023,,,Reservation iDEAL,,EUR,"-5000,00",EUR,"546,67",
26-08-2023,05:11,25-08-2023,,,iDEAL Deposit,,EUR,"1000,00",EUR,"5546,67",
26-08-2023,05:11,25-08-2023,,,Reservation iDEAL,,EUR,"-1000,00",EUR,"4546,67",
25-08-2023,11:45,25-08-2023,,,Reservation iDEAL,,EUR,"1000,00",EUR,"5546,67",
25-08-2023,11:44,25-08-2023,,,Reservation iDEAL,,EUR,"1000,00",EUR,"4546,67",
25-08-2023,10:50,24-08-2023,,,"Overboeking van uw geldrekening bij flatexDEGIRO Bank 8,8 EUR",,,,EUR,"3546,67",
25-08-2023,10:50,24-08-2023,FLATEX EURO BANKACCOUNT,NLFLATEXACNT,Degiro Cash Sweep Transfer,,EUR,"8,80",EUR,"3555,47",
25-08-2023,10:50,24-08-2023,,,"Overboeking van uw geldrekening bij flatexDEGIRO Bank 1.841,88 USD",,,,USD,"-7118,48",
25-08-2023,10:50,24-08-2023,FLATEX USD BANKACCOUNT,NLFLATEXACNT,Degiro Cash Sweep Transfer,,USD,"1841,88",USD,"-5276,60",
24-08-2023,15:49,24-08-2023,HIMS & HERS HEALTH INC CLASS A,US4330001060,DEGIRO Transactiekosten en/of kosten van derden,,EUR,"-2,00",EUR,"3546,67",c8f114fb-d554-4a78-a23f-9e7a53e0cebe
24-08-2023,15:49,24-08-2023,HIMS & HERS HEALTH INC CLASS A,US4330001060,"Koop 60 @ 6,78 USD",,USD,"-406,80",USD,"-7118,48",c8f114fb-d554-4a78-a23f-9e7a53e0cebe
24-08-2023,15:48,24-08-2023,META PLATFORMS INC CLASS A,US30303M1027,DEGIRO Transactiekosten en/of kosten van derden,,EUR,"-2,00",EUR,"3548,67",ae28078c-f17c-4b73-a931-8743d38ad3af
24-08-2023,15:48,24-08-2023,META PLATFORMS INC CLASS A,US30303M1027,"Koop 4 @ 295,73 USD",,USD,"-1182,92",USD,"-6711,68",ae28078c-f17c-4b73-a931-8743d38ad3af
24-08-2023,15:42,24-08-2023,DRAFTKINGS INC CLASS A,US26142V1052,DEGIRO Transactiekosten en/of kosten van derden,,EUR,"-2,00",EUR,"3550,67",ad820086-0221-4b7e-81b3-e0a934c7f471
24-08-2023,15:42,24-08-2023,DRAFTKINGS INC CLASS A,US26142V1052,"Koop 2 @ 27,8 USD",,USD,"-55,60",USD,"-5528,76",ad820086-0221-4b7e-81b3-e0a934c7f471
24-08-2023,15:42,24-08-2023,DRAFTKINGS INC CLASS A,US26142V1052,"Koop 28 @ 27,8 USD",,USD,"-778,40",USD,"-5473,16",ad820086-0221-4b7e-81b3-e0a934c7f471
24-08-2023,15:41,24-08-2023,INVITAE CORP,US46185L1035,DEGIRO Transactiekosten en/of kosten van derden,,EUR,"-2,00",EUR,"3552,67",38903862-3c93-4c5e-9756-24284489e3d8
24-08-2023,15:41,24-08-2023,INVITAE CORP,US46185L1035,"Koop 300 @ 0,9118 USD",,USD,"-273,54",USD,"-4694,76",38903862-3c93-4c5e-9756-24284489e3d8
24-08-2023,15:38,24-08-2023,UNITY SOFTWARE INC,US91332U1016,DEGIRO Transactiekosten en/of kosten van derden,,EUR,"-2,00",EUR,"3554,67",f5074e51-e19a-41f7-b796-6404d5584ce6
24-08-2023,15:38,24-08-2023,UNITY SOFTWARE INC,US91332U1016,"Koop 10 @ 34,63 USD",,USD,"-346,30",USD,"-4421,22",f5074e51-e19a-41f7-b796-6404d5584ce6
24-08-2023,15:37,24-08-2023,ADR ON TAIWAN SEMICONDUCTOR,US8740391003,DEGIRO Transactiekosten en/of kosten van derden,,EUR,"-2,00",EUR,"3556,67",83422606-ca09-4bd9-babc-3c779a6093f2
24-08-2023,15:37,24-08-2023,ADR ON TAIWAN SEMICONDUCTOR,US8740391003,"Koop 15 @ 95,25 USD",,USD,"-1428,75",USD,"-4074,92",83422606-ca09-4bd9-babc-3c779a6093f2
24-08-2023,15:35,24-08-2023,CROCS INC,US2270461096,DEGIRO Transactiekosten en/of kosten van derden,,EUR,"-2,00",EUR,"3558,67",0e02e332-b108-46db-a0a3-92f6fa0e76d6
24-08-2023,15:35,24-08-2023,CROCS INC,US2270461096,"Koop 10 @ 98,37 USD",,USD,"-983,70",USD,"-2646,17",0e02e332-b108-46db-a0a3-92f6fa0e76d6
24-08-2023,15:34,24-08-2023,ALPHABET INC CLASS A,US02079K3059,DEGIRO Transactiekosten en/of kosten van derden,,EUR,"-2,00",EUR,"3560,67",3ef30c4b-49bc-4efc-8125-e089209493ba
24-08-2023,15:34,24-08-2023,ALPHABET INC CLASS A,US02079K3059,Koop 10 @ 133 USD,,USD,"-1330,00",USD,"-1662,47",3ef30c4b-49bc-4efc-8125-e089209493ba
24-08-2023,15:32,24-08-2023,SHOPIFY INC,CA82509L1076,DEGIRO Transactiekosten en/of kosten van derden,,EUR,"-2,00",EUR,"3562,67",a6b07eb2-547f-4e03-89eb-c3b5d90e8254
24-08-2023,15:32,24-08-2023,SHOPIFY INC,CA82509L1076,"Koop 15 @ 56,69 USD",,USD,"-850,35",USD,"-332,47",a6b07eb2-547f-4e03-89eb-c3b5d90e8254
24-08-2023,15:31,24-08-2023,MICROSOFT CORP,US5949181045,DEGIRO Transactiekosten en/of kosten van derden,,EUR,"-2,00",EUR,"3564,67",269355de-1b3b-4f9d-b847-961d9accef63
24-08-2023,15:31,24-08-2023,MICROSOFT CORP,US5949181045,Koop 4 @ 331 USD,,USD,"-1324,00",USD,"517,88",269355de-1b3b-4f9d-b847-961d9accef63
24-08-2023,15:31,24-08-2023,SIEMENS ENERGY AG,DE000ENER6Y0,DEGIRO Transactiekosten en/of kosten van derden,,EUR,"-4,90",EUR,"3566,67",1bebedb3-42d7-4007-aa75-8015fc5bb47f
24-08-2023,15:31,24-08-2023,SIEMENS ENERGY AG,DE000ENER6Y0,"Koop 35 @ 12,96 EUR",,EUR,"-453,60",EUR,"3571,57",1bebedb3-42d7-4007-aa75-8015fc5bb47f
24-08-2023,15:24,24-08-2023,AMG CRITICAL MATERIALS NV,NL0000888691,DEGIRO Transactiekosten en/of kosten van derden,,EUR,"-3,00",EUR,"4025,17",838ad5a2-cb98-4d0f-b709-bcc9fbc56caf
24-08-2023,15:24,24-08-2023,AMG CRITICAL MATERIALS NV,NL0000888691,"Koop 16 @ 31,61 EUR",,EUR,"-505,76",EUR,"4028,17",838ad5a2-cb98-4d0f-b709-bcc9fbc56caf
24-08-2023,15:24,24-08-2023,AMG CRITICAL MATERIALS NV,NL0000888691,"Koop 4 @ 31,61 EUR",,EUR,"-126,44",EUR,"4533,93",838ad5a2-cb98-4d0f-b709-bcc9fbc56caf
24-08-2023,15:24,24-08-2023,ATOS SE,FR0000051732,Transactiebelasting Frankrijk,,EUR,"-1,03",EUR,"4660,37",619976d1-e066-4e47-8830-6cc28dc6087d
24-08-2023,15:24,24-08-2023,ATOS SE,FR0000051732,DEGIRO Transactiekosten en/of kosten van derden,,EUR,"-4,90",EUR,"4661,40",619976d1-e066-4e47-8830-6cc28dc6087d
24-08-2023,15:24,24-08-2023,ATOS SE,FR0000051732,"Koop 50 @ 6,85 EUR",,EUR,"-342,50",EUR,"4666,30",619976d1-e066-4e47-8830-6cc28dc6087d
24-08-2023,15:22,24-08-2023,,,Reservation iDEAL,,EUR,"5000,00",EUR,"5008,80",
21-08-2023,11:50,18-08-2023,,,"Overboeking naar uw geldrekening bij flatexDEGIRO Bank: 2,86 USD",,,,USD,"1841,88",
21-08-2023,11:50,18-08-2023,FLATEX USD BANKACCOUNT,NLFLATEXACNT,Degiro Cash Sweep Transfer,,USD,"-2,86",USD,"1839,02",
18-08-2023,06:21,17-08-2023,APPLE INC,US0378331005,Dividend,,USD,"3,36",USD,"1841,88",
18-08-2023,06:21,17-08-2023,APPLE INC,US0378331005,Dividendbelasting,,USD,"-0,50",USD,"1838,52",
11-08-2023,17:20,11-08-2023,,,"Overboeking naar uw geldrekening bij flatexDEGIRO Bank: 4,93 EUR",,,,EUR,"8,80",
11-08-2023,17:20,11-08-2023,FLATEX EURO BANKACCOUNT,NLFLATEXACNT,Degiro Cash Sweep Transfer,,EUR,"-4,93",EUR,"3,87",
11-08-2023,07:23,10-08-2023,ASML HOLDING NV,NL0010273215,Dividend,,EUR,"5,80",EUR,"8,80",
11-08-2023,07:23,10-08-2023,ASML HOLDING NV,NL0010273215,Dividendbelasting,,EUR,"-0,87",EUR,"3,00",
10-08-2023,16:50,10-08-2023,,,"Overboeking naar uw geldrekening bij flatexDEGIRO Bank: 3,4 EUR",,,,EUR,"3,87",
10-08-2023,16:50,10-08-2023,FLATEX EURO BANKACCOUNT,NLFLATEXACNT,Degiro Cash Sweep Transfer,,EUR,"-3,40",EUR,"0,47",
10-08-2023,06:38,09-08-2023,AMG CRITICAL MATERIALS NV,NL0000888691,Dividend,,EUR,"4,00",EUR,"3,87",
10-08-2023,06:38,09-08-2023,AMG CRITICAL MATERIALS NV,NL0000888691,Dividendbelasting,,EUR,"-0,60",EUR,"-0,13",
02-08-2023,17:34,02-08-2023,,,"Overboeking van uw geldrekening bij flatexDEGIRO Bank 0,08 EUR",,,,EUR,"0,47",
02-08-2023,17:34,02-08-2023,FLATEX EURO BANKACCOUNT,NLFLATEXACNT,Degiro Cash Sweep Transfer,,EUR,"0,08",EUR,"0,55",
02-08-2023,09:37,31-07-2023,,,Rente,,EUR,"-0,08",EUR,"0,47",
05-07-2023,17:19,05-07-2023,,,"Overboeking van uw geldrekening bij flatexDEGIRO Bank 516,45 EUR",,,,EUR,"0,55",
05-07-2023,17:19,05-07-2023,FLATEX EURO BANKACCOUNT,NLFLATEXACNT,Degiro Cash Sweep Transfer,,EUR,"516,45",EUR,"517,00",
05-07-2023,10:19,04-07-2023,,,"Overboeking naar uw geldrekening bij flatexDEGIRO Bank: 23,76 USD",,,,USD,"1839,02",
05-07-2023,10:19,04-07-2023,FLATEX USD BANKACCOUNT,NLFLATEXACNT,Degiro Cash Sweep Transfer,,USD,"-23,76",USD,"1815,26",
05-07-2023,04:51,04-07-2023,,,iDEAL Deposit,,EUR,"517,00",EUR,"0,55",
05-07-2023,04:51,04-07-2023,,,Reservation iDEAL,,EUR,"-517,00",EUR,"-516,45",
04-07-2023,12:21,04-07-2023,,,Reservation iDEAL,,EUR,"517,00",EUR,"0,55",
03-07-2023,17:13,30-06-2023,,,Rente,,EUR,"-0,37",EUR,"-516,45",
03-07-2023,12:49,30-06-2023,,,Overboeking van uw geldrekening bij flatexDEGIRO Bank 498 USD,,,,USD,"1839,02",
03-07-2023,12:49,30-06-2023,FLATEX USD BANKACCOUNT,NLFLATEXACNT,Degiro Cash Sweep Transfer,,USD,"498,00",USD,"2337,02",
02-07-2023,06:21,30-06-2023,,,Flatex Interest Income,,USD,"0,00",USD,"1839,02",
02-07-2023,05:11,30-06-2023,,,Flatex Interest Income,,EUR,"0,00",EUR,"-516,08",
01-07-2023,07:15,28-06-2023,VNGRD FTSE ALL-WLD HGH DIV YLD UCITS,IE00B8GKDB10,Dividend,,USD,"23,76",USD,"1839,02",
30-06-2023,19:05,30-06-2023,,,Overboeking van uw geldrekening bij flatexDEGIRO Bank 1.000 EUR,,,,EUR,"-516,08",
30-06-2023,19:05,30-06-2023,FLATEX EURO BANKACCOUNT,NLFLATEXACNT,Degiro Cash Sweep Transfer,,EUR,"1000,00",EUR,"483,92",
30-06-2023,16:33,30-06-2023,ADR ON NIO INC CLASS A ORD SHS,US62914V1061,DEGIRO Transactiekosten en/of kosten van derden,,EUR,"-2,00",EUR,"-516,08",a2e7b35d-52b1-4c34-a961-59b031b0153b
30-06-2023,16:33,30-06-2023,ADR ON NIO INC CLASS A ORD SHS,US62914V1061,"Koop 50 @ 9,96 USD",,USD,"-498,00",USD,"1815,26",a2e7b35d-52b1-4c34-a961-59b031b0153b
30-06-2023,11:46,30-06-2023,SIEMENS ENERGY AG,DE000ENER6Y0,DEGIRO Transactiekosten en/of kosten van derden,,EUR,"-4,90",EUR,"-514,08",8003df05-fde6-47bf-9091-a0b3d9286f70
30-06-2023,11:46,30-06-2023,SIEMENS ENERGY AG,DE000ENER6Y0,"Koop 32 @ 16,18 EUR",,EUR,"-517,76",EUR,"-509,18",8003df05-fde6-47bf-9091-a0b3d9286f70
30-06-2023,11:23,29-06-2023,,,"Overboeking naar uw geldrekening bij flatexDEGIRO Bank: 13,09 USD",,,,USD,"2313,26",
30-06-2023,11:23,29-06-2023,FLATEX USD BANKACCOUNT,NLFLATEXACNT,Degiro Cash Sweep Transfer,,USD,"-13,09",USD,"2300,17",
30-06-2023,04:51,29-06-2023,,,iDEAL Deposit,,EUR,"1000,00",EUR,"8,58",
30-06-2023,04:51,29-06-2023,,,Reservation iDEAL,,EUR,"-1000,00",EUR,"-991,42",
29-06-2023,13:15,29-06-2023,,,Reservation iDEAL,,EUR,"1000,00",EUR,"8,58",
29-06-2023,07:48,28-06-2023,VANGUARD FTSE ALL-WORLD UCITS ETF,IE00B3RBWM25,Dividend,,USD,"13,09",USD,"2313,26",
28-06-2023,17:01,28-06-2023,ALFEN NV,NL0012817175,DEGIRO Transactiekosten en/of kosten van derden,,EUR,"-3,00",EUR,"-991,42",4f26df88-47f6-40b2-845c-e00608b934d7
28-06-2023,17:01,28-06-2023,ALFEN NV,NL0012817175,"Koop 17 @ 57,5 EUR",,EUR,"-977,50",EUR,"-988,42",4f26df88-47f6-40b2-845c-e00608b934d7
23-06-2023,11:07,22-06-2023,,,"Overboeking van uw geldrekening bij flatexDEGIRO Bank 1.336,7 USD",,,,USD,"2300,17",
23-06-2023,11:07,22-06-2023,FLATEX USD BANKACCOUNT,NLFLATEXACNT,Degiro Cash Sweep Transfer,,USD,"1336,70",USD,"3636,87",
22-06-2023,17:23,22-06-2023,SUNRUN INC,US86771W1053,DEGIRO Transactiekosten en/of kosten van derden,,EUR,"-2,00",EUR,"-10,92",701067b1-0ad1-4ba2-b043-6b9002f7096e
22-06-2023,17:23,22-06-2023,SUNRUN INC,US86771W1053,"Koop 32 @ 17,8 USD",,USD,"-569,60",USD,"2300,17",701067b1-0ad1-4ba2-b043-6b9002f7096e
22-06-2023,17:17,22-06-2023,TRADE DESK INC CLASS A,US88339J1051,DEGIRO Transactiekosten en/of kosten van derden,,EUR,"-2,00",EUR,"-8,92",75b83e3b-067c-48fd-83fa-2f3b4f23809b
22-06-2023,17:17,22-06-2023,TRADE DESK INC CLASS A,US88339J1051,"Koop 10 @ 76,71 USD",,USD,"-767,10",USD,"2869,77",75b83e3b-067c-48fd-83fa-2f3b4f23809b
09-06-2023,17:19,09-06-2023,,,"Overboeking naar uw geldrekening bij flatexDEGIRO Bank: 1,73 USD",,,,USD,"3636,87",
09-06-2023,17:19,09-06-2023,FLATEX USD BANKACCOUNT,NLFLATEXACNT,Degiro Cash Sweep Transfer,,USD,"-1,73",USD,"3635,14",
09-06-2023,07:09,08-06-2023,MICROSOFT CORP,US5949181045,Dividend,,USD,"2,04",USD,"3636,87",
09-06-2023,07:09,08-06-2023,MICROSOFT CORP,US5949181045,Dividendbelasting,,USD,"-0,31",USD,"3634,83",
06-06-2023,10:50,05-06-2023,,,"Overboeking van uw geldrekening bij flatexDEGIRO Bank 1,01 USD",,,,USD,"3635,14",
06-06-2023,10:50,05-06-2023,FLATEX USD BANKACCOUNT,NLFLATEXACNT,Degiro Cash Sweep Transfer,,USD,"1,01",USD,"3636,15",
05-06-2023,20:31,31-05-2023,,,Rente,,USD,"-1,01",USD,"3635,14",
05-06-2023,20:31,31-05-2023,,,Rente,,EUR,"-0,22",EUR,"-6,92",
05-06-2023,12:08,02-06-2023,,,"Overboeking naar uw geldrekening bij flatexDEGIRO Bank: 511,8 USD",,,,USD,"3636,15",
05-06-2023,12:08,02-06-2023,FLATEX USD BANKACCOUNT,NLFLATEXACNT,Degiro Cash Sweep Transfer,,USD,"-511,80",USD,"3124,35",
02-06-2023,21:37,02-06-2023,PAYPAL HOLDINGS INC,US70450Y1038,DEGIRO Transactiekosten en/of kosten van derden,,EUR,"-2,00",EUR,"-6,70",7b2dc767-8414-4a69-bdc4-ff0ebe54fb2e
02-06-2023,21:37,02-06-2023,PAYPAL HOLDINGS INC,US70450Y1038,"Verkoop 8 @ 63,975 USD",,USD,"511,80",USD,"3636,15",7b2dc767-8414-4a69-bdc4-ff0ebe54fb2e
02-06-2023,11:54,01-06-2023,,,Overboeking naar uw geldrekening bij flatexDEGIRO Bank: 797 USD,,,,USD,"3124,35",
02-06-2023,11:54,01-06-2023,FLATEX USD BANKACCOUNT,NLFLATEXACNT,Degiro Cash Sweep Transfer,,USD,"-797,00",USD,"2327,35",
01-06-2023,21:25,01-06-2023,SALESFORCE INC,US79466L3024,DEGIRO Transactiekosten en/of kosten van derden,,EUR,"-2,00",EUR,"-4,70",6b1b72db-a4a3-4c6b-961d-6cf08a5c3d3a
01-06-2023,21:25,01-06-2023,SALESFORCE INC,US79466L3024,"Koop 6 @ 213,95 USD",,USD,"-1283,70",USD,"3124,35",6b1b72db-a4a3-4c6b-961d-6cf08a5c3d3a
01-06-2023,15:30,01-06-2023,SALESFORCE INC,US79466L3024,DEGIRO Transactiekosten en/of kosten van derden,,EUR,"-2,00",EUR,"-2,70",5ada0876-56e1-41b1-93da-5d3d631c57db
01-06-2023,15:30,01-06-2023,SALESFORCE INC,US79466L3024,"Verkoop 10 @ 208,07 USD",,USD,"2080,70",USD,"4408,05",5ada0876-56e1-41b1-93da-5d3d631c57db
31-05-2023,17:04,31-05-2023,,,"Overboeking van uw geldrekening bij flatexDEGIRO Bank 732,4 EUR",,,,EUR,"-0,70",
31-05-2023,17:04,31-05-2023,FLATEX EURO BANKACCOUNT,NLFLATEXACNT,Degiro Cash Sweep Transfer,,EUR,"732,40",EUR,"731,70",
31-05-2023,10:19,30-05-2023,,,Overboeking van uw geldrekening bij flatexDEGIRO Bank 6 EUR,,,,EUR,"-0,70",
31-05-2023,10:19,30-05-2023,FLATEX EURO BANKACCOUNT,NLFLATEXACNT,Degiro Cash Sweep Transfer,,EUR,"6,00",EUR,"5,30",
31-05-2023,10:19,30-05-2023,,,"Overboeking van uw geldrekening bij flatexDEGIRO Bank 483,15 USD",,,,USD,"2327,35",
31-05-2023,10:19,30-05-2023,FLATEX USD BANKACCOUNT,NLFLATEXACNT,Degiro Cash Sweep Transfer,,USD,"483,15",USD,"2810,50",
31-05-2023,10:04,31-05-2023,BE SEMICONDUCTOR INDUSTRIES NV,NL0012866412,DEGIRO Transactiekosten en/of kosten van derden,,EUR,"-3,00",EUR,"-0,70",5f97c42c-61ab-49e3-ad2c-83c5aa298666
31-05-2023,10:04,31-05-2023,BE SEMICONDUCTOR INDUSTRIES NV,NL0012866412,"Koop 6 @ 104,3 EUR",,EUR,"-625,80",EUR,"2,30",5f97c42c-61ab-49e3-ad2c-83c5aa298666
31-05-2023,10:04,31-05-2023,BE SEMICONDUCTOR INDUSTRIES NV,NL0012866412,"Koop 1 @ 104,3 EUR",,EUR,"-104,30",EUR,"628,10",5f97c42c-61ab-49e3-ad2c-83c5aa298666
30-05-2023,19:23,30-05-2023,ADR ON STMICROELECTRONICS NV,US8610121027,DEGIRO Transactiekosten en/of kosten van derden,,EUR,"-2,00",EUR,"732,40",e59a1145-151c-46c0-a20a-070fca45c5da
30-05-2023,19:23,30-05-2023,ADR ON STMICROELECTRONICS NV,US8610121027,"Verkoop 8 @ 43,47 USD",,USD,"347,76",USD,"2327,35",e59a1145-151c-46c0-a20a-070fca45c5da
30-05-2023,19:23,30-05-2023,ADR ON STMICROELECTRONICS NV,US8610121027,"Verkoop 1 @ 43,47 USD",,USD,"43,47",USD,"1979,59",e59a1145-151c-46c0-a20a-070fca45c5da
30-05-2023,15:47,30-05-2023,SALESFORCE INC,US79466L3024,DEGIRO Transactiekosten en/of kosten van derden,,EUR,"-2,00",EUR,"734,40",fa132dd1-6fe9-4f88-9d30-345555e8183e
30-05-2023,15:47,30-05-2023,SALESFORCE INC,US79466L3024,Koop 10 @ 219 USD,,USD,"-2190,00",USD,"1936,12",fa132dd1-6fe9-4f88-9d30-345555e8183e
30-05-2023,15:30,30-05-2023,SALESFORCE INC,US79466L3024,DEGIRO Transactiekosten en/of kosten van derden,,EUR,"-2,00",EUR,"736,40",451bcb80-73b7-499e-a4d5-2ee488bc42a1
30-05-2023,15:30,30-05-2023,SALESFORCE INC,US79466L3024,"Verkoop 6 @ 219,27 USD",,USD,"1315,62",USD,"4126,12",451bcb80-73b7-499e-a4d5-2ee488bc42a1
30-05-2023,12:07,29-05-2023,,,"Overboeking naar uw geldrekening bij flatexDEGIRO Bank: 1,35 USD",,,,USD,"2810,50",
30-05-2023,12:07,29-05-2023,FLATEX USD BANKACCOUNT,NLFLATEXACNT,Degiro Cash Sweep Transfer,,USD,"-1,35",USD,"2809,15",
30-05-2023,12:07,29-05-2023,,,"Overboeking van uw geldrekening bij flatexDEGIRO Bank 261,6 EUR",,,,EUR,"738,40",
30-05-2023,12:07,29-05-2023,FLATEX EURO BANKACCOUNT,NLFLATEXACNT,Degiro Cash Sweep Transfer,,EUR,"261,60",EUR,"1000,00",
29-05-2023,06:36,26-05-2023,STARBUCKS CORP,US8552441094,Dividend,,USD,"1,59",USD,"2810,50",
29-05-2023,06:36,26-05-2023,STARBUCKS CORP,US8552441094,Dividendbelasting,,USD,"-0,24",USD,"2808,91",
27-05-2023,05:11,26-05-2023,,,iDEAL Deposit,,EUR,"1000,00",EUR,"738,40",
27-05-2023,05:11,26-05-2023,,,Reservation iDEAL,,EUR,"-1000,00",EUR,"-261,60",
26-05-2023,08:45,26-05-2023,,,Reservation iDEAL,,EUR,"1000,00",EUR,"738,40",
26-05-2023,07:03,25-05-2023,ASM INTERNATIONAL NV,NL0000334118,Dividend,,EUR,"12,50",EUR,"-261,60",
26-05-2023,07:03,25-05-2023,ASM INTERNATIONAL NV,NL0000334118,Dividendbelasting,,EUR,"-1,88",EUR,"-274,10",
25-05-2023,12:52,25-05-2023,KONINKLIJKE PHILIPS NV,NL0000009538,DEGIRO Transactiekosten en/of kosten van derden,,EUR,"-3,00",EUR,"-272,22",be0b01b8-6ee7-4599-835e-a275cad4716b
25-05-2023,12:52,25-05-2023,KONINKLIJKE PHILIPS NV,NL0000009538,Verkoop 19 @ 18 EUR,,EUR,"342,00",EUR,"-269,22",be0b01b8-6ee7-4599-835e-a275cad4716b
25-05-2023,10:49,24-05-2023,,,"Overboeking naar uw geldrekening bij flatexDEGIRO Bank: 2.092,65 USD",,,,USD,"2809,15",
25-05-2023,10:49,24-05-2023,FLATEX USD BANKACCOUNT,NLFLATEXACNT,Degiro Cash Sweep Transfer,,USD,"-2092,65",USD,"716,50",
24-05-2023,17:19,24-05-2023,,,"Overboeking van uw geldrekening bij flatexDEGIRO Bank 435,38 EUR",,,,EUR,"-611,22",
24-05-2023,17:19,24-05-2023,FLATEX EURO BANKACCOUNT,NLFLATEXACNT,Degiro Cash Sweep Transfer,,EUR,"435,38",EUR,"-175,84",
24-05-2023,16:37,24-05-2023,NVIDIA CORP,US67066G1040,DEGIRO Transactiekosten en/of kosten van derden,,EUR,"-2,00",EUR,"-611,22",e6f98399-84d4-42a7-9482-70891ec2dec1
24-05-2023,16:37,24-05-2023,NVIDIA CORP,US67066G1040,"Verkoop 7 @ 298,95 USD",,USD,"2092,65",USD,"2809,15",e6f98399-84d4-42a7-9482-70891ec2dec1
24-05-2023,11:06,23-05-2023,,,"Overboeking naar uw geldrekening bij flatexDEGIRO Bank: 716,5 USD",,,,USD,"716,50",
24-05-2023,11:06,23-05-2023,FLATEX USD BANKACCOUNT,NLFLATEXACNT,Degiro Cash Sweep Transfer,,USD,"-716,50",USD,"0,00",
24-05-2023,11:06,23-05-2023,,,"Overboeking naar uw geldrekening bij flatexDEGIRO Bank: 13,87 EUR",,,,EUR,"-609,22",
24-05-2023,11:06,23-05-2023,FLATEX EURO BANKACCOUNT,NLFLATEXACNT,Degiro Cash Sweep Transfer,,EUR,"-13,87",EUR,"-623,09",
24-05-2023,10:54,24-05-2023,VIVORYON THERAPEUTICS NV,NL00150002Q7,DEGIRO Transactiekosten en/of kosten van derden,,EUR,"-3,00",EUR,"-609,22",b927067e-6971-47bd-94fd-f30bd314f871
24-05-2023,10:54,24-05-2023,VIVORYON THERAPEUTICS NV,NL00150002Q7,"Koop 70 @ 14,88 EUR",,EUR,"-1041,60",EUR,"-606,22",b927067e-6971-47bd-94fd-f30bd314f871
23-05-2023,16:49,23-05-2023,,,"Overboeking naar uw geldrekening bij flatexDEGIRO Bank: 421,51 EUR",,,,EUR,"435,38",
23-05-2023,16:49,23-05-2023,FLATEX EURO BANKACCOUNT,NLFLATEXACNT,Degiro Cash Sweep Transfer,,EUR,"-421,51",EUR,"13,87",
23-05-2023,15:59,23-05-2023,CROCS INC,US2270461096,DEGIRO Transactiekosten en/of kosten van derden,,EUR,"-2,00",EUR,"435,38",97be3ecf-dc49-4540-9a78-05adc9de028e
23-05-2023,15:59,23-05-2023,CROCS INC,US2270461096,"Verkoop 10 @ 106,85 USD",,USD,"1068,50",USD,"716,50",97be3ecf-dc49-4540-9a78-05adc9de028e
23-05-2023,15:19,23-05-2023,KONINKLIJKE PHILIPS NV,NL0000009538,Verrekening van Aandelen,,EUR,"15,87",EUR,"437,38",
23-05-2023,09:08,23-05-2023,ZALANDO SE,DE000ZAL1111,DEGIRO Transactiekosten en/of kosten van derden,,EUR,"-4,90",EUR,"421,51",d636021f-c0a0-4ed9-b669-4dd2562401d1
23-05-2023,09:08,23-05-2023,ZALANDO SE,DE000ZAL1111,"Verkoop 15 @ 30,55 EUR",,EUR,"458,25",EUR,"426,41",d636021f-c0a0-4ed9-b669-4dd2562401d1
19-05-2023,17:19,19-05-2023,,,Overboeking van uw geldrekening bij flatexDEGIRO Bank 565 EUR,,,,EUR,"-31,84",
19-05-2023,17:19,19-05-2023,FLATEX EURO BANKACCOUNT,NLFLATEXACNT,Degiro Cash Sweep Transfer,,EUR,"565,00",EUR,"533,16",
19-05-2023,06:59,18-05-2023,APPLE INC,US0378331005,Dividend,,USD,"3,36",USD,"-352,00",
19-05-2023,06:59,18-05-2023,APPLE INC,US0378331005,Dividendbelasting,,USD,"-0,50",USD,"-355,36",
19-05-2023,04:51,18-05-2023,,,iDEAL Deposit,,EUR,"565,00",EUR,"-31,84",
19-05-2023,04:51,18-05-2023,,,Reservation iDEAL,,EUR,"-565,00",EUR,"-596,84",
18-05-2023,12:49,18-05-2023,,,Reservation iDEAL,,EUR,"565,00",EUR,"-31,84",
18-05-2023,10:53,11-05-2023,PHILIPS KONINKLIJKE - NON TRADEABLE,NL0000009538,STOCK DIVIDEND: Koop 0 @ 0 EUR,,EUR,"0,00",EUR,"-596,84",
17-05-2023,17:49,17-05-2023,,,"Overboeking van uw geldrekening bij flatexDEGIRO Bank 415,66 EUR",,,,EUR,"-596,84",
17-05-2023,17:49,17-05-2023,FLATEX EURO BANKACCOUNT,NLFLATEXACNT,Degiro Cash Sweep Transfer,,EUR,"415,66",EUR,"-181,18",
17-05-2023,10:31,17-05-2023,ALFEN NV,NL0012817175,DEGIRO Transactiekosten en/of kosten van derden,,EUR,"-3,00",EUR,"-596,84",3d8a993a-0539-4311-b0e5-78544519dd11
17-05-2023,10:31,17-05-2023,ALFEN NV,NL0012817175,"Koop 15 @ 67,3 EUR",,EUR,"-1009,50",EUR,"-593,84",3d8a993a-0539-4311-b0e5-78544519dd11
17-05-2023,09:49,16-05-2023,,,Overboeking van uw geldrekening bij flatexDEGIRO Bank 2 EUR,,,,EUR,"415,66",
17-05-2023,09:49,16-05-2023,FLATEX EURO BANKACCOUNT,NLFLATEXACNT,Degiro Cash Sweep Transfer,,EUR,"2,00",EUR,"417,66",
16-05-2023,15:49,16-05-2023,STARBUCKS CORP,US8552441094,DEGIRO Transactiekosten en/of kosten van derden,,EUR,"-2,00",EUR,"415,66",e37c80e8-4ac2-4901-adcf-ca16a3c0623b
16-05-2023,15:49,16-05-2023,STARBUCKS CORP,US8552441094,"Verkoop 3 @ 106,32 USD",,USD,"318,96",USD,"-354,86",e37c80e8-4ac2-4901-adcf-ca16a3c0623b
15-05-2023,16:19,15-05-2023,,,"Overboeking naar uw geldrekening bij flatexDEGIRO Bank: 394,4 EUR",,,,EUR,"417,66",
15-05-2023,16:19,15-05-2023,FLATEX EURO BANKACCOUNT,NLFLATEXACNT,Degiro Cash Sweep Transfer,,EUR,"-394,40",EUR,"23,26",
15-05-2023,11:40,15-05-2023,TENCENT HOLDINGS LTD,KYG875721634,DEGIRO Transactiekosten en/of kosten van derden,,EUR,"-3,90",EUR,"417,66",4c916217-125c-4ee1-bd86-76acfad79b40
15-05-2023,11:40,15-05-2023,TENCENT HOLDINGS LTD,KYG875721634,"Verkoop 10 @ 39,83 EUR",,EUR,"398,30",EUR,"421,56",4c916217-125c-4ee1-bd86-76acfad79b40
12-05-2023,17:19,12-05-2023,,,"Overboeking naar uw geldrekening bij flatexDEGIRO Bank: 3,4 EUR",,,,EUR,"23,26",
12-05-2023,17:19,12-05-2023,FLATEX EURO BANKACCOUNT,NLFLATEXACNT,Degiro Cash Sweep Transfer,,EUR,"-3,40",EUR,"19,86",
12-05-2023,07:15,11-05-2023,AMG CRITICAL MATERIALS NV,NL0000888691,Dividend,,EUR,"4,00",EUR,"23,26",
12-05-2023,07:15,11-05-2023,AMG CRITICAL MATERIALS NV,NL0000888691,Dividendbelasting,,EUR,"-0,60",EUR,"19,26",
11-05-2023,17:35,11-05-2023,,,"Overboeking naar uw geldrekening bij flatexDEGIRO Bank: 5,75 EUR",,,,EUR,"19,86",
11-05-2023,17:35,11-05-2023,FLATEX EURO BANKACCOUNT,NLFLATEXACNT,Degiro Cash Sweep Transfer,,EUR,"-5,75",EUR,"14,11",
11-05-2023,07:24,10-05-2023,ASML HOLDING NV,NL0010273215,Dividend,,EUR,"6,76",EUR,"19,86",
11-05-2023,07:24,10-05-2023,ASML HOLDING NV,NL0010273215,Dividendbelasting,,EUR,"-1,01",EUR,"13,10",
10-05-2023,11:21,09-05-2023,,,Overboeking van uw geldrekening bij flatexDEGIRO Bank 1 EUR,,,,EUR,"14,11",
10-05-2023,11:21,09-05-2023,FLATEX EURO BANKACCOUNT,NLFLATEXACNT,Degiro Cash Sweep Transfer,,EUR,"1,00",EUR,"15,11",
09-05-2023,20:18,09-05-2023,TRADE DESK INC CLASS A,US88339J1051,DEGIRO Transactiekosten en/of kosten van derden,,EUR,"-1,00",EUR,"14,11",d564336d-fbde-49a4-b13b-a79af3a29a0e
09-05-2023,20:18,09-05-2023,TRADE DESK INC CLASS A,US88339J1051,"Koop 5 @ 64,38 USD",,USD,"-321,90",USD,"-673,82",d564336d-fbde-49a4-b13b-a79af3a29a0e
09-05-2023,20:18,09-05-2023,TRADE DESK INC CLASS A,US88339J1051,"Koop 2 @ 64,38 USD",,USD,"-128,76",USD,"-351,92",d564336d-fbde-49a4-b13b-a79af3a29a0e
09-05-2023,20:18,09-05-2023,TRADE DESK INC CLASS A,US88339J1051,"Koop 2 @ 64,38 USD",,USD,"-128,76",USD,"-223,16",d564336d-fbde-49a4-b13b-a79af3a29a0e
09-05-2023,20:18,09-05-2023,TRADE DESK INC CLASS A,US88339J1051,"Koop 1 @ 64,38 USD",,USD,"-64,38",USD,"-94,40",d564336d-fbde-49a4-b13b-a79af3a29a0e
05-05-2023,17:19,05-05-2023,,,"Overboeking naar uw geldrekening bij flatexDEGIRO Bank: 14,54 EUR",,,,EUR,"15,11",
05-05-2023,17:19,05-05-2023,FLATEX EURO BANKACCOUNT,NLFLATEXACNT,Degiro Cash Sweep Transfer,,EUR,"-14,54",EUR,"0,57",
05-05-2023,07:23,04-05-2023,BE SEMICONDUCTOR INDUSTRIES NV,NL0012866412,Dividend,,EUR,"17,10",EUR,"15,11",
05-05-2023,07:23,04-05-2023,BE SEMICONDUCTOR INDUSTRIES NV,NL0012866412,Dividendbelasting,,EUR,"-2,56",EUR,"-1,99",
03-05-2023,17:04,03-05-2023,,,"Overboeking van uw geldrekening bij flatexDEGIRO Bank 0,03 EUR",,,,EUR,"0,57",
03-05-2023,17:04,03-05-2023,FLATEX EURO BANKACCOUNT,NLFLATEXACNT,Degiro Cash Sweep Transfer,,EUR,"0,03",EUR,"0,60",
03-05-2023,12:16,30-04-2023,,,Rente,,EUR,"-0,03",EUR,"0,57",
03-05-2023,11:49,02-05-2023,,,Overboeking van uw geldrekening bij flatexDEGIRO Bank 2 EUR,,,,EUR,"0,60",
03-05-2023,11:49,02-05-2023,FLATEX EURO BANKACCOUNT,NLFLATEXACNT,Degiro Cash Sweep Transfer,,EUR,"2,00",EUR,"2,60",
03-05-2023,11:49,02-05-2023,,,"Overboeking van uw geldrekening bij flatexDEGIRO Bank 17,71 USD",,,,USD,"-30,02",
03-05-2023,11:49,02-05-2023,FLATEX USD BANKACCOUNT,NLFLATEXACNT,Degiro Cash Sweep Transfer,,USD,"17,71",USD,"-12,31",
02-05-2023,15:38,02-05-2023,AMAZON.COM INC,US0231351067,DEGIRO Transactiekosten en/of kosten van derden,,EUR,"-1,00",EUR,"0,60",7fd69c6f-e65b-4cbd-b789-7e9bc57113c1
02-05-2023,15:38,02-05-2023,AMAZON.COM INC,US0231351067,Koop 4 @ 102 USD,,USD,"-408,00",USD,"-30,02",7fd69c6f-e65b-4cbd-b789-7e9bc57113c1
02-05-2023,15:35,02-05-2023,XENON PHARMACEUTICALS INC,CA98420N1050,DEGIRO Transactiekosten en/of kosten van derden,,EUR,"-1,00",EUR,"1,60",98e2884e-598a-4c1c-b2cc-d6c29576209c
02-05-2023,15:35,02-05-2023,XENON PHARMACEUTICALS INC,CA98420N1050,"Verkoop 9 @ 40,03 USD",,USD,"360,27",USD,"377,98",98e2884e-598a-4c1c-b2cc-d6c29576209c
21-04-2023,11:23,20-04-2023,,,Overboeking van uw geldrekening bij flatexDEGIRO Bank 1 EUR,,,,EUR,"2,60",
21-04-2023,11:23,20-04-2023,FLATEX EURO BANKACCOUNT,NLFLATEXACNT,Degiro Cash Sweep Transfer,,EUR,"1,00",EUR,"3,60",
21-04-2023,11:23,20-04-2023,,,"Overboeking van uw geldrekening bij flatexDEGIRO Bank 806,25 USD",,,,USD,"17,71",
21-04-2023,11:23,20-04-2023,FLATEX USD BANKACCOUNT,NLFLATEXACNT,Degiro Cash Sweep Transfer,,USD,"806,25",USD,"823,96",
20-04-2023,21:22,20-04-2023,TESLA INC,US88160R1014,DEGIRO Transactiekosten en/of kosten van derden,,EUR,"-1,00",EUR,"2,60",d052a34a-3826-444a-800d-11fcfc67c7be
20-04-2023,21:22,20-04-2023,TESLA INC,US88160R1014,"Koop 5 @ 161,25 USD",,USD,"-806,25",USD,"17,71",d052a34a-3826-444a-800d-11fcfc67c7be
19-04-2023,16:34,19-04-2023,,,"Overboeking van uw geldrekening bij flatexDEGIRO Bank 1.066,4 EUR",,,,EUR,"3,60",
19-04-2023,16:34,19-04-2023,FLATEX EURO BANKACCOUNT,NLFLATEXACNT,Degiro Cash Sweep Transfer,,EUR,"1066,40",EUR,"1070,00",
19-04-2023,04:51,18-04-2023,,,iDEAL Deposit,,EUR,"1070,00",EUR,"3,60",
19-04-2023,04:51,18-04-2023,,,Reservation iDEAL,,EUR,"-1070,00",EUR,"-1066,40",
18-04-2023,10:16,18-04-2023,,,Reservation iDEAL,,EUR,"1070,00",EUR,"3,60",
18-04-2023,10:05,18-04-2023,ALFEN NV,NL0012817175,DEGIRO Transactiekosten en/of kosten van derden,,EUR,"-3,00",EUR,"-1066,40",9f95f953-45e6-45d7-b962-8610c7a3992f
18-04-2023,10:05,18-04-2023,ALFEN NV,NL0012817175,"Koop 15 @ 69,94 EUR",,EUR,"-1049,10",EUR,"-1063,40",9f95f953-45e6-45d7-b962-8610c7a3992f
14-04-2023,14:24,14-04-2023,MEITUAN,KYG596691041,Verrekening van Aandelen,,EUR,"0,00",EUR,"-14,30",
06-04-2023,10:19,05-04-2023,,,"Overboeking van uw geldrekening bij flatexDEGIRO Bank 269,37 USD",,,,USD,"823,96",
06-04-2023,10:19,05-04-2023,FLATEX USD BANKACCOUNT,NLFLATEXACNT,Degiro Cash Sweep Transfer,,USD,"269,37",USD,"1093,33",
04-04-2023,19:10,31-03-2023,,,Rente,,EUR,"-0,09",EUR,"-14,30",
04-04-2023,16:27,04-04-2023,PALANTIR TECHNOLOGIES INC,US69608A1088,DEGIRO Transactiekosten en/of kosten van derden,,EUR,"-1,00",EUR,"-14,21",5f440c7e-d421-43f4-a4f2-c85f563575c3
04-04-2023,16:27,04-04-2023,PALANTIR TECHNOLOGIES INC,US69608A1088,"Verkoop 30 @ 8,35 USD",,USD,"250,50",USD,"823,96",5f440c7e-d421-43f4-a4f2-c85f563575c3
04-04-2023,12:19,03-04-2023,,,"Overboeking naar uw geldrekening bij flatexDEGIRO Bank: 519,87 USD",,,,USD,"573,46",
04-04-2023,12:19,03-04-2023,FLATEX USD BANKACCOUNT,NLFLATEXACNT,Degiro Cash Sweep Transfer,,USD,"-519,87",USD,"53,59",
03-04-2023,10:34,31-03-2023,,,"Overboeking naar uw geldrekening bij flatexDEGIRO Bank: 519,87 USD",,,,USD,"573,46",
03-04-2023,10:34,31-03-2023,FLATEX USD BANKACCOUNT,NLFLATEXACNT,Degiro Cash Sweep Transfer,,USD,"-519,87",USD,"53,59",
02-04-2023,23:01,31-03-2023,,,Flatex Interest Income,,EUR,"0,00",EUR,"-13,21",
02-04-2023,07:11,31-03-2023,,,Flatex Interest Income,,USD,"0,00",USD,"573,46",
31-03-2023,16:00,31-03-2023,QUALCOMM INC,US7475251036,DEGIRO Transactiekosten en/of kosten van derden,,EUR,"-1,00",EUR,"-13,21",d297024c-9afe-4040-8b78-808329d62692
31-03-2023,16:00,31-03-2023,QUALCOMM INC,US7475251036,"Verkoop 4 @ 126,78 USD",,USD,"507,12",USD,"573,46",d297024c-9afe-4040-8b78-808329d62692
31-03-2023,13:21,30-03-2023,,,"Overboeking naar uw geldrekening bij flatexDEGIRO Bank: 8,79 USD",,,,USD,"66,34",
31-03-2023,13:21,30-03-2023,FLATEX USD BANKACCOUNT,NLFLATEXACNT,Degiro Cash Sweep Transfer,,USD,"-8,79",USD,"57,55",
31-03-2023,09:40,29-03-2023,VNGRD FTSE ALL-WLD HGH DIV YLD UCITS,IE00B8GKDB10,Dividend,,USD,"12,75",USD,"66,34",
30-03-2023,12:19,29-03-2023,,,"Overboeking naar uw geldrekening bij flatexDEGIRO Bank: 0,46 USD",,,,USD,"53,59",
30-03-2023,12:19,29-03-2023,FLATEX USD BANKACCOUNT,NLFLATEXACNT,Degiro Cash Sweep Transfer,,USD,"-0,46",USD,"53,13",
30-03-2023,09:55,29-03-2023,VANGUARD FTSE ALL-WORLD UCITS ETF,IE00B3RBWM25,Dividend,,USD,"7,37",USD,"53,59",
30-03-2023,07:32,29-03-2023,NVIDIA CORP,US67066G1040,Dividend,,USD,"0,28",USD,"46,22",
30-03-2023,07:32,29-03-2023,NVIDIA CORP,US67066G1040,Dividendbelasting,,USD,"-0,04",USD,"45,94",
30-03-2023,07:12,29-03-2023,ADR ON VALE SA,US91912E1055,Dividend,,USD,"1,39",USD,"45,98",
30-03-2023,07:12,29-03-2023,ADR ON VALE SA,US91912E1055,Dividendbelasting,,USD,"-0,21",USD,"44,59",
29-03-2023,07:23,28-03-2023,ADR ON STMICROELECTRONICS NV,US8610121027,Dividend,,USD,"0,54",USD,"44,80",
29-03-2023,07:23,28-03-2023,ADR ON STMICROELECTRONICS NV,US8610121027,Dividendbelasting,,USD,"-0,08",USD,"44,26",
27-03-2023,10:49,24-03-2023,,,"Overboeking naar uw geldrekening bij flatexDEGIRO Bank: 2,55 USD",,,,USD,"44,34",
27-03-2023,10:49,24-03-2023,FLATEX USD BANKACCOUNT,NLFLATEXACNT,Degiro Cash Sweep Transfer,,USD,"-2,55",USD,"41,79",
27-03-2023,08:44,27-03-2023,MEITUAN - NON TRADEABLE,RCC188527108,"WIJZIGING ISIN: Verkoop 1 @ 17,052 EUR",,EUR,"17,05",EUR,"-12,21",
27-03-2023,08:44,27-03-2023,MEITUAN,KYG596691041,"WIJZIGING ISIN: Koop 1 @ 17,052 EUR",,EUR,"-17,05",EUR,"-29,26",
24-03-2023,05:57,23-03-2023,QUALCOMM INC,US7475251036,Dividend,,USD,"3,00",USD,"44,34",
24-03-2023,05:57,23-03-2023,QUALCOMM INC,US7475251036,Dividendbelasting,,USD,"-0,45",USD,"41,34",
23-03-2023,10:04,22-03-2023,,,"Overboeking naar uw geldrekening bij flatexDEGIRO Bank: 13,08 USD",,,,USD,"41,79",
23-03-2023,10:04,22-03-2023,FLATEX USD BANKACCOUNT,NLFLATEXACNT,Degiro Cash Sweep Transfer,,USD,"-13,08",USD,"28,71",
22-03-2023,19:09,22-03-2023,SUNRUN INC,US86771W1053,DEGIRO Transactiekosten en/of kosten van derden,,EUR,"-1,00",EUR,"-12,21",4bc08494-f629-4d01-be8d-98a3d2e36ea6
22-03-2023,19:09,22-03-2023,SUNRUN INC,US86771W1053,Koop 20 @ 19 USD,,USD,"-380,00",USD,"41,79",4bc08494-f629-4d01-be8d-98a3d2e36ea6
22-03-2023,19:05,22-03-2023,MICRON TECHNOLOGY INC,US5951121038,DEGIRO Transactiekosten en/of kosten van derden,,EUR,"-1,00",EUR,"-11,21",5b5c0fcd-b83a-44c6-9620-4e4bca968ed2
22-03-2023,19:05,22-03-2023,MICRON TECHNOLOGY INC,US5951121038,"Verkoop 4 @ 59,62 USD",,USD,"238,48",USD,"421,79",5b5c0fcd-b83a-44c6-9620-4e4bca968ed2
22-03-2023,19:03,22-03-2023,EDITAS MEDICINE INC,US28106W1036,DEGIRO Transactiekosten en/of kosten van derden,,EUR,"-1,00",EUR,"-10,21",51f64a76-f65a-4749-9d71-f8a068c6499b
22-03-2023,19:03,22-03-2023,EDITAS MEDICINE INC,US28106W1036,"Verkoop 20 @ 7,73 USD",,USD,"154,60",USD,"183,31",51f64a76-f65a-4749-9d71-f8a068c6499b
20-03-2023,11:37,17-03-2023,,,"Overboeking naar uw geldrekening bij flatexDEGIRO Bank: 1,27 USD",,,,USD,"28,71",
20-03-2023,11:37,17-03-2023,FLATEX USD BANKACCOUNT,NLFLATEXACNT,Degiro Cash Sweep Transfer,,USD,"-1,27",USD,"27,44",
17-03-2023,06:05,16-03-2023,ENERGIZER HOLDINGS INC,US29272W1099,Dividend,,USD,"1,50",USD,"28,71",
17-03-2023,06:05,16-03-2023,ENERGIZER HOLDINGS INC,US29272W1099,Dividendbelasting,,USD,"-0,23",USD,"27,21",
13-03-2023,11:37,10-03-2023,,,"Overboeking naar uw geldrekening bij flatexDEGIRO Bank: 1,73 USD",,,,USD,"27,44",
13-03-2023,11:37,10-03-2023,FLATEX USD BANKACCOUNT,NLFLATEXACNT,Degiro Cash Sweep Transfer,,USD,"-1,73",USD,"25,71",
10-03-2023,06:24,09-03-2023,MICROSOFT CORP,US5949181045,Dividend,,USD,"2,04",USD,"27,44",
10-03-2023,06:24,09-03-2023,MICROSOFT CORP,US5949181045,Dividendbelasting,,USD,"-0,31",USD,"25,40",
08-03-2023,10:19,07-03-2023,,,"Overboeking van uw geldrekening bij flatexDEGIRO Bank 111,24 USD",,,,USD,"25,71",
08-03-2023,10:19,07-03-2023,FLATEX USD BANKACCOUNT,NLFLATEXACNT,Degiro Cash Sweep Transfer,,USD,"111,24",USD,"136,95",
07-03-2023,19:08,07-03-2023,EUR/USD,EURUSD......,DEGIRO Transactiekosten en/of kosten van derden,,EUR,"-10,00",EUR,"-9,21",
07-03-2023,19:08,07-03-2023,EUR/USD,EURUSD......,Valuta Debitering,"1,0593",USD,"-10,59",USD,"25,71",
07-03-2023,19:08,07-03-2023,EUR/USD,EURUSD......,Valuta Creditering,,EUR,"10,00",EUR,"0,79",
07-03-2023,19:07,07-03-2023,EUR/USD,EURUSD......,DEGIRO Transactiekosten en/of kosten van derden,,EUR,"-10,00",EUR,"-9,21",
07-03-2023,19:07,07-03-2023,EUR/USD,EURUSD......,Valuta Debitering,"1,0594",USD,"-100,65",USD,"36,30",
07-03-2023,19:07,07-03-2023,EUR/USD,EURUSD......,Valuta Creditering,,EUR,"95,00",EUR,"0,79",
06-03-2023,11:36,03-03-2023,,,"Overboeking van uw geldrekening bij flatexDEGIRO Bank 517,62 USD",,,,USD,"136,95",
06-03-2023,11:36,03-03-2023,FLATEX USD BANKACCOUNT,NLFLATEXACNT,Degiro Cash Sweep Transfer,,USD,"517,62",USD,"654,57",
03-03-2023,17:19,03-03-2023,,,"Overboeking van uw geldrekening bij flatexDEGIRO Bank 397,44 EUR",,,,EUR,"-94,21",
03-03-2023,17:19,03-03-2023,FLATEX EURO BANKACCOUNT,NLFLATEXACNT,Degiro Cash Sweep Transfer,,EUR,"397,44",EUR,"303,23",
03-03-2023,16:29,03-03-2023,AMAZON.COM INC,US0231351067,DEGIRO Transactiekosten en/of kosten van derden,,EUR,"-1,00",EUR,"-94,21",2eb261a0-18b9-4948-89c9-a1f36f226f6e
03-03-2023,16:29,03-03-2023,AMAZON.COM INC,US0231351067,"Koop 3 @ 94,64 USD",,USD,"-283,92",USD,"136,95",2eb261a0-18b9-4948-89c9-a1f36f226f6e
03-03-2023,16:13,03-03-2023,ENERGIZER HOLDINGS INC,US29272W1099,DEGIRO Transactiekosten en/of kosten van derden,,EUR,"-1,00",EUR,"-93,21",b5bf1a60-aa2c-4ea6-a97d-a678c8936435
03-03-2023,16:13,03-03-2023,ENERGIZER HOLDINGS INC,US29272W1099,"Verkoop 5 @ 36,94 USD",,USD,"184,70",USD,"420,87",b5bf1a60-aa2c-4ea6-a97d-a678c8936435
03-03-2023,15:30,03-03-2023,HIMS & HERS HEALTH INC CLASS A,US4330001060,DEGIRO Transactiekosten en/of kosten van derden,,EUR,"-1,00",EUR,"-92,21",e013d008-a95a-422e-92b2-3a82986b01cc
03-03-2023,15:30,03-03-2023,HIMS & HERS HEALTH INC CLASS A,US4330001060,"Koop 40 @ 10,46 USD",,USD,"-418,40",USD,"236,17",e013d008-a95a-422e-92b2-3a82986b01cc
03-03-2023,10:27,03-03-2023,SIEMENS ENERGY AG,DE000ENER6Y0,DEGIRO Transactiekosten en/of kosten van derden,,EUR,"-4,90",EUR,"-91,21",7c70aa52-edbf-4b1d-96fd-19ac3c866b09
03-03-2023,10:27,03-03-2023,SIEMENS ENERGY AG,DE000ENER6Y0,"Koop 10 @ 19,6 EUR",,EUR,"-196,00",EUR,"-86,31",7c70aa52-edbf-4b1d-96fd-19ac3c866b09
03-03-2023,10:24,03-03-2023,ATOS SE,FR0000051732,Transactiebelasting Frankrijk,,EUR,"-0,85",EUR,"109,69",72d63433-12db-42de-89a7-5940ca9e22da
03-03-2023,10:24,03-03-2023,ATOS SE,FR0000051732,DEGIRO Transactiekosten en/of kosten van derden,,EUR,"-4,90",EUR,"110,54",72d63433-12db-42de-89a7-5940ca9e22da
03-03-2023,10:24,03-03-2023,ATOS SE,FR0000051732,"Koop 20 @ 14,1 EUR",,EUR,"-282,00",EUR,"115,44",72d63433-12db-42de-89a7-5940ca9e22da
28-02-2023,10:25,27-02-2023,,,"Overboeking naar uw geldrekening bij flatexDEGIRO Bank: 1,35 USD",,,,USD,"654,57",
28-02-2023,10:25,27-02-2023,FLATEX USD BANKACCOUNT,NLFLATEXACNT,Degiro Cash Sweep Transfer,,USD,"-1,35",USD,"653,22",
27-02-2023,17:04,27-02-2023,,,"Overboeking naar uw geldrekening bij flatexDEGIRO Bank: 395,49 EUR",,,,EUR,"397,44",
27-02-2023,17:04,27-02-2023,FLATEX EURO BANKACCOUNT,NLFLATEXACNT,Degiro Cash Sweep Transfer,,EUR,"-395,49",EUR,"1,95",
27-02-2023,10:49,24-02-2023,,,"Overboeking naar uw geldrekening bij flatexDEGIRO Bank: 225,9 USD",,,,USD,"654,57",
27-02-2023,10:49,24-02-2023,FLATEX USD BANKACCOUNT,NLFLATEXACNT,Degiro Cash Sweep Transfer,,USD,"-225,90",USD,"428,67",
27-02-2023,10:49,24-02-2023,,,Overboeking van uw geldrekening bij flatexDEGIRO Bank 1 EUR,,,,EUR,"397,44",
27-02-2023,10:49,24-02-2023,FLATEX EURO BANKACCOUNT,NLFLATEXACNT,Degiro Cash Sweep Transfer,,EUR,"1,00",EUR,"398,44",
27-02-2023,10:14,27-02-2023,THULE GROUP AB,SE0006422390,Valuta Debitering,"11,0913",SEK,"-888,00",SEK,"0,00",a7a704aa-ca5f-4ec5-addc-ff3e88258288
27-02-2023,10:14,27-02-2023,THULE GROUP AB,SE0006422390,Valuta Creditering,,EUR,"80,06",EUR,"397,44",a7a704aa-ca5f-4ec5-addc-ff3e88258288
27-02-2023,10:14,27-02-2023,THULE GROUP AB,SE0006422390,Verkoop 4 @ 222 SEK,,SEK,"888,00",SEK,"888,00",a7a704aa-ca5f-4ec5-addc-ff3e88258288
27-02-2023,10:06,27-02-2023,THULE GROUP AB,SE0006422390,Valuta Debitering,"11,0887",SEK,"-3552,00",SEK,"0,00",a7a704aa-ca5f-4ec5-addc-ff3e88258288
27-02-2023,10:06,27-02-2023,THULE GROUP AB,SE0006422390,Valuta Creditering,,EUR,"320,33",EUR,"317,38",a7a704aa-ca5f-4ec5-addc-ff3e88258288
27-02-2023,10:06,27-02-2023,THULE GROUP AB,SE0006422390,DEGIRO Transactiekosten en/of kosten van derden,,EUR,"-4,90",EUR,"-2,95",a7a704aa-ca5f-4ec5-addc-ff3e88258288
27-02-2023,10:06,27-02-2023,THULE GROUP AB,SE0006422390,Verkoop 16 @ 222 SEK,,SEK,"3552,00",SEK,"3552,00",a7a704aa-ca5f-4ec5-addc-ff3e88258288
27-02-2023,07:21,24-02-2023,STARBUCKS CORP,US8552441094,Dividend,,USD,"1,59",USD,"654,57",
27-02-2023,07:21,24-02-2023,STARBUCKS CORP,US8552441094,Dividendbelasting,,USD,"-0,24",USD,"652,98",
24-02-2023,16:12,24-02-2023,AES CORP,US00130H1059,DEGIRO Transactiekosten en/of kosten van derden,,EUR,"-1,00",EUR,"1,95",b275db3f-4f03-476a-9c9d-eeea07be03d5
24-02-2023,16:12,24-02-2023,AES CORP,US00130H1059,"Verkoop 9 @ 25,1 USD",,USD,"225,90",USD,"653,22",b275db3f-4f03-476a-9c9d-eeea07be03d5
23-02-2023,09:55,22-02-2023,,,"Overboeking naar uw geldrekening bij flatexDEGIRO Bank: 423,31 USD",,,,USD,"427,32",
23-02-2023,09:55,22-02-2023,FLATEX USD BANKACCOUNT,NLFLATEXACNT,Degiro Cash Sweep Transfer,,USD,"-423,31",USD,"4,01",
23-02-2023,09:55,22-02-2023,,,Overboeking van uw geldrekening bij flatexDEGIRO Bank 1 EUR,,,,EUR,"2,95",
23-02-2023,09:55,22-02-2023,FLATEX EURO BANKACCOUNT,NLFLATEXACNT,Degiro Cash Sweep Transfer,,EUR,"1,00",EUR,"3,95",
22-02-2023,18:19,22-02-2023,ADR ON VALE SA,US91912E1055,DEGIRO Transactiekosten en/of kosten van derden,,EUR,"-1,00",EUR,"2,95",44ca64d9-e17a-4826-9451-4b107b6eda3e
22-02-2023,18:19,22-02-2023,ADR ON VALE SA,US91912E1055,"Verkoop 25 @ 16,95 USD",,USD,"423,75",USD,"427,32",44ca64d9-e17a-4826-9451-4b107b6eda3e
22-02-2023,10:41,21-02-2023,ADR ON NIO INC CLASS A ORD SHS,US62914V1061,ADR/GDR Externe Kosten,,USD,"-0,44",USD,"3,57",
20-02-2023,11:36,17-02-2023,,,"Overboeking naar uw geldrekening bij flatexDEGIRO Bank: 2,74 USD",,,,USD,"4,01",
20-02-2023,11:36,17-02-2023,FLATEX USD BANKACCOUNT,NLFLATEXACNT,Degiro Cash Sweep Transfer,,USD,"-2,74",USD,"1,27",
17-02-2023,11:49,16-02-2023,,,"Overboeking naar uw geldrekening bij flatexDEGIRO Bank: 1,27 USD",,,,USD,"4,01",
17-02-2023,11:49,16-02-2023,FLATEX USD BANKACCOUNT,NLFLATEXACNT,Degiro Cash Sweep Transfer,,USD,"-1,27",USD,"2,74",
17-02-2023,07:03,16-02-2023,APPLE INC,US0378331005,Dividend,,USD,"3,22",USD,"4,01",
17-02-2023,07:03,16-02-2023,APPLE INC,US0378331005,Dividendbelasting,,USD,"-0,48",USD,"0,79",
16-02-2023,17:23,16-02-2023,,,"Overboeking naar uw geldrekening bij flatexDEGIRO Bank: 3,95 EUR",,,,EUR,"3,95",
16-02-2023,17:23,16-02-2023,FLATEX EURO BANKACCOUNT,NLFLATEXACNT,Degiro Cash Sweep Transfer,,EUR,"-3,95",EUR,"0,00",
16-02-2023,12:28,15-02-2023,ASML HOLDING NV,NL0010273215,Dividend,,EUR,"5,48",EUR,"3,95",
16-02-2023,12:28,15-02-2023,ASML HOLDING NV,NL0010273215,Dividendbelasting,,EUR,"-0,82",EUR,"-1,53",
16-02-2023,07:23,15-02-2023,AES CORP,US00130H1059,Dividend,,USD,"1,49",USD,"1,27",
16-02-2023,07:23,15-02-2023,AES CORP,US00130H1059,Dividendbelasting,,USD,"-0,22",USD,"-0,22",
01-02-2023,14:24,31-01-2023,,,Rente,,EUR,"-0,01",EUR,"-0,71",
27-01-2023,07:34,26-01-2023,,,Valuta Creditering,,EUR,"2,07",EUR,"-0,70",
27-01-2023,07:34,26-01-2023,,,Valuta Debitering,"1,0919",USD,"-2,26",USD,"0,00",
26-01-2023,07:19,25-01-2023,CISCO SYSTEMS INC,US17275R1023,Dividend,,USD,"2,66",USD,"2,26",
26-01-2023,07:19,25-01-2023,CISCO SYSTEMS INC,US17275R1023,Dividendbelasting,,USD,"-0,40",USD,"-0,40",
21-01-2023,07:34,20-01-2023,,,Valuta Creditering,,EUR,"0,36",EUR,"-2,77",
21-01-2023,07:34,20-01-2023,,,Valuta Debitering,"1,0884",USD,"-0,39",USD,"0,00",
20-01-2023,07:06,19-01-2023,MICRON TECHNOLOGY INC,US5951121038,Dividend,,USD,"0,46",USD,"0,39",
20-01-2023,07:06,19-01-2023,MICRON TECHNOLOGY INC,US5951121038,Dividendbelasting,,USD,"-0,07",USD,"-0,07",
18-01-2023,11:19,17-01-2023,,,"Overboeking van uw geldrekening bij flatexDEGIRO Bank 6,59 EUR",,,,EUR,"-3,13",
18-01-2023,11:19,17-01-2023,FLATEX EURO BANKACCOUNT,NLFLATEXACNT,Degiro Cash Sweep Transfer,,EUR,"6,59",EUR,"3,46",
17-01-2023,16:07,17-01-2023,ADR ON NIO INC CLASS A ORD SHS,US62914V1061,Valuta Creditering,"1,0810",USD,"615,60",USD,"0,00",589c6ca0-5667-4a2c-81ee-0acf17fae588
17-01-2023,16:07,17-01-2023,ADR ON NIO INC CLASS A ORD SHS,US62914V1061,Valuta Debitering,,EUR,"-569,48",EUR,"-3,13",589c6ca0-5667-4a2c-81ee-0acf17fae588
17-01-2023,16:07,17-01-2023,ADR ON NIO INC CLASS A ORD SHS,US62914V1061,DEGIRO Transactiekosten en/of kosten van derden,,EUR,"-1,00",EUR,"566,35",589c6ca0-5667-4a2c-81ee-0acf17fae588
17-01-2023,16:07,17-01-2023,ADR ON NIO INC CLASS A ORD SHS,US62914V1061,"Koop 54 @ 11,4 USD",,USD,"-615,60",USD,"-615,60",589c6ca0-5667-4a2c-81ee-0acf17fae588
17-01-2023,15:30,17-01-2023,ADR ON NIO INC CLASS A ORD SHS,US62914V1061,Valuta Debitering,"1,0891",USD,"-611,82",USD,"0,00",f6e9a5fe-e2c1-48a9-8cd8-6fa64c5b10aa
17-01-2023,15:30,17-01-2023,ADR ON NIO INC CLASS A ORD SHS,US62914V1061,Valuta Creditering,,EUR,"561,76",EUR,"567,35",f6e9a5fe-e2c1-48a9-8cd8-6fa64c5b10aa
17-01-2023,15:30,17-01-2023,ADR ON NIO INC CLASS A ORD SHS,US62914V1061,DEGIRO Transactiekosten en/of kosten van derden,,EUR,"-1,00",EUR,"5,59",f6e9a5fe-e2c1-48a9-8cd8-6fa64c5b10aa
17-01-2023,15:30,17-01-2023,ADR ON NIO INC CLASS A ORD SHS,US62914V1061,"Verkoop 54 @ 11,33 USD",,USD,"611,82",USD,"611,82",f6e9a5fe-e2c1-48a9-8cd8-6fa64c5b10aa
16-01-2023,17:19,16-01-2023,,,"Overboeking van uw geldrekening bij flatexDEGIRO Bank 0,01 EUR",,,,EUR,"6,59",
16-01-2023,17:19,16-01-2023,FLATEX EURO BANKACCOUNT,NLFLATEXACNT,Degiro Cash Sweep Transfer,,EUR,"0,01",EUR,"6,60",
16-01-2023,10:34,13-01-2023,,,"Overboeking naar uw geldrekening bij flatexDEGIRO Bank: 6,6 EUR",,,,EUR,"6,59",
16-01-2023,10:34,13-01-2023,FLATEX EURO BANKACCOUNT,NLFLATEXACNT,Degiro Cash Sweep Transfer,,EUR,"-6,60",EUR,"-0,01",
14-01-2023,08:33,13-01-2023,,,Valuta Debitering,,EUR,"-0,01",EUR,"6,59",
14-01-2023,08:33,13-01-2023,,,Valuta Creditering,"1,0804",USD,"0,01",USD,"0,00",
13-01-2023,21:46,13-01-2023,ADR ON NIO INC CLASS A ORD SHS,US62914V1061,Valuta Creditering,"1,0805",USD,"634,50",USD,"-0,01",3b6ac19d-6b8b-44ae-95e7-4a11b6b07d5c
13-01-2023,21:46,13-01-2023,ADR ON NIO INC CLASS A ORD SHS,US62914V1061,Valuta Debitering,,EUR,"-587,23",EUR,"6,60",3b6ac19d-6b8b-44ae-95e7-4a11b6b07d5c
13-01-2023,21:46,13-01-2023,ADR ON NIO INC CLASS A ORD SHS,US62914V1061,DEGIRO Transactiekosten en/of kosten van derden,,EUR,"-1,00",EUR,"593,83",3b6ac19d-6b8b-44ae-95e7-4a11b6b07d5c
13-01-2023,21:46,13-01-2023,ADR ON NIO INC CLASS A ORD SHS,US62914V1061,"Koop 54 @ 11,75 USD",,USD,"-634,50",USD,"-634,51",3b6ac19d-6b8b-44ae-95e7-4a11b6b07d5c
13-01-2023,16:09,13-01-2023,CISCO SYSTEMS INC,US17275R1023,Valuta Debitering,"1,0848",USD,"-339,96",USD,"-0,01",50ad8691-826c-409b-be2c-6d1ea88916c0
13-01-2023,16:09,13-01-2023,CISCO SYSTEMS INC,US17275R1023,Valuta Creditering,,EUR,"313,38",EUR,"594,83",50ad8691-826c-409b-be2c-6d1ea88916c0
13-01-2023,16:09,13-01-2023,CISCO SYSTEMS INC,US17275R1023,DEGIRO Transactiekosten en/of kosten van derden,,EUR,"-1,00",EUR,"281,45",50ad8691-826c-409b-be2c-6d1ea88916c0
13-01-2023,16:09,13-01-2023,CISCO SYSTEMS INC,US17275R1023,"Verkoop 7 @ 48,565 USD",,USD,"339,96",USD,"339,95",50ad8691-826c-409b-be2c-6d1ea88916c0
13-01-2023,15:51,13-01-2023,1LIFE HEALTHCARE INC,US68269G1076,Valuta Debitering,"1,0840",USD,"-148,50",USD,"0,00",e0546999-99a8-4299-8272-7ae1f2282eef
13-01-2023,15:51,13-01-2023,1LIFE HEALTHCARE INC,US68269G1076,Valuta Creditering,,EUR,"136,99",EUR,"282,45",e0546999-99a8-4299-8272-7ae1f2282eef
13-01-2023,15:51,13-01-2023,1LIFE HEALTHCARE INC,US68269G1076,DEGIRO Transactiekosten en/of kosten van derden,,EUR,"-1,00",EUR,"145,46",e0546999-99a8-4299-8272-7ae1f2282eef
13-01-2023,15:51,13-01-2023,1LIFE HEALTHCARE INC,US68269G1076,"Verkoop 9 @ 16,5 USD",,USD,"148,50",USD,"148,50",e0546999-99a8-4299-8272-7ae1f2282eef
13-01-2023,15:36,13-01-2023,ASPEN PHARMACARE HOLDINGS LTD,ZAE000066692,DEGIRO Transactiekosten en/of kosten van derden,,EUR,"-3,90",EUR,"146,46",4642ac0d-5189-4074-a3cf-94fcf6aae8f3
13-01-2023,15:36,13-01-2023,ASPEN PHARMACARE HOLDINGS LTD,ZAE000066692,"Verkoop 20 @ 7,75 EUR",,EUR,"155,00",EUR,"150,36",4642ac0d-5189-4074-a3cf-94fcf6aae8f3
09-01-2023,09:40,09-01-2023,MEITUAN - NON TRADEABLE,RCC188527108,"WIJZIGING ISIN: Koop 1 @ 22,305 EUR",,EUR,"-22,30",EUR,"-4,64",
09-01-2023,09:40,09-01-2023,MEITUAN - NON TRADEABLE,KYG596691041,"WIJZIGING ISIN: Verkoop 1 @ 22,305 EUR",,EUR,"22,30",EUR,"17,67",
06-01-2023,16:17,31-12-2022,,,Rente,,EUR,"-3,76",EUR,"-4,64",
05-01-2023,07:52,05-01-2023,MEITUAN - NON TRADEABLE,KYG596691041,SPIN-OFF: Koop 1 @ 0 EUR,,EUR,"0,00",EUR,"-0,88",
05-01-2023,04:22,02-01-2023,,,Flatex Interest Income,,EUR,"0,00",EUR,"-0,88",
04-01-2023,05:35,03-01-2023,,,"Overboeking van uw geldrekening bij flatexDEGIRO Bank 25,66 EUR",,,,EUR,"-0,88",
04-01-2023,05:35,03-01-2023,FLATEX EURO BANKACCOUNT,NLFLATEXACNT,Degiro Cash Sweep Transfer,,EUR,"25,66",EUR,"24,78",
03-01-2023,14:20,02-01-2023,,,"Overboeking naar uw geldrekening bij flatexDEGIRO Bank: 11,54 EUR",,,,EUR,"-0,88",
03-01-2023,14:20,02-01-2023,FLATEX EURO BANKACCOUNT,NLFLATEXACNT,Degiro Cash Sweep Transfer,,EUR,"-11,54",EUR,"-12,42",
03-01-2023,14:04,31-12-2022,,,DEGIRO Aansluitingskosten 2023 (Nasdaq Stockholm AB - OMX),,EUR,"-2,50",EUR,"-0,88",
03-01-2023,14:04,31-12-2022,,,DEGIRO Aansluitingskosten 2023 (Euronext Paris - EPA),,EUR,"-2,50",EUR,"1,62",
03-01-2023,14:04,31-12-2022,,,DEGIRO Aansluitingskosten 2023 (New York Stock Exchange - NSY),,EUR,"-2,50",EUR,"4,12",
03-01-2023,14:04,31-12-2022,,,DEGIRO Aansluitingskosten 2023 (Nasdaq - NDQ),,EUR,"-2,50",EUR,"6,62",
03-01-2023,14:04,31-12-2022,,,DEGIRO Aansluitingskosten 2023 (Tradegate AG - TDG),,EUR,"-2,50",EUR,"9,12",
03-01-2023,14:04,31-12-2022,,,DEGIRO Aansluitingskosten 2023 (Xetra - XET),,EUR,"-2,50",EUR,"11,62",
03-01-2023,00:52,02-01-2023,,,Flatex Interest Income,,USD,"0,00",USD,"0,00",
03-01-2023,00:34,02-01-2023,,,"Overboeking naar uw geldrekening bij flatexDEGIRO Bank: 11,54 EUR",,,,EUR,"14,12",
03-01-2023,00:34,02-01-2023,FLATEX EURO BANKACCOUNT,NLFLATEXACNT,Degiro Cash Sweep Transfer,,EUR,"-11,54",EUR,"2,58",
31-12-2022,07:35,30-12-2022,,,Valuta Creditering,,EUR,"11,54",EUR,"14,12",
31-12-2022,07:35,30-12-2022,,,Valuta Debitering,"1,0732",USD,"-12,39",USD,"0,00",
30-12-2022,20:04,30-12-2022,,,"Overboeking naar uw geldrekening bij flatexDEGIRO Bank: 2,58 EUR",,,,EUR,"2,58",
30-12-2022,20:04,30-12-2022,FLATEX EURO BANKACCOUNT,NLFLATEXACNT,Degiro Cash Sweep Transfer,,EUR,"-2,58",EUR,"0,00",
30-12-2022,07:44,29-12-2022,,,Valuta Creditering,,EUR,"6,37",EUR,"2,58",
30-12-2022,07:44,29-12-2022,,,Valuta Debitering,"1,0688",USD,"-6,81",USD,"12,39",
30-12-2022,07:07,28-12-2022,VNGRD FTSE ALL-WLD HGH DIV YLD UCITS,IE00B8GKDB10,Dividend,,USD,"12,39",USD,"19,20",
29-12-2022,07:27,28-12-2022,VANGUARD FTSE ALL-WORLD UCITS ETF,IE00B3RBWM25,Dividend,,USD,"6,81",USD,"6,81",
27-12-2022,16:49,27-12-2022,,,"Overboeking van uw geldrekening bij flatexDEGIRO Bank 51,4 EUR",,,,EUR,"-3,79",
27-12-2022,16:49,27-12-2022,FLATEX EURO BANKACCOUNT,NLFLATEXACNT,Degiro Cash Sweep Transfer,,EUR,"51,40",EUR,"47,61",
27-12-2022,14:25,27-12-2022,VNGRD FTSE ALL-WLD HGH DIV YLD UCITS,IE00B8GKDB10,"Koop 1 @ 55,188 EUR",,EUR,"-55,19",EUR,"-3,79",de867a5a-e57c-48e9-97a5-1af09c0d02d4
27-12-2022,12:19,26-12-2022,,,"Overboeking naar uw geldrekening bij flatexDEGIRO Bank: 0,23 EUR",,,,EUR,"51,40",
27-12-2022,12:19,26-12-2022,FLATEX EURO BANKACCOUNT,NLFLATEXACNT,Degiro Cash Sweep Transfer,,EUR,"-0,23",EUR,"51,17",
24-12-2022,07:38,23-12-2022,,,Valuta Creditering,,EUR,"0,23",EUR,"51,40",
24-12-2022,07:38,23-12-2022,,,Valuta Debitering,"1,0643",USD,"-0,24",USD,"0,00",
23-12-2022,07:29,22-12-2022,NVIDIA CORP,US67066G1040,Dividend,,USD,"0,28",USD,"0,24",
23-12-2022,07:29,22-12-2022,NVIDIA CORP,US67066G1040,Dividendbelasting,,USD,"-0,04",USD,"-0,04",
22-12-2022,19:33,22-12-2022,,,"Overboeking van uw geldrekening bij flatexDEGIRO Bank 1.948,83 EUR",,,,EUR,"51,17",
22-12-2022,19:33,22-12-2022,FLATEX EURO BANKACCOUNT,NLFLATEXACNT,Degiro Cash Sweep Transfer,,EUR,"1948,83",EUR,"2000,00",
22-12-2022,09:51,21-12-2022,,,iDEAL Deposit,,EUR,"1000,00",EUR,"51,17",
22-12-2022,09:51,21-12-2022,,,Reservation iDEAL,,EUR,"-1000,00",EUR,"-948,83",
22-12-2022,09:50,21-12-2022,,,iDEAL Deposit,,EUR,"1000,00",EUR,"51,17",
22-12-2022,09:50,21-12-2022,,,Reservation iDEAL,,EUR,"-1000,00",EUR,"-948,83",
22-12-2022,07:33,21-12-2022,,,Valuta Creditering,,EUR,"0,43",EUR,"51,17",
22-12-2022,07:33,21-12-2022,,,Valuta Debitering,"1,0631",USD,"-0,46",USD,"0,00",
21-12-2022,07:08,20-12-2022,ADR ON STMICROELECTRONICS NV,US8610121027,Dividend,,USD,"0,54",USD,"0,46",
21-12-2022,07:08,20-12-2022,ADR ON STMICROELECTRONICS NV,US8610121027,Dividendbelasting,,USD,"-0,08",USD,"-0,08",
20-12-2022,22:27,20-12-2022,,,Reservation iDEAL,,EUR,"1000,00",EUR,"50,74",
20-12-2022,22:27,20-12-2022,,,Reservation iDEAL,,EUR,"1000,00",EUR,"-949,26",
20-12-2022,07:32,19-12-2022,,,Valuta Creditering,,EUR,"1,19",EUR,"-1949,26",
20-12-2022,07:32,19-12-2022,,,Valuta Debitering,"1,0633",USD,"-1,27",USD,"0,00",
19-12-2022,07:09,16-12-2022,ENERGIZER HOLDINGS INC,US29272W1099,Dividend,,USD,"1,50",USD,"1,27",
19-12-2022,07:09,16-12-2022,ENERGIZER HOLDINGS INC,US29272W1099,Dividendbelasting,,USD,"-0,23",USD,"-0,23",
17-12-2022,08:40,16-12-2022,,,Valuta Creditering,,EUR,"2,40",EUR,"-1950,45",
17-12-2022,08:40,16-12-2022,,,Valuta Debitering,"1,0613",USD,"-2,55",USD,"0,00",
16-12-2022,09:01,15-12-2022,QUALCOMM INC,US7475251036,Dividend,,USD,"3,00",USD,"2,55",
16-12-2022,09:01,15-12-2022,QUALCOMM INC,US7475251036,Dividendbelasting,,USD,"-0,45",USD,"-0,45",
12-12-2022,19:47,12-12-2022,TESLA INC,US88160R1014,Valuta Creditering,"1,0491",USD,"508,23",USD,"0,00",2257e81a-2a8f-4457-94b7-9ac6b8ecbf92
12-12-2022,19:47,12-12-2022,TESLA INC,US88160R1014,Valuta Debitering,,EUR,"-484,46",EUR,"-1952,85",2257e81a-2a8f-4457-94b7-9ac6b8ecbf92
12-12-2022,19:47,12-12-2022,TESLA INC,US88160R1014,DEGIRO Transactiekosten en/of kosten van derden,,EUR,"-1,00",EUR,"-1468,39",2257e81a-2a8f-4457-94b7-9ac6b8ecbf92
12-12-2022,19:47,12-12-2022,TESLA INC,US88160R1014,"Koop 3 @ 169,41 USD",,USD,"-508,23",USD,"-508,23",2257e81a-2a8f-4457-94b7-9ac6b8ecbf92
10-12-2022,07:36,09-12-2022,,,Valuta Creditering,,EUR,"1,64",EUR,"-1467,39",
10-12-2022,07:36,09-12-2022,,,Valuta Debitering,"1,0567",USD,"-1,73",USD,"0,00",
09-12-2022,16:26,08-12-2022,MICROSOFT CORP,US5949181045,Dividend,,USD,"2,04",USD,"1,73",
09-12-2022,16:26,08-12-2022,MICROSOFT CORP,US5949181045,Dividendbelasting,,USD,"-0,31",USD,"-0,31",
09-12-2022,07:33,08-12-2022,,,Valuta Creditering,,EUR,"291,28",EUR,"-1469,03",
09-12-2022,07:33,08-12-2022,,,Valuta Debitering,"1,0583",USD,"-308,25",USD,"0,00",
08-12-2022,08:41,07-12-2022,SWITCH INC,US87105L1044,Contante Verrekening Aandelen,,USD,"308,25",USD,"308,25",
08-12-2022,08:41,07-12-2022,SWITCH INC,US87105L1044,DELISTING: Verkoop 9 @ 0 USD,,USD,"0,00",USD,"0,00",
03-12-2022,07:42,02-12-2022,,,Valuta Creditering,,EUR,"0,38",EUR,"-1760,31",
03-12-2022,07:42,02-12-2022,,,Valuta Debitering,"1,0562",USD,"-0,40",USD,"0,00",
02-12-2022,07:38,01-12-2022,,,Valuta Debitering,,EUR,"-3,98",EUR,"-1760,69",
02-12-2022,07:38,01-12-2022,,,Valuta Creditering,"1,0493",USD,"4,18",USD,"0,40",
02-12-2022,07:08,01-12-2022,SWITCH INC,US87105L1044,Dividend,,USD,"0,47",USD,"-3,78",
02-12-2022,07:08,01-12-2022,SWITCH INC,US87105L1044,Dividendbelasting,,USD,"-0,07",USD,"-4,25",
01-12-2022,14:11,30-11-2022,,,Rente,,USD,"-4,18",USD,"-4,18",
01-12-2022,14:11,30-11-2022,,,Rente,,EUR,"-6,49",EUR,"-1756,71",
29-11-2022,07:33,28-11-2022,,,Valuta Creditering,,EUR,"1,30",EUR,"-1750,22",
29-11-2022,07:33,28-11-2022,,,Valuta Debitering,"1,0365",USD,"-1,35",USD,"0,00",
28-11-2022,07:14,25-11-2022,STARBUCKS CORP,US8552441094,Dividend,,USD,"1,59",USD,"1,35",
28-11-2022,07:14,25-11-2022,STARBUCKS CORP,US8552441094,Dividendbelasting,,USD,"-0,24",USD,"-0,24",
25-11-2022,16:18,25-11-2022,,,Overboeking van uw geldrekening bij flatexDEGIRO Bank 1.800 EUR,,,,EUR,"-1751,52",
25-11-2022,16:18,25-11-2022,FLATEX EURO BANKACCOUNT,NLFLATEXACNT,Degiro Cash Sweep Transfer,,EUR,"1800,00",EUR,"48,48",
25-11-2022,09:51,24-11-2022,,,iDEAL Deposit,,EUR,"800,00",EUR,"-1751,52",
25-11-2022,09:51,24-11-2022,,,Reservation iDEAL,,EUR,"-800,00",EUR,"-2551,52",
25-11-2022,09:51,24-11-2022,,,iDEAL Deposit,,EUR,"1000,00",EUR,"-1751,52",
25-11-2022,09:51,24-11-2022,,,Reservation iDEAL,,EUR,"-1000,00",EUR,"-2751,52",
24-11-2022,12:11,24-11-2022,,,Reservation iDEAL,,EUR,"800,00",EUR,"-1751,52",
24-11-2022,12:09,24-11-2022,,,Reservation iDEAL,,EUR,"1000,00",EUR,"-2551,52",
17-11-2022,08:22,16-11-2022,,,Valuta Creditering,,EUR,"1,16",EUR,"-3551,52",
17-11-2022,08:22,16-11-2022,,,Valuta Debitering,"1,0421",USD,"-1,21",USD,"0,00",
16-11-2022,07:24,15-11-2022,AES CORP,US00130H1059,Dividend,,USD,"1,42",USD,"1,21",
16-11-2022,07:24,15-11-2022,AES CORP,US00130H1059,Dividendbelasting,,USD,"-0,21",USD,"-0,21",
15-11-2022,07:39,14-11-2022,ASML HOLDING NV,NL0010273215,Dividend,,EUR,"5,48",EUR,"-3552,68",
15-11-2022,07:39,14-11-2022,ASML HOLDING NV,NL0010273215,Dividendbelasting,,EUR,"-0,82",EUR,"-3558,16",
14-11-2022,17:49,14-11-2022,,,"Overboeking van uw geldrekening bij flatexDEGIRO Bank 84,69 EUR",,,,EUR,"-3557,34",
14-11-2022,17:49,14-11-2022,FLATEX EURO BANKACCOUNT,NLFLATEXACNT,Degiro Cash Sweep Transfer,,EUR,"84,69",EUR,"-3472,65",
12-11-2022,07:40,11-11-2022,,,Valuta Debitering,,EUR,"-3642,03",EUR,"-3557,34",
12-11-2022,07:40,11-11-2022,,,Valuta Creditering,"1,0322",USD,"3759,24",USD,"0,00",
11-11-2022,07:24,10-11-2022,APPLE INC,US0378331005,Dividend,,USD,"3,22",USD,"-3759,24",
11-11-2022,07:24,10-11-2022,APPLE INC,US0378331005,Dividendbelasting,,USD,"-0,48",USD,"-3762,46",
03-11-2022,17:49,03-11-2022,,,"Overboeking van uw geldrekening bij flatexDEGIRO Bank 0,85 EUR",,,,EUR,"84,69",
03-11-2022,17:49,03-11-2022,FLATEX EURO BANKACCOUNT,NLFLATEXACNT,Degiro Cash Sweep Transfer,,EUR,"0,85",EUR,"85,54",
03-11-2022,08:30,31-10-2022,,,Rente,,USD,"-8,97",USD,"-3761,98",
03-11-2022,08:30,31-10-2022,,,Rente,,EUR,"-0,85",EUR,"84,69",
31-10-2022,11:04,28-10-2022,,,Overboeking van uw geldrekening bij flatexDEGIRO Bank 1 EUR,,,,EUR,"85,54",
31-10-2022,11:04,28-10-2022,FLATEX EURO BANKACCOUNT,NLFLATEXACNT,Degiro Cash Sweep Transfer,,EUR,"1,00",EUR,"86,54",
28-10-2022,17:59,28-10-2022,AMAZON.COM INC,US0231351067,DEGIRO Transactiekosten en/of kosten van derden,,EUR,"-1,00",EUR,"85,54",7d198b28-4c66-469c-8230-f68b43690c42
28-10-2022,17:59,28-10-2022,AMAZON.COM INC,US0231351067,Koop 5 @ 100 USD,,USD,"-500,00",USD,"-3753,01",7d198b28-4c66-469c-8230-f68b43690c42
27-10-2022,10:49,26-10-2022,,,"Overboeking van uw geldrekening bij flatexDEGIRO Bank 144,87 EUR",,,,EUR,"86,54",
27-10-2022,10:49,26-10-2022,FLATEX EURO BANKACCOUNT,NLFLATEXACNT,Degiro Cash Sweep Transfer,,EUR,"144,87",EUR,"231,41",
27-10-2022,07:25,26-10-2022,MICRON TECHNOLOGY INC,US5951121038,Dividend,,USD,"0,46",USD,"-3253,01",
27-10-2022,07:25,26-10-2022,MICRON TECHNOLOGY INC,US5951121038,Dividendbelasting,,USD,"-0,07",USD,"-3253,47",
27-10-2022,07:18,26-10-2022,CISCO SYSTEMS INC,US17275R1023,Dividend,,USD,"2,66",USD,"-3253,40",
27-10-2022,07:18,26-10-2022,CISCO SYSTEMS INC,US17275R1023,Dividendbelasting,,USD,"-0,40",USD,"-3256,06",
26-10-2022,16:51,26-10-2022,ALPHABET INC CLASS A,US02079K3059,DEGIRO Transactiekosten en/of kosten van derden,,EUR,"-1,00",EUR,"86,54",b8bf3c8d-45c1-44ff-a9df-3893d9128bd4
26-10-2022,16:51,26-10-2022,ALPHABET INC CLASS A,US02079K3059,"Koop 4 @ 97,6 USD",,USD,"-390,40",USD,"-3255,66",b8bf3c8d-45c1-44ff-a9df-3893d9128bd4
26-10-2022,16:50,26-10-2022,TENCENT HOLDINGS LTD,KYG875721634,DEGIRO Transactiekosten en/of kosten van derden,,EUR,"-3,90",EUR,"87,54",4ef80ec7-473c-428a-b16c-edcb288c70e1
26-10-2022,16:50,26-10-2022,TENCENT HOLDINGS LTD,KYG875721634,"Koop 5 @ 27,995 EUR",,EUR,"-139,98",EUR,"91,44",4ef80ec7-473c-428a-b16c-edcb288c70e1
25-10-2022,17:19,25-10-2022,,,"Overboeking van uw geldrekening bij flatexDEGIRO Bank 768,59 EUR",,,,EUR,"231,41",
25-10-2022,17:19,25-10-2022,FLATEX EURO BANKACCOUNT,NLFLATEXACNT,Degiro Cash Sweep Transfer,,EUR,"768,59",EUR,"1000,00",
25-10-2022,10:02,24-10-2022,,,iDEAL Deposit,,EUR,"1000,00",EUR,"231,41",
25-10-2022,10:02,24-10-2022,,,Reservation iDEAL,,EUR,"-1000,00",EUR,"-768,59",
24-10-2022,14:01,24-10-2022,,,Reservation iDEAL,,EUR,"1000,00",EUR,"231,41",
18-10-2022,15:46,18-10-2022,SUNRUN INC,US86771W1053,DEGIRO Transactiekosten en/of kosten van derden,,EUR,"-1,00",EUR,"-768,59",3818b34d-d5cd-4171-9538-424c71855004
18-10-2022,15:46,18-10-2022,SUNRUN INC,US86771W1053,"Koop 4 @ 22,63 USD",,USD,"-90,52",USD,"-2865,26",3818b34d-d5cd-4171-9538-424c71855004
18-10-2022,15:33,18-10-2022,DRAFTKINGS INC CLASS A,US26142V1052,DEGIRO Transactiekosten en/of kosten van derden,,EUR,"-1,00",EUR,"-767,59",0208e4d6-0049-4b5d-adc8-4c6afc01254a
18-10-2022,15:33,18-10-2022,DRAFTKINGS INC CLASS A,US26142V1052,"Koop 15 @ 13,85 USD",,USD,"-207,75",USD,"-2774,74",0208e4d6-0049-4b5d-adc8-4c6afc01254a
18-10-2022,15:31,18-10-2022,HIMS & HERS HEALTH INC CLASS A,US4330001060,DEGIRO Transactiekosten en/of kosten van derden,,EUR,"-1,00",EUR,"-766,59",c10e315e-52c1-44e2-8e0f-82f174d1a675
18-10-2022,15:31,18-10-2022,HIMS & HERS HEALTH INC CLASS A,US4330001060,"Koop 25 @ 4,49 USD",,USD,"-112,25",USD,"-2566,99",c10e315e-52c1-44e2-8e0f-82f174d1a675
14-10-2022,16:19,14-10-2022,,,"Overboeking van uw geldrekening bij flatexDEGIRO Bank 35,83 EUR",,,,EUR,"-765,59",
14-10-2022,16:19,14-10-2022,FLATEX EURO BANKACCOUNT,NLFLATEXACNT,Degiro Cash Sweep Transfer,,EUR,"35,83",EUR,"-729,76",
14-10-2022,09:23,14-10-2022,THULE GROUP AB,SE0006422390,Valuta Creditering,"10,9687",SEK,"2146,00",SEK,"0,00",6d9cc612-8ca5-4b8e-b9ca-d2cec52a47ae
14-10-2022,09:23,14-10-2022,THULE GROUP AB,SE0006422390,Valuta Debitering,,EUR,"-195,65",EUR,"-765,59",6d9cc612-8ca5-4b8e-b9ca-d2cec52a47ae
14-10-2022,09:23,14-10-2022,THULE GROUP AB,SE0006422390,DEGIRO Transactiekosten en/of kosten van derden,,EUR,"-4,90",EUR,"-569,94",6d9cc612-8ca5-4b8e-b9ca-d2cec52a47ae
14-10-2022,09:23,14-10-2022,THULE GROUP AB,SE0006422390,"Koop 10 @ 214,6 SEK",,SEK,"-2146,00",SEK,"-2146,00",6d9cc612-8ca5-4b8e-b9ca-d2cec52a47ae
14-10-2022,09:15,14-10-2022,ATOS SE,FR0000051732,Transactiebelasting Frankrijk,,EUR,"-0,52",EUR,"-565,04",ad16fc71-779a-4715-8786-afaf192aeeeb
14-10-2022,09:15,14-10-2022,ATOS SE,FR0000051732,DEGIRO Transactiekosten en/of kosten van derden,,EUR,"-4,90",EUR,"-564,52",ad16fc71-779a-4715-8786-afaf192aeeeb
14-10-2022,09:15,14-10-2022,ATOS SE,FR0000051732,"Koop 20 @ 8,69 EUR",,EUR,"-173,80",EUR,"-559,62",ad16fc71-779a-4715-8786-afaf192aeeeb
14-10-2022,09:09,14-10-2022,ASML HOLDING NV,NL0010273215,DEGIRO Transactiekosten en/of kosten van derden,,EUR,"-3,00",EUR,"-385,82",ee579947-19fa-4ba9-a913-46394a9e3662
14-10-2022,09:09,14-10-2022,ASML HOLDING NV,NL0010273215,"Koop 1 @ 418,65 EUR",,EUR,"-418,65",EUR,"-382,82",ee579947-19fa-4ba9-a913-46394a9e3662
13-10-2022,17:19,13-10-2022,,,"Overboeking naar uw geldrekening bij flatexDEGIRO Bank: 4,13 EUR",,,,EUR,"35,83",
13-10-2022,17:19,13-10-2022,FLATEX EURO BANKACCOUNT,NLFLATEXACNT,Degiro Cash Sweep Transfer,,EUR,"-4,13",EUR,"31,70",
13-10-2022,07:35,12-10-2022,,,Valuta Creditering,,EUR,"4,13",EUR,"35,83",
13-10-2022,07:35,12-10-2022,,,Valuta Debitering,"11,0286",SEK,"-45,50",SEK,"0,00",
12-10-2022,21:03,12-10-2022,,,"Overboeking van uw geldrekening bij flatexDEGIRO Bank 140,5 EUR",,,,EUR,"31,70",
12-10-2022,21:03,12-10-2022,FLATEX EURO BANKACCOUNT,NLFLATEXACNT,Degiro Cash Sweep Transfer,,EUR,"140,50",EUR,"172,20",
12-10-2022,14:54,12-10-2022,KONINKLIJKE PHILIPS NV,NL0000009538,DEGIRO Transactiekosten en/of kosten van derden,,EUR,"-3,00",EUR,"31,70",7dfb1be7-795d-4f46-9ee3-ff35fdb6a6e1
12-10-2022,14:54,12-10-2022,KONINKLIJKE PHILIPS NV,NL0000009538,"Koop 10 @ 13,75 EUR",,EUR,"-137,50",EUR,"34,70",7dfb1be7-795d-4f46-9ee3-ff35fdb6a6e1
12-10-2022,07:20,11-10-2022,THULE GROUP AB,SE0006422390,Dividend,,SEK,"65,00",SEK,"45,50",
12-10-2022,07:20,11-10-2022,THULE GROUP AB,SE0006422390,Dividendbelasting,,SEK,"-19,50",SEK,"-19,50",
11-10-2022,19:51,12-10-2022,,,Processed Flatex Withdrawal,,EUR,"50,00",EUR,"172,20",
11-10-2022,19:51,12-10-2022,,,flatex terugstorting,,EUR,"-50,00",EUR,"122,20",
11-10-2022,09:28,11-10-2022,,,Processed Flatex Withdrawal,,EUR,"-50,00",EUR,"172,20",
06-10-2022,17:19,06-10-2022,,,Overboeking van uw geldrekening bij flatexDEGIRO Bank 965 EUR,,,,EUR,"222,20",
06-10-2022,17:19,06-10-2022,FLATEX EURO BANKACCOUNT,NLFLATEXACNT,Degiro Cash Sweep Transfer,,EUR,"965,00",EUR,"1187,20",
06-10-2022,09:19,06-10-2022,VANGUARD FTSE ALL-WORLD UCITS ETF,IE00B3RBWM25,"Koop 10 @ 96,5 EUR",,EUR,"-965,00",EUR,"222,20",13e566d8-b039-45bd-8519-b22da79c628e
05-10-2022,20:03,05-10-2022,,,"Overboeking van uw geldrekening bij flatexDEGIRO Bank 1.412,8 EUR",,,,EUR,"1187,20",
05-10-2022,20:03,05-10-2022,FLATEX EURO BANKACCOUNT,NLFLATEXACNT,Degiro Cash Sweep Transfer,,EUR,"1412,80",EUR,"2600,00",
05-10-2022,10:41,04-10-2022,,,iDEAL Deposit,,EUR,"1000,00",EUR,"1187,20",
05-10-2022,10:41,04-10-2022,,,Reservation iDEAL,,EUR,"-1000,00",EUR,"187,20",
05-10-2022,10:40,04-10-2022,,,iDEAL Deposit,,EUR,"1600,00",EUR,"1187,20",
05-10-2022,10:40,04-10-2022,,,Reservation iDEAL,,EUR,"-1600,00",EUR,"-412,80",
04-10-2022,22:19,03-10-2022,,,"Overboeking van uw geldrekening bij flatexDEGIRO Bank 4,56 USD",,,,USD,"-2454,74",
04-10-2022,22:19,03-10-2022,FLATEX USD BANKACCOUNT,NLFLATEXACNT,Degiro Cash Sweep Transfer,,USD,"4,56",USD,"-2450,18",
04-10-2022,22:19,03-10-2022,,,"Overboeking van uw geldrekening bij flatexDEGIRO Bank 180,74 EUR",,,,EUR,"1187,20",
04-10-2022,22:19,03-10-2022,FLATEX EURO BANKACCOUNT,NLFLATEXACNT,Degiro Cash Sweep Transfer,,EUR,"180,74",EUR,"1367,94",
04-10-2022,15:30,04-10-2022,DRAFTKINGS INC CLASS A,US26142V1052,DEGIRO Transactiekosten en/of kosten van derden,,EUR,"-1,00",EUR,"1187,20",acdf6172-5a77-4584-b8a7-d362cd65ee84
04-10-2022,15:30,04-10-2022,DRAFTKINGS INC CLASS A,US26142V1052,"Koop 10 @ 16,13 USD",,USD,"-161,30",USD,"-2454,74",acdf6172-5a77-4584-b8a7-d362cd65ee84
04-10-2022,15:30,04-10-2022,PAYPAL HOLDINGS INC,US70450Y1038,DEGIRO Transactiekosten en/of kosten van derden,,EUR,"-1,00",EUR,"1188,20",d29ce06d-21b1-42ca-92fc-edb18d46bbb7
04-10-2022,15:30,04-10-2022,PAYPAL HOLDINGS INC,US70450Y1038,"Koop 4 @ 89,54 USD",,USD,"-358,16",USD,"-2293,44",d29ce06d-21b1-42ca-92fc-edb18d46bbb7
03-10-2022,17:49,03-10-2022,,,Overboeking van uw geldrekening bij flatexDEGIRO Bank 5 EUR,,,,EUR,"1189,20",
03-10-2022,17:49,03-10-2022,FLATEX EURO BANKACCOUNT,NLFLATEXACNT,Degiro Cash Sweep Transfer,,EUR,"5,00",EUR,"1194,20",
03-10-2022,17:00,03-10-2022,AMAZON.COM INC,US0231351067,DEGIRO Transactiekosten en/of kosten van derden,,EUR,"-1,00",EUR,"1189,20",f01afbd8-30b2-44b2-ad3f-0ce7f58d55c0
03-10-2022,17:00,03-10-2022,AMAZON.COM INC,US0231351067,"Koop 4 @ 114,6 USD",,USD,"-458,40",USD,"-1935,28",f01afbd8-30b2-44b2-ad3f-0ce7f58d55c0
03-10-2022,16:58,03-10-2022,CROCS INC,US2270461096,DEGIRO Transactiekosten en/of kosten van derden,,EUR,"-1,00",EUR,"1190,20",95fe0457-2b67-4463-b730-923174ef4794
03-10-2022,16:58,03-10-2022,CROCS INC,US2270461096,"Koop 4 @ 71,26 USD",,USD,"-285,04",USD,"-1476,88",95fe0457-2b67-4463-b730-923174ef4794
03-10-2022,16:55,03-10-2022,VNGRD FTSE ALL-WLD HGH DIV YLD UCITS,IE00B8GKDB10,"Koop 30 @ 52,918 EUR",,EUR,"-1587,54",EUR,"1191,20",a3305574-73b9-422f-9fb2-dc046fdb28bd
03-10-2022,16:14,03-10-2022,,,Reservation iDEAL,,EUR,"1600,00",EUR,"2778,74",
03-10-2022,16:07,03-10-2022,TESLA INC,US88160R1014,DEGIRO Transactiekosten en/of kosten van derden,,EUR,"-1,00",EUR,"1178,74",bc514131-ea23-4daf-835b-3e637d8e8425
03-10-2022,16:07,03-10-2022,TESLA INC,US88160R1014,"Koop 2 @ 248,2 USD",,USD,"-496,40",USD,"-1191,84",bc514131-ea23-4daf-835b-3e637d8e8425
03-10-2022,16:03,03-10-2022,APPLE INC,US0378331005,DEGIRO Transactiekosten en/of kosten van derden,,EUR,"-1,00",EUR,"1179,74",28203416-d412-4065-b0af-93d06df8b93c
03-10-2022,16:03,03-10-2022,APPLE INC,US0378331005,Koop 1 @ 140 USD,,USD,"-140,00",USD,"-695,44",28203416-d412-4065-b0af-93d06df8b93c
03-10-2022,16:03,03-10-2022,APPLE INC,US0378331005,Koop 4 @ 140 USD,,USD,"-560,00",USD,"-555,44",28203416-d412-4065-b0af-93d06df8b93c
03-10-2022,16:02,03-10-2022,,,Reservation iDEAL,,EUR,"1000,00",EUR,"1180,74",
03-10-2022,10:34,30-09-2022,,,"Overboeking naar uw geldrekening bij flatexDEGIRO Bank: 0,14 USD",,,,USD,"4,56",
03-10-2022,10:34,30-09-2022,FLATEX USD BANKACCOUNT,NLFLATEXACNT,Degiro Cash Sweep Transfer,,USD,"-0,14",USD,"4,42",
03-10-2022,09:03,30-09-2022,,,DEGIRO Aansluitingskosten 2022 (Nasdaq Stockholm AB - OMX),,EUR,"-2,50",EUR,"180,74",
03-10-2022,09:03,30-09-2022,,,DEGIRO Aansluitingskosten 2022 (Euronext Paris - EPA),,EUR,"-2,50",EUR,"183,24",
02-10-2022,20:41,30-09-2022,,,Flatex Interest Income,,USD,"0,00",USD,"4,56",
01-10-2022,15:11,30-09-2022,,,Flatex Interest,,EUR,"-0,22",EUR,"185,74",
30-09-2022,10:04,29-09-2022,,,"Overboeking naar uw geldrekening bij flatexDEGIRO Bank: 3,96 USD",,,,USD,"4,56",
30-09-2022,10:04,29-09-2022,FLATEX USD BANKACCOUNT,NLFLATEXACNT,Degiro Cash Sweep Transfer,,USD,"-3,96",USD,"0,60",
30-09-2022,07:28,29-09-2022,NVIDIA CORP,US67066G1040,Dividend,,USD,"0,16",USD,"4,56",
30-09-2022,07:28,29-09-2022,NVIDIA CORP,US67066G1040,Dividendbelasting,,USD,"-0,02",USD,"4,40",
29-09-2022,12:49,28-09-2022,,,"Overboeking naar uw geldrekening bij flatexDEGIRO Bank: 185,96 EUR",,,,EUR,"185,96",
29-09-2022,12:49,28-09-2022,FLATEX EURO BANKACCOUNT,NLFLATEXACNT,Degiro Cash Sweep Transfer,,EUR,"-185,96",EUR,"0,00",
29-09-2022,12:49,28-09-2022,,,"Overboeking naar uw geldrekening bij flatexDEGIRO Bank: 0,46 USD",,,,USD,"4,42",
29-09-2022,12:49,28-09-2022,FLATEX USD BANKACCOUNT,NLFLATEXACNT,Degiro Cash Sweep Transfer,,USD,"-0,46",USD,"3,96",
29-09-2022,08:11,28-09-2022,VANGUARD FTSE ALL-WORLD UCITS ETF,IE00B3RBWM25,Dividend,,USD,"3,96",USD,"4,42",
28-09-2022,15:16,28-09-2022,VIVORYON THERAPEUTICS NV,NL00150002Q7,DEGIRO Transactiekosten en/of kosten van derden,,EUR,"-3,00",EUR,"185,96",218bea69-af53-4fbb-9f4c-6c2259441749
28-09-2022,15:16,28-09-2022,VIVORYON THERAPEUTICS NV,NL00150002Q7,"Verkoop 2 @ 8,58 EUR",,EUR,"17,16",EUR,"188,96",218bea69-af53-4fbb-9f4c-6c2259441749
28-09-2022,15:16,28-09-2022,VIVORYON THERAPEUTICS NV,NL00150002Q7,"Verkoop 23 @ 8,58 EUR",,EUR,"197,34",EUR,"171,80",218bea69-af53-4fbb-9f4c-6c2259441749
28-09-2022,10:05,27-09-2022,,,"Overboeking van uw geldrekening bij flatexDEGIRO Bank 54,08 EUR",,,,EUR,"-25,54",
28-09-2022,10:05,27-09-2022,FLATEX EURO BANKACCOUNT,NLFLATEXACNT,Degiro Cash Sweep Transfer,,EUR,"54,08",EUR,"28,54",
28-09-2022,07:32,27-09-2022,,,Valuta Creditering,,EUR,"3,01",EUR,"-25,54",
28-09-2022,07:32,27-09-2022,,,Valuta Debitering,"17,3184",ZAR,"-52,16",ZAR,"0,00",
28-09-2022,05:24,27-09-2022,ADR ON STMICROELECTRONICS NV,US8610121027,Dividend,,USD,"0,54",USD,"0,46",
28-09-2022,05:24,27-09-2022,ADR ON STMICROELECTRONICS NV,US8610121027,Dividendbelasting,,USD,"-0,08",USD,"-0,08",
27-09-2022,17:27,27-09-2022,ATOS SE,FR0000051732,Transactiebelasting Frankrijk,,EUR,"-0,23",EUR,"-28,55",b5ba8c22-3f42-4328-b3f2-4aa8654f5e2a
27-09-2022,17:27,27-09-2022,ATOS SE,FR0000051732,DEGIRO Transactiekosten en/of kosten van derden,,EUR,"-4,90",EUR,"-28,32",b5ba8c22-3f42-4328-b3f2-4aa8654f5e2a
27-09-2022,17:27,27-09-2022,ATOS SE,FR0000051732,"Koop 10 @ 7,75 EUR",,EUR,"-77,50",EUR,"-23,42",b5ba8c22-3f42-4328-b3f2-4aa8654f5e2a
27-09-2022,07:40,26-09-2022,ASPEN PHARMACARE HOLDINGS LTD,ZAE000066692,Dividend,,ZAR,"65,20",ZAR,"52,16",
27-09-2022,07:40,26-09-2022,ASPEN PHARMACARE HOLDINGS LTD,ZAE000066692,Dividendbelasting,,ZAR,"-13,04",ZAR,"-13,04",
23-09-2022,16:49,23-09-2022,,,"Overboeking van uw geldrekening bij flatexDEGIRO Bank 945,92 EUR",,,,EUR,"54,08",
23-09-2022,16:49,23-09-2022,FLATEX EURO BANKACCOUNT,NLFLATEXACNT,Degiro Cash Sweep Transfer,,EUR,"945,92",EUR,"1000,00",
23-09-2022,09:41,22-09-2022,,,iDEAL Deposit,,EUR,"1000,00",EUR,"54,08",
23-09-2022,09:41,22-09-2022,,,Reservation iDEAL,,EUR,"-1000,00",EUR,"-945,92",
23-09-2022,07:34,22-09-2022,,,Valuta Creditering,,EUR,"2,59",EUR,"54,08",
23-09-2022,07:34,22-09-2022,,,Valuta Debitering,"0,9861",USD,"-2,55",USD,"0,00",
23-09-2022,06:14,22-09-2022,QUALCOMM INC,US7475251036,Dividend,,USD,"3,00",USD,"2,55",
23-09-2022,06:14,22-09-2022,QUALCOMM INC,US7475251036,Dividendbelasting,,USD,"-0,45",USD,"-0,45",
22-09-2022,16:48,22-09-2022,,,Overboeking van uw geldrekening bij flatexDEGIRO Bank 155 EUR,,,,EUR,"51,49",
22-09-2022,16:48,22-09-2022,FLATEX EURO BANKACCOUNT,NLFLATEXACNT,Degiro Cash Sweep Transfer,,EUR,"155,00",EUR,"206,49",
22-09-2022,12:41,21-09-2022,,,iDEAL Deposit,,EUR,"150,00",EUR,"51,49",
22-09-2022,12:41,21-09-2022,,,Reservation iDEAL,,EUR,"-150,00",EUR,"-98,51",
22-09-2022,12:41,21-09-2022,,,iDEAL Deposit,,EUR,"5,00",EUR,"51,49",
22-09-2022,12:41,21-09-2022,,,Reservation iDEAL,,EUR,"-5,00",EUR,"46,49",
22-09-2022,12:10,22-09-2022,THULE GROUP AB,SE0006422390,Valuta Creditering,"10,8362",SEK,"2188,00",SEK,"0,00",67506b6a-d072-4200-9530-6024732fa10b
22-09-2022,12:10,22-09-2022,THULE GROUP AB,SE0006422390,Valuta Debitering,,EUR,"-201,92",EUR,"51,49",67506b6a-d072-4200-9530-6024732fa10b
22-09-2022,12:10,22-09-2022,THULE GROUP AB,SE0006422390,DEGIRO Transactiekosten en/of kosten van derden,,EUR,"-4,90",EUR,"253,41",67506b6a-d072-4200-9530-6024732fa10b
22-09-2022,12:10,22-09-2022,THULE GROUP AB,SE0006422390,"Koop 10 @ 218,8 SEK",,SEK,"-2188,00",SEK,"-2188,00",67506b6a-d072-4200-9530-6024732fa10b
21-09-2022,16:48,21-09-2022,PALANTIR TECHNOLOGIES INC,US69608A1088,Valuta Creditering,"0,9866",USD,"235,75",USD,"0,00",289a9ef6-62dc-4840-81b9-f568651f619b
21-09-2022,16:48,21-09-2022,PALANTIR TECHNOLOGIES INC,US69608A1088,Valuta Debitering,,EUR,"-238,95",EUR,"258,31",289a9ef6-62dc-4840-81b9-f568651f619b
21-09-2022,16:48,21-09-2022,PALANTIR TECHNOLOGIES INC,US69608A1088,DEGIRO Transactiekosten en/of kosten van derden,,EUR,"-1,00",EUR,"497,26",289a9ef6-62dc-4840-81b9-f568651f619b
21-09-2022,16:48,21-09-2022,PALANTIR TECHNOLOGIES INC,US69608A1088,"Koop 30 @ 7,8584 USD",,USD,"-235,75",USD,"-235,75",289a9ef6-62dc-4840-81b9-f568651f619b
21-09-2022,16:48,21-09-2022,TENCENT HOLDINGS LTD,KYG875721634,DEGIRO Transactiekosten en/of kosten van derden,,EUR,"-3,90",EUR,"498,26",37260ddf-67a8-454b-ab31-88564bd7b7d3
21-09-2022,16:48,21-09-2022,TENCENT HOLDINGS LTD,KYG875721634,"Koop 5 @ 36,8 EUR",,EUR,"-184,00",EUR,"502,16",37260ddf-67a8-454b-ab31-88564bd7b7d3
21-09-2022,16:44,21-09-2022,TESLA INC,US88160R1014,Valuta Creditering,"0,9869",USD,"307,45",USD,"0,00",1d18a2de-6887-4e70-b70f-0c882eeb7d97
21-09-2022,16:44,21-09-2022,TESLA INC,US88160R1014,Valuta Debitering,,EUR,"-311,52",EUR,"686,16",1d18a2de-6887-4e70-b70f-0c882eeb7d97
21-09-2022,16:44,21-09-2022,TESLA INC,US88160R1014,DEGIRO Transactiekosten en/of kosten van derden,,EUR,"-1,00",EUR,"997,68",1d18a2de-6887-4e70-b70f-0c882eeb7d97
21-09-2022,16:44,21-09-2022,TESLA INC,US88160R1014,"Koop 1 @ 307,45 USD",,USD,"-307,45",USD,"-307,45",1d18a2de-6887-4e70-b70f-0c882eeb7d97
21-09-2022,16:37,21-09-2022,,,Reservation iDEAL,,EUR,"1000,00",EUR,"998,68",
21-09-2022,10:18,20-09-2022,,,"Overboeking van uw geldrekening bij flatexDEGIRO Bank 2,78 EUR",,,,EUR,"-1,32",
21-09-2022,10:18,20-09-2022,FLATEX EURO BANKACCOUNT,NLFLATEXACNT,Degiro Cash Sweep Transfer,,EUR,"2,78",EUR,"1,46",
20-09-2022,17:33,20-09-2022,NVIDIA CORP,US67066G1040,Valuta Creditering,"0,9958",USD,"401,94",USD,"0,00",ef798b83-6c3e-437a-a1f8-bda1acccccb9
20-09-2022,17:33,20-09-2022,NVIDIA CORP,US67066G1040,Valuta Debitering,,EUR,"-403,63",EUR,"-1,32",ef798b83-6c3e-437a-a1f8-bda1acccccb9
20-09-2022,17:33,20-09-2022,NVIDIA CORP,US67066G1040,DEGIRO Transactiekosten en/of kosten van derden,,EUR,"-1,00",EUR,"402,31",ef798b83-6c3e-437a-a1f8-bda1acccccb9
20-09-2022,17:33,20-09-2022,NVIDIA CORP,US67066G1040,"Koop 3 @ 133,98 USD",,USD,"-401,94",USD,"-401,94",ef798b83-6c3e-437a-a1f8-bda1acccccb9
20-09-2022,17:06,20-09-2022,,,Reservation iDEAL,,EUR,"5,00",EUR,"403,31",
20-09-2022,17:05,20-09-2022,,,Reservation iDEAL,,EUR,"150,00",EUR,"398,31",
20-09-2022,17:00,20-09-2022,WARNER BROS DISCOVERY INC,US9344231041,Valuta Debitering,"1,0019",USD,"-247,00",USD,"0,00",8e97f334-a01a-4602-9b02-6e87d0fdd4c5
20-09-2022,17:00,20-09-2022,WARNER BROS DISCOVERY INC,US9344231041,Valuta Creditering,,EUR,"246,53",EUR,"248,31",8e97f334-a01a-4602-9b02-6e87d0fdd4c5
20-09-2022,17:00,20-09-2022,WARNER BROS DISCOVERY INC,US9344231041,DEGIRO Transactiekosten en/of kosten van derden,,EUR,"-1,00",EUR,"1,78",8e97f334-a01a-4602-9b02-6e87d0fdd4c5
20-09-2022,17:00,20-09-2022,WARNER BROS DISCOVERY INC,US9344231041,Verkoop 19 @ 13 USD,,USD,"247,00",USD,"247,00",8e97f334-a01a-4602-9b02-6e87d0fdd4c5
16-09-2022,17:18,16-09-2022,,,"Overboeking van uw geldrekening bij flatexDEGIRO Bank 997,22 EUR",,,,EUR,"2,78",
16-09-2022,17:18,16-09-2022,FLATEX EURO BANKACCOUNT,NLFLATEXACNT,Degiro Cash Sweep Transfer,,EUR,"997,22",EUR,"1000,00",
16-09-2022,12:01,15-09-2022,,,iDEAL Deposit,,EUR,"1000,00",EUR,"2,78",
16-09-2022,12:01,15-09-2022,,,Reservation iDEAL,,EUR,"-1000,00",EUR,"-997,22",
15-09-2022,10:03,14-09-2022,,,"Overboeking van uw geldrekening bij flatexDEGIRO Bank 33,7 EUR",,,,EUR,"2,78",
15-09-2022,10:03,14-09-2022,FLATEX EURO BANKACCOUNT,NLFLATEXACNT,Degiro Cash Sweep Transfer,,EUR,"33,70",EUR,"36,48",
15-09-2022,07:31,14-09-2022,,,Valuta Creditering,,EUR,"1,27",EUR,"2,78",
15-09-2022,07:31,14-09-2022,,,Valuta Debitering,"1,0006",USD,"-1,27",USD,"0,00",
14-09-2022,16:38,14-09-2022,ALPHABET INC CLASS A,US02079K3059,Valuta Creditering,"0,9952",USD,"626,58",USD,"1,27",9a404bcd-19ef-4ffb-bf8c-2fcae60eb730
14-09-2022,16:38,14-09-2022,ALPHABET INC CLASS A,US02079K3059,Valuta Debitering,,EUR,"-629,60",EUR,"1,51",9a404bcd-19ef-4ffb-bf8c-2fcae60eb730
14-09-2022,16:38,14-09-2022,ALPHABET INC CLASS A,US02079K3059,DEGIRO Transactiekosten en/of kosten van derden,,EUR,"-1,00",EUR,"631,11",9a404bcd-19ef-4ffb-bf8c-2fcae60eb730
14-09-2022,16:38,14-09-2022,ALPHABET INC CLASS A,US02079K3059,"Koop 6 @ 104,43 USD",,USD,"-626,58",USD,"-625,31",9a404bcd-19ef-4ffb-bf8c-2fcae60eb730
14-09-2022,16:35,14-09-2022,ATOS SE,FR0000051732,Transactiebelasting Frankrijk,,EUR,"-0,55",EUR,"632,11",151449e4-0438-4112-98da-591f30f0bab5
14-09-2022,16:35,14-09-2022,ATOS SE,FR0000051732,DEGIRO Transactiekosten en/of kosten van derden,,EUR,"-4,90",EUR,"632,66",151449e4-0438-4112-98da-591f30f0bab5
14-09-2022,16:35,14-09-2022,ATOS SE,FR0000051732,"Koop 20 @ 9,11 EUR",,EUR,"-182,20",EUR,"637,56",151449e4-0438-4112-98da-591f30f0bab5
14-09-2022,16:35,14-09-2022,MICRON TECHNOLOGY INC,US5951121038,Valuta Creditering,"0,9956",USD,"212,00",USD,"1,27",a3d53fd5-0ac9-4428-a614-168f7be72914
14-09-2022,16:35,14-09-2022,MICRON TECHNOLOGY INC,US5951121038,Valuta Debitering,,EUR,"-212,94",EUR,"819,76",a3d53fd5-0ac9-4428-a614-168f7be72914
14-09-2022,16:35,14-09-2022,MICRON TECHNOLOGY INC,US5951121038,DEGIRO Transactiekosten en/of kosten van derden,,EUR,"-1,00",EUR,"1032,70",a3d53fd5-0ac9-4428-a614-168f7be72914
14-09-2022,16:35,14-09-2022,MICRON TECHNOLOGY INC,US5951121038,Koop 4 @ 53 USD,,USD,"-212,00",USD,"-210,73",a3d53fd5-0ac9-4428-a614-168f7be72914
14-09-2022,16:33,14-09-2022,,,Reservation iDEAL,,EUR,"1000,00",EUR,"1033,70",
14-09-2022,07:18,13-09-2022,ENERGIZER HOLDINGS INC,US29272W1099,Dividend,,USD,"1,50",USD,"1,27",
14-09-2022,07:18,13-09-2022,ENERGIZER HOLDINGS INC,US29272W1099,Dividendbelasting,,USD,"-0,23",USD,"-0,23",
13-09-2022,17:03,13-09-2022,,,"Overboeking naar uw geldrekening bij flatexDEGIRO Bank: 9,49 EUR",,,,EUR,"33,70",
13-09-2022,17:03,13-09-2022,FLATEX EURO BANKACCOUNT,NLFLATEXACNT,Degiro Cash Sweep Transfer,,EUR,"-9,49",EUR,"24,21",
13-09-2022,07:34,12-09-2022,,,Valuta Creditering,,EUR,"9,49",EUR,"33,70",
13-09-2022,07:34,12-09-2022,,,Valuta Debitering,"1,0148",USD,"-9,63",USD,"0,00",
12-09-2022,17:48,12-09-2022,,,"Overboeking naar uw geldrekening bij flatexDEGIRO Bank: 1,57 EUR",,,,EUR,"24,21",
12-09-2022,17:48,12-09-2022,FLATEX EURO BANKACCOUNT,NLFLATEXACNT,Degiro Cash Sweep Transfer,,EUR,"-1,57",EUR,"22,64",
12-09-2022,07:59,09-09-2022,ADR ON VALE SA,US91912E1055,Dividend,,USD,"5,86",USD,"9,63",
12-09-2022,07:58,09-09-2022,ADR ON VALE SA,US91912E1055,Dividend,,USD,"4,44",USD,"3,77",
12-09-2022,07:58,09-09-2022,ADR ON VALE SA,US91912E1055,Dividendbelasting,,USD,"-0,67",USD,"-0,67",
10-09-2022,07:36,09-09-2022,,,Valuta Creditering,,EUR,"1,57",EUR,"24,21",
10-09-2022,07:36,09-09-2022,,,Valuta Debitering,"1,0066",USD,"-1,58",USD,"0,00",
09-09-2022,08:07,08-09-2022,MICROSOFT CORP,US5949181045,Dividend,,USD,"1,86",USD,"1,58",
09-09-2022,08:07,08-09-2022,MICROSOFT CORP,US5949181045,Dividendbelasting,,USD,"-0,28",USD,"-0,28",
05-09-2022,16:48,05-09-2022,,,"Overboeking naar uw geldrekening bij flatexDEGIRO Bank: 0,4 EUR",,,,EUR,"22,64",
05-09-2022,16:48,05-09-2022,FLATEX EURO BANKACCOUNT,NLFLATEXACNT,Degiro Cash Sweep Transfer,,EUR,"-0,40",EUR,"22,24",
03-09-2022,07:42,02-09-2022,,,Valuta Creditering,,EUR,"0,40",EUR,"22,64",
03-09-2022,07:42,02-09-2022,,,Valuta Debitering,"0,9978",USD,"-0,40",USD,"0,00",
02-09-2022,08:46,01-09-2022,SWITCH INC,US87105L1044,Dividend,,USD,"0,47",USD,"0,40",
02-09-2022,08:46,01-09-2022,SWITCH INC,US87105L1044,Dividendbelasting,,USD,"-0,07",USD,"-0,07",
30-08-2022,16:48,30-08-2022,,,"Overboeking naar uw geldrekening bij flatexDEGIRO Bank: 1,25 EUR",,,,EUR,"22,24",
30-08-2022,16:48,30-08-2022,FLATEX EURO BANKACCOUNT,NLFLATEXACNT,Degiro Cash Sweep Transfer,,EUR,"-1,25",EUR,"20,99",
30-08-2022,07:33,29-08-2022,,,Valuta Creditering,,EUR,"1,25",EUR,"22,24",
30-08-2022,07:33,29-08-2022,,,Valuta Debitering,"1,0022",USD,"-1,25",USD,"0,00",
29-08-2022,08:26,26-08-2022,STARBUCKS CORP,US8552441094,Dividend,,USD,"1,47",USD,"1,25",
29-08-2022,08:26,26-08-2022,STARBUCKS CORP,US8552441094,Dividendbelasting,,USD,"-0,22",USD,"-0,22",
26-08-2022,16:50,26-08-2022,,,"Overboeking van uw geldrekening bij flatexDEGIRO Bank 979,01 EUR",,,,EUR,"20,99",
26-08-2022,16:50,26-08-2022,FLATEX EURO BANKACCOUNT,NLFLATEXACNT,Degiro Cash Sweep Transfer,,EUR,"979,01",EUR,"1000,00",
26-08-2022,11:11,25-08-2022,,,iDEAL Deposit,,EUR,"1000,00",EUR,"20,99",
26-08-2022,11:11,25-08-2022,,,Reservation iDEAL,,EUR,"-1000,00",EUR,"-979,01",
25-08-2022,10:06,24-08-2022,,,"Overboeking van uw geldrekening bij flatexDEGIRO Bank 384,52 EUR",,,,EUR,"20,99",
25-08-2022,10:06,24-08-2022,FLATEX EURO BANKACCOUNT,NLFLATEXACNT,Degiro Cash Sweep Transfer,,EUR,"384,52",EUR,"405,51",
25-08-2022,09:03,25-08-2022,VIVORYON THERAPEUTICS NV,NL00150002Q7,DEGIRO Transactiekosten en/of kosten van derden,,EUR,"-2,50",EUR,"20,99",3c811b9e-995e-4644-8fb1-5dc05968ecc6
25-08-2022,09:03,25-08-2022,VIVORYON THERAPEUTICS NV,NL00150002Q7,"Koop 10 @ 8,22 EUR",,EUR,"-82,20",EUR,"23,49",3c811b9e-995e-4644-8fb1-5dc05968ecc6
25-08-2022,07:30,24-08-2022,,,Valuta Creditering,,EUR,"0,01",EUR,"105,69",
25-08-2022,07:30,24-08-2022,,,Valuta Debitering,"0,9992",USD,"-0,01",USD,"0,00",
24-08-2022,17:21,24-08-2022,ZALANDO SE,DE000ZAL1111,DEGIRO Transactiekosten en/of kosten van derden,,EUR,"-4,40",EUR,"105,68",5d6e6ab6-102b-4243-9a50-cdf64acccd81
24-08-2022,17:21,24-08-2022,ZALANDO SE,DE000ZAL1111,"Koop 5 @ 24,92 EUR",,EUR,"-124,60",EUR,"110,08",5d6e6ab6-102b-4243-9a50-cdf64acccd81
24-08-2022,17:05,24-08-2022,,,"Overboeking van uw geldrekening bij flatexDEGIRO Bank 644,48 EUR",,,,EUR,"234,68",
24-08-2022,17:05,24-08-2022,FLATEX EURO BANKACCOUNT,NLFLATEXACNT,Degiro Cash Sweep Transfer,,EUR,"644,48",EUR,"879,16",
24-08-2022,16:08,24-08-2022,XENON PHARMACEUTICALS INC,CA98420N1050,Valuta Creditering,"0,9888",USD,"202,55",USD,"0,01",0d1d9912-ddfb-4d7b-b53d-22531b48f7a3
24-08-2022,16:08,24-08-2022,XENON PHARMACEUTICALS INC,CA98420N1050,Valuta Debitering,,EUR,"-204,84",EUR,"234,68",0d1d9912-ddfb-4d7b-b53d-22531b48f7a3
24-08-2022,16:08,24-08-2022,XENON PHARMACEUTICALS INC,CA98420N1050,DEGIRO Transactiekosten en/of kosten van derden,,EUR,"-0,50",EUR,"439,52",0d1d9912-ddfb-4d7b-b53d-22531b48f7a3
24-08-2022,16:08,24-08-2022,XENON PHARMACEUTICALS INC,CA98420N1050,"Koop 5 @ 40,5095 USD",,USD,"-202,55",USD,"-202,54",0d1d9912-ddfb-4d7b-b53d-22531b48f7a3
24-08-2022,16:01,24-08-2022,SUNRUN INC,US86771W1053,Valuta Creditering,"0,9896",USD,"135,96",USD,"0,01",ae60e490-c135-4c07-aca2-7acad0186fae
24-08-2022,16:01,24-08-2022,SUNRUN INC,US86771W1053,Valuta Debitering,,EUR,"-137,39",EUR,"440,02",ae60e490-c135-4c07-aca2-7acad0186fae
24-08-2022,16:01,24-08-2022,SUNRUN INC,US86771W1053,DEGIRO Transactiekosten en/of kosten van derden,,EUR,"-0,50",EUR,"577,41",ae60e490-c135-4c07-aca2-7acad0186fae
24-08-2022,16:01,24-08-2022,SUNRUN INC,US86771W1053,"Koop 4 @ 33,99 USD",,USD,"-135,96",USD,"-135,95",ae60e490-c135-4c07-aca2-7acad0186fae
24-08-2022,15:57,24-08-2022,AMG CRITICAL MATERIALS NV,NL0000888691,DEGIRO Transactiekosten en/of kosten van derden,,EUR,"-2,50",EUR,"577,91",6c540887-f664-493f-a5a4-b443addbd443
24-08-2022,15:57,24-08-2022,AMG CRITICAL MATERIALS NV,NL0000888691,"Koop 4 @ 27,72 EUR",,EUR,"-110,88",EUR,"580,41",6c540887-f664-493f-a5a4-b443addbd443
24-08-2022,15:55,24-08-2022,INVITAE CORP,US46185L1035,Valuta Creditering,"0,9901",USD,"102,90",USD,"0,01",7c5c3fab-d50e-47d5-862b-2d09dcfae5da
24-08-2022,15:55,24-08-2022,INVITAE CORP,US46185L1035,Valuta Debitering,,EUR,"-103,93",EUR,"691,29",7c5c3fab-d50e-47d5-862b-2d09dcfae5da
24-08-2022,15:55,24-08-2022,INVITAE CORP,US46185L1035,DEGIRO Transactiekosten en/of kosten van derden,,EUR,"-0,50",EUR,"795,22",7c5c3fab-d50e-47d5-862b-2d09dcfae5da
24-08-2022,15:55,24-08-2022,INVITAE CORP,US46185L1035,"Koop 30 @ 3,43 USD",,USD,"-102,90",USD,"-102,89",7c5c3fab-d50e-47d5-862b-2d09dcfae5da
24-08-2022,15:54,24-08-2022,ON SEMICONDUCTOR CORP,US6821891057,Valuta Creditering,"0,9901",USD,"212,04",USD,"0,01",8f570aaa-c798-4a94-8c18-59f71e312ad2
24-08-2022,15:54,24-08-2022,ON SEMICONDUCTOR CORP,US6821891057,Valuta Debitering,,EUR,"-214,16",EUR,"795,72",8f570aaa-c798-4a94-8c18-59f71e312ad2
24-08-2022,15:54,24-08-2022,ON SEMICONDUCTOR CORP,US6821891057,DEGIRO Transactiekosten en/of kosten van derden,,EUR,"-0,50",EUR,"1009,88",8f570aaa-c798-4a94-8c18-59f71e312ad2
24-08-2022,15:54,24-08-2022,ON SEMICONDUCTOR CORP,US6821891057,"Koop 3 @ 70,68 USD",,USD,"-212,04",USD,"-212,03",8f570aaa-c798-4a94-8c18-59f71e312ad2
24-08-2022,15:53,24-08-2022,,,Reservation iDEAL,,EUR,"1000,00",EUR,"1010,38",
24-08-2022,15:51,24-08-2022,DRAFTKINGS INC CLASS A,US26142V1052,Valuta Creditering,"0,9897",USD,"157,32",USD,"0,01",412885c8-4f44-4812-9915-ae14504197bf
24-08-2022,15:51,24-08-2022,DRAFTKINGS INC CLASS A,US26142V1052,Valuta Debitering,,EUR,"-158,95",EUR,"10,38",412885c8-4f44-4812-9915-ae14504197bf
24-08-2022,15:51,24-08-2022,DRAFTKINGS INC CLASS A,US26142V1052,DEGIRO Transactiekosten en/of kosten van derden,,EUR,"-0,50",EUR,"169,33",412885c8-4f44-4812-9915-ae14504197bf
24-08-2022,15:51,24-08-2022,DRAFTKINGS INC CLASS A,US26142V1052,"Koop 9 @ 17,48 USD",,USD,"-157,32",USD,"-157,31",412885c8-4f44-4812-9915-ae14504197bf
24-08-2022,15:48,24-08-2022,AES CORP,US00130H1059,Valuta Creditering,"0,9896",USD,"74,96",USD,"0,01",8075e04a-e48b-4cc8-80a7-efe2a5584a34
24-08-2022,15:48,24-08-2022,AES CORP,US00130H1059,Valuta Debitering,,EUR,"-75,74",EUR,"169,83",8075e04a-e48b-4cc8-80a7-efe2a5584a34
24-08-2022,15:48,24-08-2022,AES CORP,US00130H1059,DEGIRO Transactiekosten en/of kosten van derden,,EUR,"-0,50",EUR,"245,57",8075e04a-e48b-4cc8-80a7-efe2a5584a34
24-08-2022,15:48,24-08-2022,AES CORP,US00130H1059,"Koop 3 @ 24,985 USD",,USD,"-74,96",USD,"-74,95",8075e04a-e48b-4cc8-80a7-efe2a5584a34
24-08-2022,15:45,24-08-2022,ADR ON VALE SA,US91912E1055,Valuta Creditering,"0,9895",USD,"136,50",USD,"0,00",a9cc476b-6b69-44f4-b268-6b9286e6f45d
24-08-2022,15:45,24-08-2022,ADR ON VALE SA,US91912E1055,Valuta Debitering,,EUR,"-137,95",EUR,"246,07",a9cc476b-6b69-44f4-b268-6b9286e6f45d
24-08-2022,15:45,24-08-2022,ADR ON VALE SA,US91912E1055,DEGIRO Transactiekosten en/of kosten van derden,,EUR,"-0,50",EUR,"384,02",a9cc476b-6b69-44f4-b268-6b9286e6f45d
24-08-2022,15:45,24-08-2022,ADR ON VALE SA,US91912E1055,"Koop 10 @ 13,65 USD",,USD,"-136,50",USD,"-136,50",a9cc476b-6b69-44f4-b268-6b9286e6f45d
24-08-2022,11:10,24-08-2022,HEINEKEN NV,NL0000009165,DEGIRO Transactiekosten en/of kosten van derden,,EUR,"-2,50",EUR,"384,52",91326a84-f80b-4004-b7da-3b14b3ec02e5
24-08-2022,11:10,24-08-2022,HEINEKEN NV,NL0000009165,"Verkoop 3 @ 94,34 EUR",,EUR,"283,02",EUR,"387,02",91326a84-f80b-4004-b7da-3b14b3ec02e5
24-08-2022,10:25,24-08-2022,ALFEN NV,NL0012817175,DEGIRO Transactiekosten en/of kosten van derden,,EUR,"-2,50",EUR,"104,00",283997f7-2560-4db1-b995-897f6fe33f4e
24-08-2022,10:25,24-08-2022,ALFEN NV,NL0012817175,"Koop 9 @ 102,5 EUR",,EUR,"-922,50",EUR,"106,50",283997f7-2560-4db1-b995-897f6fe33f4e
17-08-2022,17:03,17-08-2022,,,"Overboeking naar uw geldrekening bij flatexDEGIRO Bank: 0,79 EUR",,,,EUR,"1029,00",
17-08-2022,17:03,17-08-2022,FLATEX EURO BANKACCOUNT,NLFLATEXACNT,Degiro Cash Sweep Transfer,,EUR,"-0,79",EUR,"1028,21",
17-08-2022,10:41,16-08-2022,,,iDEAL Deposit,,EUR,"1000,00",EUR,"1029,00",
17-08-2022,10:41,16-08-2022,,,Reservation iDEAL,,EUR,"-1000,00",EUR,"29,00",
17-08-2022,07:33,16-08-2022,,,Valuta Creditering,,EUR,"0,79",EUR,"1029,00",
17-08-2022,07:33,16-08-2022,,,Valuta Debitering,"1,0196",USD,"-0,81",USD,"0,00",
16-08-2022,10:08,16-08-2022,,,Reservation iDEAL,,EUR,"1000,00",EUR,"1028,21",
16-08-2022,07:21,15-08-2022,AES CORP,US00130H1059,Dividend,,USD,"0,95",USD,"0,81",
16-08-2022,07:21,15-08-2022,AES CORP,US00130H1059,Dividendbelasting,,USD,"-0,14",USD,"-0,14",
12-08-2022,17:18,12-08-2022,,,"Overboeking naar uw geldrekening bij flatexDEGIRO Bank: 6,46 EUR",,,,EUR,"28,21",
12-08-2022,17:18,12-08-2022,FLATEX EURO BANKACCOUNT,NLFLATEXACNT,Degiro Cash Sweep Transfer,,EUR,"-6,46",EUR,"21,75",
12-08-2022,09:17,12-08-2022,ASML HOLDING NV,NL0010273215,Dividend,,EUR,"4,11",EUR,"28,21",
12-08-2022,09:17,12-08-2022,ASML HOLDING NV,NL0010273215,Dividendbelasting,,EUR,"-0,62",EUR,"24,10",
12-08-2022,07:53,11-08-2022,HEINEKEN NV,NL0000009165,Dividend,,EUR,"1,50",EUR,"24,72",
12-08-2022,07:53,11-08-2022,HEINEKEN NV,NL0000009165,Dividendbelasting,,EUR,"-0,23",EUR,"23,22",
12-08-2022,07:43,11-08-2022,,,Valuta Creditering,,EUR,"1,70",EUR,"23,45",
12-08-2022,07:43,11-08-2022,,,Valuta Debitering,"1,0346",USD,"-1,76",USD,"0,00",
11-08-2022,17:18,11-08-2022,,,"Overboeking naar uw geldrekening bij flatexDEGIRO Bank: 1,53 EUR",,,,EUR,"21,75",
11-08-2022,17:18,11-08-2022,FLATEX EURO BANKACCOUNT,NLFLATEXACNT,Degiro Cash Sweep Transfer,,EUR,"-1,53",EUR,"20,22",
11-08-2022,10:47,11-08-2022,APPLE INC,US0378331005,Dividend,,USD,"2,07",USD,"1,76",
11-08-2022,10:47,11-08-2022,APPLE INC,US0378331005,Dividendbelasting,,USD,"-0,31",USD,"-0,31",
11-08-2022,08:12,10-08-2022,AMG CRITICAL MATERIALS NV,NL0000888691,Dividend,,EUR,"1,80",EUR,"21,75",
11-08-2022,08:12,10-08-2022,AMG CRITICAL MATERIALS NV,NL0000888691,Dividendbelasting,,EUR,"-0,27",EUR,"19,95",
09-08-2022,11:19,08-08-2022,,,"Overboeking van uw geldrekening bij flatexDEGIRO Bank 979,78 EUR",,,,EUR,"20,22",
09-08-2022,11:19,08-08-2022,FLATEX EURO BANKACCOUNT,NLFLATEXACNT,Degiro Cash Sweep Transfer,,EUR,"979,78",EUR,"1000,00",
08-08-2022,15:40,04-08-2022,,,iDEAL Deposit,,EUR,"1000,00",EUR,"20,22",
08-08-2022,15:40,04-08-2022,,,Reservation iDEAL,,EUR,"-1000,00",EUR,"-979,78",
04-08-2022,18:26,04-08-2022,1LIFE HEALTHCARE INC,US68269G1076,Valuta Creditering,"1,0202",USD,"50,82",USD,"0,00",b88457a4-f573-43be-8a39-a4d4b898b170
04-08-2022,18:26,04-08-2022,1LIFE HEALTHCARE INC,US68269G1076,Valuta Debitering,,EUR,"-49,81",EUR,"20,22",b88457a4-f573-43be-8a39-a4d4b898b170
04-08-2022,18:26,04-08-2022,1LIFE HEALTHCARE INC,US68269G1076,DEGIRO Transactiekosten en/of kosten van derden,,EUR,"-0,50",EUR,"70,03",b88457a4-f573-43be-8a39-a4d4b898b170
04-08-2022,18:26,04-08-2022,1LIFE HEALTHCARE INC,US68269G1076,"Koop 3 @ 16,94 USD",,USD,"-50,82",USD,"-50,82",b88457a4-f573-43be-8a39-a4d4b898b170
04-08-2022,17:04,04-08-2022,CROCS INC,US2270461096,Valuta Creditering,"1,0181",USD,"68,00",USD,"0,00",a8e0ace0-9196-41dd-9a2c-f2cdff80a7af
04-08-2022,17:04,04-08-2022,CROCS INC,US2270461096,Valuta Debitering,,EUR,"-66,79",EUR,"70,53",a8e0ace0-9196-41dd-9a2c-f2cdff80a7af
04-08-2022,17:04,04-08-2022,CROCS INC,US2270461096,DEGIRO Transactiekosten en/of kosten van derden,,EUR,"-0,50",EUR,"137,32",a8e0ace0-9196-41dd-9a2c-f2cdff80a7af
04-08-2022,17:04,04-08-2022,CROCS INC,US2270461096,Koop 1 @ 68 USD,,USD,"-68,00",USD,"-68,00",a8e0ace0-9196-41dd-9a2c-f2cdff80a7af
04-08-2022,16:33,04-08-2022,,,"Overboeking van uw geldrekening bij flatexDEGIRO Bank 11,86 EUR",,,,EUR,"137,82",
04-08-2022,16:33,04-08-2022,FLATEX EURO BANKACCOUNT,NLFLATEXACNT,Degiro Cash Sweep Transfer,,EUR,"11,86",EUR,"149,68",
04-08-2022,15:59,04-08-2022,ASPEN PHARMACARE HOLDINGS LTD,ZAE000066692,DEGIRO Transactiekosten en/of kosten van derden,,EUR,"-3,90",EUR,"137,82",a92a1dda-e92b-4739-aad8-df75111ceff3
04-08-2022,15:59,04-08-2022,ASPEN PHARMACARE HOLDINGS LTD,ZAE000066692,"Koop 10 @ 8,35 EUR",,EUR,"-83,50",EUR,"141,72",a92a1dda-e92b-4739-aad8-df75111ceff3
04-08-2022,15:30,04-08-2022,SUNRUN INC,US86771W1053,Valuta Creditering,"1,0159",USD,"65,20",USD,"0,00",677427ba-b0a0-4cdd-960e-4e968e6880d0
04-08-2022,15:30,04-08-2022,SUNRUN INC,US86771W1053,Valuta Debitering,,EUR,"-64,18",EUR,"225,22",677427ba-b0a0-4cdd-960e-4e968e6880d0
04-08-2022,15:30,04-08-2022,SUNRUN INC,US86771W1053,DEGIRO Transactiekosten en/of kosten van derden,,EUR,"-0,50",EUR,"289,40",677427ba-b0a0-4cdd-960e-4e968e6880d0
04-08-2022,15:30,04-08-2022,SUNRUN INC,US86771W1053,"Koop 2 @ 32,6 USD",,USD,"-65,20",USD,"-65,20",677427ba-b0a0-4cdd-960e-4e968e6880d0
04-08-2022,15:30,04-08-2022,SWITCH INC,US87105L1044,Valuta Creditering,"1,0158",USD,"135,60",USD,"0,00",b6858574-d765-4ab6-a1dd-214926ad48fd
04-08-2022,15:30,04-08-2022,SWITCH INC,US87105L1044,Valuta Debitering,,EUR,"-133,50",EUR,"289,90",b6858574-d765-4ab6-a1dd-214926ad48fd
04-08-2022,15:30,04-08-2022,SWITCH INC,US87105L1044,DEGIRO Transactiekosten en/of kosten van derden,,EUR,"-0,50",EUR,"423,40",b6858574-d765-4ab6-a1dd-214926ad48fd
04-08-2022,15:30,04-08-2022,STARBUCKS CORP,US8552441094,Valuta Creditering,"1,0158",USD,"87,22",USD,"-135,60",b7ed2744-fe22-40f0-8b8c-2fc0a19ea763
04-08-2022,15:30,04-08-2022,STARBUCKS CORP,US8552441094,Valuta Debitering,,EUR,"-85,87",EUR,"423,90",b7ed2744-fe22-40f0-8b8c-2fc0a19ea763
04-08-2022,15:30,04-08-2022,STARBUCKS CORP,US8552441094,DEGIRO Transactiekosten en/of kosten van derden,,EUR,"-0,50",EUR,"509,77",b7ed2744-fe22-40f0-8b8c-2fc0a19ea763
04-08-2022,15:30,04-08-2022,SWITCH INC,US87105L1044,"Koop 4 @ 33,9 USD",,USD,"-135,60",USD,"-222,82",b6858574-d765-4ab6-a1dd-214926ad48fd
04-08-2022,15:30,04-08-2022,STARBUCKS CORP,US8552441094,"Koop 1 @ 87,22 USD",,USD,"-87,22",USD,"-87,22",b7ed2744-fe22-40f0-8b8c-2fc0a19ea763
04-08-2022,15:30,04-08-2022,ENERGIZER HOLDINGS INC,US29272W1099,Valuta Creditering,"1,0158",USD,"91,05",USD,"0,00",00e532ce-323c-41ef-a98b-209513c5d4d9
04-08-2022,15:30,04-08-2022,ENERGIZER HOLDINGS INC,US29272W1099,Valuta Debitering,,EUR,"-89,64",EUR,"510,27",00e532ce-323c-41ef-a98b-209513c5d4d9
04-08-2022,15:30,04-08-2022,ENERGIZER HOLDINGS INC,US29272W1099,DEGIRO Transactiekosten en/of kosten van derden,,EUR,"-0,50",EUR,"599,91",00e532ce-323c-41ef-a98b-209513c5d4d9
04-08-2022,15:30,04-08-2022,ENERGIZER HOLDINGS INC,US29272W1099,"Koop 3 @ 30,35 USD",,USD,"-91,05",USD,"-91,05",00e532ce-323c-41ef-a98b-209513c5d4d9
04-08-2022,15:30,04-08-2022,HIMS & HERS HEALTH INC CLASS A,US4330001060,Valuta Creditering,"1,0159",USD,"65,40",USD,"0,00",6401841a-8946-48ea-8afe-bbba00031e9e
04-08-2022,15:30,04-08-2022,HIMS & HERS HEALTH INC CLASS A,US4330001060,Valuta Debitering,,EUR,"-64,38",EUR,"600,41",6401841a-8946-48ea-8afe-bbba00031e9e
04-08-2022,15:30,04-08-2022,HIMS & HERS HEALTH INC CLASS A,US4330001060,DEGIRO Transactiekosten en/of kosten van derden,,EUR,"-0,50",EUR,"664,79",6401841a-8946-48ea-8afe-bbba00031e9e
04-08-2022,15:30,04-08-2022,HIMS & HERS HEALTH INC CLASS A,US4330001060,"Koop 10 @ 6,54 USD",,USD,"-65,40",USD,"-65,40",6401841a-8946-48ea-8afe-bbba00031e9e
04-08-2022,13:08,04-08-2022,KONINKLIJKE PHILIPS NV,NL0000009538,DEGIRO Transactiekosten en/of kosten van derden,,EUR,"-2,50",EUR,"665,29",2d67cb74-e0df-4162-a076-e58c1308617d
04-08-2022,13:08,04-08-2022,KONINKLIJKE PHILIPS NV,NL0000009538,"Koop 3 @ 19,89 EUR",,EUR,"-59,67",EUR,"667,79",2d67cb74-e0df-4162-a076-e58c1308617d
04-08-2022,09:04,04-08-2022,ZALANDO SE,DE000ZAL1111,DEGIRO Transactiekosten en/of kosten van derden,,EUR,"-4,40",EUR,"727,46",e72f0d1c-fabf-4a2e-99a9-c1d6f5993efa
04-08-2022,09:04,04-08-2022,ZALANDO SE,DE000ZAL1111,Koop 10 @ 28 EUR,,EUR,"-280,00",EUR,"731,86",e72f0d1c-fabf-4a2e-99a9-c1d6f5993efa
04-08-2022,08:12,04-08-2022,,,Reservation iDEAL,,EUR,"1000,00",EUR,"1011,86",
01-08-2022,11:33,29-07-2022,,,"Overboeking van uw geldrekening bij flatexDEGIRO Bank 60,87 EUR",,,,EUR,"11,86",
01-08-2022,11:33,29-07-2022,FLATEX EURO BANKACCOUNT,NLFLATEXACNT,Degiro Cash Sweep Transfer,,EUR,"60,87",EUR,"72,73",
29-07-2022,17:33,29-07-2022,,,"Overboeking naar uw geldrekening bij flatexDEGIRO Bank: 46,14 EUR",,,,EUR,"11,86",
29-07-2022,17:33,29-07-2022,FLATEX EURO BANKACCOUNT,NLFLATEXACNT,Degiro Cash Sweep Transfer,,EUR,"-46,14",EUR,"-34,28",
29-07-2022,15:30,29-07-2022,SUNRUN INC,US86771W1053,Valuta Creditering,"1,0134",USD,"61,18",USD,"0,00",b0678c6f-a26d-4b82-b9bd-575a4c13152f
29-07-2022,15:30,29-07-2022,SUNRUN INC,US86771W1053,Valuta Debitering,,EUR,"-60,37",EUR,"11,86",b0678c6f-a26d-4b82-b9bd-575a4c13152f
29-07-2022,15:30,29-07-2022,SUNRUN INC,US86771W1053,DEGIRO Transactiekosten en/of kosten van derden,,EUR,"-0,50",EUR,"72,23",b0678c6f-a26d-4b82-b9bd-575a4c13152f
29-07-2022,15:30,29-07-2022,SUNRUN INC,US86771W1053,"Koop 2 @ 30,59 USD",,USD,"-61,18",USD,"-61,18",b0678c6f-a26d-4b82-b9bd-575a4c13152f
29-07-2022,14:05,29-07-2022,VASTNED,NL0000288918,DEGIRO Transactiekosten en/of kosten van derden,,EUR,"-2,50",EUR,"72,73",8349567f-46e1-4b24-84be-30d2fbf00f4c
29-07-2022,14:05,29-07-2022,VASTNED,NL0000288918,Verkoop 2 @ 24 EUR,,EUR,"48,00",EUR,"75,23",8349567f-46e1-4b24-84be-30d2fbf00f4c
29-07-2022,07:33,28-07-2022,,,Valuta Creditering,,EUR,"0,64",EUR,"27,23",
29-07-2022,07:33,28-07-2022,,,Valuta Debitering,"1,0223",USD,"-0,65",USD,"0,00",
28-07-2022,16:47,28-07-2022,,,"Overboeking van uw geldrekening bij flatexDEGIRO Bank 1.473,41 EUR",,,,EUR,"26,59",
28-07-2022,16:47,28-07-2022,FLATEX EURO BANKACCOUNT,NLFLATEXACNT,Degiro Cash Sweep Transfer,,EUR,"1473,41",EUR,"1500,00",
28-07-2022,13:41,27-07-2022,,,iDEAL Deposit,,EUR,"500,00",EUR,"26,59",
28-07-2022,13:41,27-07-2022,,,Reservation iDEAL,,EUR,"-500,00",EUR,"-473,41",
28-07-2022,13:40,27-07-2022,,,iDEAL Deposit,,EUR,"1000,00",EUR,"26,59",
28-07-2022,13:40,27-07-2022,,,Reservation iDEAL,,EUR,"-1000,00",EUR,"-973,41",
28-07-2022,07:29,27-07-2022,CISCO SYSTEMS INC,US17275R1023,Dividend,,USD,"0,76",USD,"0,65",
28-07-2022,07:29,27-07-2022,CISCO SYSTEMS INC,US17275R1023,Dividendbelasting,,USD,"-0,11",USD,"-0,11",
27-07-2022,16:47,27-07-2022,,,"Overboeking van uw geldrekening bij flatexDEGIRO Bank 4,62 EUR",,,,EUR,"26,59",
27-07-2022,16:47,27-07-2022,FLATEX EURO BANKACCOUNT,NLFLATEXACNT,Degiro Cash Sweep Transfer,,EUR,"4,62",EUR,"31,21",
27-07-2022,15:54,27-07-2022,SHOPIFY INC,CA82509L1076,Valuta Creditering,"1,0107",USD,"65,76",USD,"0,00",73fc358e-9f5d-454c-af6e-f652cc75d615
27-07-2022,15:54,27-07-2022,SHOPIFY INC,CA82509L1076,Valuta Debitering,,EUR,"-65,07",EUR,"26,59",73fc358e-9f5d-454c-af6e-f652cc75d615
27-07-2022,15:54,27-07-2022,SHOPIFY INC,CA82509L1076,DEGIRO Transactiekosten en/of kosten van derden,,EUR,"-0,50",EUR,"91,66",73fc358e-9f5d-454c-af6e-f652cc75d615
27-07-2022,15:54,27-07-2022,SHOPIFY INC,CA82509L1076,"Koop 2 @ 32,88 USD",,USD,"-65,76",USD,"-65,76",73fc358e-9f5d-454c-af6e-f652cc75d615
27-07-2022,15:49,27-07-2022,AMAZON.COM INC,US0231351067,Valuta Creditering,"1,0107",USD,"118,50",USD,"0,00",34ae9d7a-0a50-49df-8511-9ca9c71f0e98
27-07-2022,15:49,27-07-2022,AMAZON.COM INC,US0231351067,Valuta Debitering,,EUR,"-117,25",EUR,"92,16",34ae9d7a-0a50-49df-8511-9ca9c71f0e98
27-07-2022,15:49,27-07-2022,AMAZON.COM INC,US0231351067,DEGIRO Transactiekosten en/of kosten van derden,,EUR,"-0,50",EUR,"209,41",34ae9d7a-0a50-49df-8511-9ca9c71f0e98
27-07-2022,15:49,27-07-2022,AMAZON.COM INC,US0231351067,"Koop 1 @ 118,5 USD",,USD,"-118,50",USD,"-118,50",34ae9d7a-0a50-49df-8511-9ca9c71f0e98
27-07-2022,15:40,27-07-2022,INVITAE CORP,US46185L1035,Valuta Creditering,"1,0124",USD,"95,75",USD,"0,00",eb0df4d0-9240-45bf-a398-950359c42f66
27-07-2022,15:40,27-07-2022,INVITAE CORP,US46185L1035,Valuta Debitering,,EUR,"-94,58",EUR,"209,91",eb0df4d0-9240-45bf-a398-950359c42f66
27-07-2022,15:40,27-07-2022,INVITAE CORP,US46185L1035,DEGIRO Transactiekosten en/of kosten van derden,,EUR,"-0,50",EUR,"304,49",eb0df4d0-9240-45bf-a398-950359c42f66
27-07-2022,15:40,27-07-2022,INVITAE CORP,US46185L1035,"Koop 50 @ 1,915 USD",,USD,"-95,75",USD,"-95,75",eb0df4d0-9240-45bf-a398-950359c42f66
27-07-2022,15:37,27-07-2022,EDITAS MEDICINE INC,US28106W1036,Valuta Creditering,"1,0120",USD,"32,42",USD,"0,00",ad699c29-2382-488d-a7fd-40b7b68083f9
27-07-2022,15:37,27-07-2022,EDITAS MEDICINE INC,US28106W1036,Valuta Debitering,,EUR,"-32,04",EUR,"304,99",ad699c29-2382-488d-a7fd-40b7b68083f9
27-07-2022,15:37,27-07-2022,EDITAS MEDICINE INC,US28106W1036,DEGIRO Transactiekosten en/of kosten van derden,,EUR,"-0,50",EUR,"337,03",ad699c29-2382-488d-a7fd-40b7b68083f9
27-07-2022,15:37,27-07-2022,EDITAS MEDICINE INC,US28106W1036,"Koop 2 @ 16,21 USD",,USD,"-32,42",USD,"-32,42",ad699c29-2382-488d-a7fd-40b7b68083f9
27-07-2022,15:36,27-07-2022,1LIFE HEALTHCARE INC,US68269G1076,Valuta Creditering,"1,0120",USD,"50,49",USD,"0,00",8cb51734-453e-4909-9b65-687c1002e4c0
27-07-2022,15:36,27-07-2022,1LIFE HEALTHCARE INC,US68269G1076,Valuta Debitering,,EUR,"-49,89",EUR,"337,53",8cb51734-453e-4909-9b65-687c1002e4c0
27-07-2022,15:36,27-07-2022,1LIFE HEALTHCARE INC,US68269G1076,DEGIRO Transactiekosten en/of kosten van derden,,EUR,"-0,50",EUR,"387,42",8cb51734-453e-4909-9b65-687c1002e4c0
27-07-2022,15:36,27-07-2022,1LIFE HEALTHCARE INC,US68269G1076,"Koop 3 @ 16,83 USD",,USD,"-50,49",USD,"-50,49",8cb51734-453e-4909-9b65-687c1002e4c0
27-07-2022,15:36,27-07-2022,INVITAE CORP,US46185L1035,Valuta Creditering,"1,0119",USD,"95,75",USD,"0,00",44561baa-0a47-4b86-8c7a-68c2899f8090
27-07-2022,15:36,27-07-2022,INVITAE CORP,US46185L1035,Valuta Debitering,,EUR,"-94,63",EUR,"387,92",44561baa-0a47-4b86-8c7a-68c2899f8090
27-07-2022,15:36,27-07-2022,INVITAE CORP,US46185L1035,DEGIRO Transactiekosten en/of kosten van derden,,EUR,"-0,50",EUR,"482,55",44561baa-0a47-4b86-8c7a-68c2899f8090
27-07-2022,15:36,27-07-2022,INVITAE CORP,US46185L1035,"Koop 50 @ 1,915 USD",,USD,"-95,75",USD,"-95,75",44561baa-0a47-4b86-8c7a-68c2899f8090
27-07-2022,15:32,27-07-2022,SHOPIFY INC,CA82509L1076,Valuta Creditering,"1,0118",USD,"157,05",USD,"0,00",799fed9f-66ce-49e2-89bd-5d7df269ffc3
27-07-2022,15:32,27-07-2022,SHOPIFY INC,CA82509L1076,Valuta Debitering,,EUR,"-155,22",EUR,"483,05",799fed9f-66ce-49e2-89bd-5d7df269ffc3
27-07-2022,15:32,27-07-2022,SHOPIFY INC,CA82509L1076,DEGIRO Transactiekosten en/of kosten van derden,,EUR,"-0,50",EUR,"638,27",799fed9f-66ce-49e2-89bd-5d7df269ffc3
27-07-2022,15:32,27-07-2022,SHOPIFY INC,CA82509L1076,"Koop 5 @ 31,41 USD",,USD,"-157,05",USD,"-157,05",799fed9f-66ce-49e2-89bd-5d7df269ffc3
27-07-2022,15:30,27-07-2022,1LIFE HEALTHCARE INC,US68269G1076,Valuta Creditering,"1,0118",USD,"50,70",USD,"0,00",fbd5189b-9efc-43af-b259-daf4e7809928
27-07-2022,15:30,27-07-2022,1LIFE HEALTHCARE INC,US68269G1076,Valuta Debitering,,EUR,"-50,11",EUR,"638,77",fbd5189b-9efc-43af-b259-daf4e7809928
27-07-2022,15:30,27-07-2022,1LIFE HEALTHCARE INC,US68269G1076,DEGIRO Transactiekosten en/of kosten van derden,,EUR,"-0,50",EUR,"688,88",fbd5189b-9efc-43af-b259-daf4e7809928
27-07-2022,15:30,27-07-2022,1LIFE HEALTHCARE INC,US68269G1076,"Koop 3 @ 16,9 USD",,USD,"-50,70",USD,"-50,70",fbd5189b-9efc-43af-b259-daf4e7809928
27-07-2022,15:30,27-07-2022,DRAFTKINGS INC CLASS A,US26142V1052,Valuta Creditering,"1,0118",USD,"52,36",USD,"0,00",22df2cb1-1ee1-4bd6-95d3-a7f61a32f6d3
27-07-2022,15:30,27-07-2022,DRAFTKINGS INC CLASS A,US26142V1052,Valuta Debitering,,EUR,"-51,75",EUR,"689,38",22df2cb1-1ee1-4bd6-95d3-a7f61a32f6d3
27-07-2022,15:30,27-07-2022,DRAFTKINGS INC CLASS A,US26142V1052,DEGIRO Transactiekosten en/of kosten van derden,,EUR,"-0,50",EUR,"741,13",22df2cb1-1ee1-4bd6-95d3-a7f61a32f6d3
27-07-2022,15:30,27-07-2022,DRAFTKINGS INC CLASS A,US26142V1052,"Koop 4 @ 13,09 USD",,USD,"-52,36",USD,"-52,36",22df2cb1-1ee1-4bd6-95d3-a7f61a32f6d3
27-07-2022,15:30,27-07-2022,CISCO SYSTEMS INC,US17275R1023,Valuta Creditering,"1,0118",USD,"44,08",USD,"0,00",e64b6a52-f2fc-49ef-87cd-b57dceaf79bd
27-07-2022,15:30,27-07-2022,CISCO SYSTEMS INC,US17275R1023,Valuta Debitering,,EUR,"-43,57",EUR,"741,63",e64b6a52-f2fc-49ef-87cd-b57dceaf79bd
27-07-2022,15:30,27-07-2022,CISCO SYSTEMS INC,US17275R1023,DEGIRO Transactiekosten en/of kosten van derden,,EUR,"-0,50",EUR,"785,20",e64b6a52-f2fc-49ef-87cd-b57dceaf79bd
27-07-2022,15:30,27-07-2022,CISCO SYSTEMS INC,US17275R1023,"Koop 1 @ 44,08 USD",,USD,"-44,08",USD,"-44,08",e64b6a52-f2fc-49ef-87cd-b57dceaf79bd
27-07-2022,15:30,27-07-2022,EDITAS MEDICINE INC,US28106W1036,Valuta Creditering,"1,0118",USD,"82,95",USD,"0,00",005eb78a-521d-4b4c-bf34-d00d013d82aa
27-07-2022,15:30,27-07-2022,EDITAS MEDICINE INC,US28106W1036,Valuta Debitering,,EUR,"-81,99",EUR,"785,70",005eb78a-521d-4b4c-bf34-d00d013d82aa
27-07-2022,15:30,27-07-2022,EDITAS MEDICINE INC,US28106W1036,DEGIRO Transactiekosten en/of kosten van derden,,EUR,"-0,50",EUR,"867,69",005eb78a-521d-4b4c-bf34-d00d013d82aa
27-07-2022,15:30,27-07-2022,UNITY SOFTWARE INC,US91332U1016,Valuta Creditering,"1,0117",USD,"138,80",USD,"-82,95",2e0d466b-ae1c-4f91-8001-8613bd85c1f4
27-07-2022,15:30,27-07-2022,UNITY SOFTWARE INC,US91332U1016,Valuta Debitering,,EUR,"-137,20",EUR,"868,19",2e0d466b-ae1c-4f91-8001-8613bd85c1f4
27-07-2022,15:30,27-07-2022,UNITY SOFTWARE INC,US91332U1016,DEGIRO Transactiekosten en/of kosten van derden,,EUR,"-0,50",EUR,"1005,39",2e0d466b-ae1c-4f91-8001-8613bd85c1f4
27-07-2022,15:30,27-07-2022,META PLATFORMS INC CLASS A,US30303M1027,Valuta Creditering,"1,0117",USD,"162,54",USD,"-221,75",f2f8c08c-fbba-4070-a7be-ee9ab84785a6
27-07-2022,15:30,27-07-2022,META PLATFORMS INC CLASS A,US30303M1027,Valuta Debitering,,EUR,"-160,67",EUR,"1005,89",f2f8c08c-fbba-4070-a7be-ee9ab84785a6
27-07-2022,15:30,27-07-2022,META PLATFORMS INC CLASS A,US30303M1027,DEGIRO Transactiekosten en/of kosten van derden,,EUR,"-0,50",EUR,"1166,56",f2f8c08c-fbba-4070-a7be-ee9ab84785a6
27-07-2022,15:30,27-07-2022,EDITAS MEDICINE INC,US28106W1036,"Koop 5 @ 16,59 USD",,USD,"-82,95",USD,"-384,29",005eb78a-521d-4b4c-bf34-d00d013d82aa
27-07-2022,15:30,27-07-2022,UNITY SOFTWARE INC,US91332U1016,"Koop 4 @ 34,7 USD",,USD,"-138,80",USD,"-301,34",2e0d466b-ae1c-4f91-8001-8613bd85c1f4
27-07-2022,15:30,27-07-2022,META PLATFORMS INC CLASS A,US30303M1027,"Koop 1 @ 162,54 USD",,USD,"-162,54",USD,"-162,54",f2f8c08c-fbba-4070-a7be-ee9ab84785a6
27-07-2022,15:30,27-07-2022,HIMS & HERS HEALTH INC CLASS A,US4330001060,Valuta Creditering,"1,0119",USD,"57,40",USD,"0,00",b44e1a16-573a-4de1-901a-3265e90cf4e8
27-07-2022,15:30,27-07-2022,HIMS & HERS HEALTH INC CLASS A,US4330001060,Valuta Debitering,,EUR,"-56,73",EUR,"1167,06",b44e1a16-573a-4de1-901a-3265e90cf4e8
27-07-2022,15:30,27-07-2022,HIMS & HERS HEALTH INC CLASS A,US4330001060,DEGIRO Transactiekosten en/of kosten van derden,,EUR,"-0,50",EUR,"1223,79",b44e1a16-573a-4de1-901a-3265e90cf4e8
27-07-2022,15:30,27-07-2022,INVITAE CORP,US46185L1035,Valuta Creditering,"1,0119",USD,"80,40",USD,"-57,40",1d8105e4-61c6-40e1-85b1-f2b4cd8478f3
27-07-2022,15:30,27-07-2022,INVITAE CORP,US46185L1035,Valuta Debitering,,EUR,"-79,46",EUR,"1224,29",1d8105e4-61c6-40e1-85b1-f2b4cd8478f3
27-07-2022,15:30,27-07-2022,INVITAE CORP,US46185L1035,DEGIRO Transactiekosten en/of kosten van derden,,EUR,"-0,50",EUR,"1303,75",1d8105e4-61c6-40e1-85b1-f2b4cd8478f3
27-07-2022,15:30,27-07-2022,HIMS & HERS HEALTH INC CLASS A,US4330001060,"Koop 10 @ 5,74 USD",,USD,"-57,40",USD,"-137,80",b44e1a16-573a-4de1-901a-3265e90cf4e8
27-07-2022,15:30,27-07-2022,INVITAE CORP,US46185L1035,"Koop 40 @ 2,01 USD",,USD,"-80,40",USD,"-80,40",1d8105e4-61c6-40e1-85b1-f2b4cd8478f3
27-07-2022,15:30,27-07-2022,SALESFORCE INC,US79466L3024,Valuta Creditering,"1,0119",USD,"174,98",USD,"0,00",c592cc7c-8839-4e87-985d-d37197b75485
27-07-2022,15:30,27-07-2022,SALESFORCE INC,US79466L3024,Valuta Debitering,,EUR,"-172,93",EUR,"1304,25",c592cc7c-8839-4e87-985d-d37197b75485
27-07-2022,15:30,27-07-2022,SALESFORCE INC,US79466L3024,DEGIRO Transactiekosten en/of kosten van derden,,EUR,"-0,50",EUR,"1477,18",c592cc7c-8839-4e87-985d-d37197b75485
27-07-2022,15:30,27-07-2022,SALESFORCE INC,US79466L3024,"Koop 1 @ 174,98 USD",,USD,"-174,98",USD,"-174,98",c592cc7c-8839-4e87-985d-d37197b75485
27-07-2022,14:48,27-07-2022,,,Reservation iDEAL,,EUR,"500,00",EUR,"1477,68",
27-07-2022,14:38,27-07-2022,AMG CRITICAL MATERIALS NV,NL0000888691,DEGIRO Transactiekosten en/of kosten van derden,,EUR,"-2,50",EUR,"977,68",ace418ed-bd7c-49f0-88d7-925bc038a186
27-07-2022,14:38,27-07-2022,AMG CRITICAL MATERIALS NV,NL0000888691,"Koop 1 @ 24,44 EUR",,EUR,"-24,44",EUR,"980,18",ace418ed-bd7c-49f0-88d7-925bc038a186
27-07-2022,14:37,27-07-2022,,,Reservation iDEAL,,EUR,"1000,00",EUR,"1004,62",
26-07-2022,10:17,25-07-2022,,,"Overboeking van uw geldrekening bij flatexDEGIRO Bank 121,88 EUR",,,,EUR,"4,62",
26-07-2022,10:17,25-07-2022,FLATEX EURO BANKACCOUNT,NLFLATEXACNT,Degiro Cash Sweep Transfer,,EUR,"121,88",EUR,"126,50",
25-07-2022,18:32,25-07-2022,,,"Overboeking van uw geldrekening bij flatexDEGIRO Bank 523,5 EUR",,,,EUR,"4,62",
25-07-2022,18:32,25-07-2022,FLATEX EURO BANKACCOUNT,NLFLATEXACNT,Degiro Cash Sweep Transfer,,EUR,"523,50",EUR,"528,12",
25-07-2022,16:23,25-07-2022,KONINKLIJKE PHILIPS NV,NL0000009538,DEGIRO Transactiekosten en/of kosten van derden,,EUR,"-2,50",EUR,"4,62",8ecdad17-feba-428e-b974-daa27267bf39
25-07-2022,16:23,25-07-2022,KONINKLIJKE PHILIPS NV,NL0000009538,"Koop 6 @ 19,896 EUR",,EUR,"-119,38",EUR,"7,12",8ecdad17-feba-428e-b974-daa27267bf39
25-07-2022,10:41,22-07-2022,,,iDEAL Deposit,,EUR,"500,00",EUR,"126,50",
25-07-2022,10:41,22-07-2022,,,Reservation iDEAL,,EUR,"-500,00",EUR,"-373,50",
25-07-2022,10:41,22-07-2022,,,iDEAL Deposit,,EUR,"150,00",EUR,"126,50",
25-07-2022,10:41,22-07-2022,,,Reservation iDEAL,,EUR,"-150,00",EUR,"-23,50",
22-07-2022,16:17,22-07-2022,,,Overboeking van uw geldrekening bij flatexDEGIRO Bank 3.500 EUR,,,,EUR,"126,50",
22-07-2022,16:17,22-07-2022,FLATEX EURO BANKACCOUNT,NLFLATEXACNT,Degiro Cash Sweep Transfer,,EUR,"3500,00",EUR,"3626,50",
22-07-2022,12:41,21-07-2022,,,iDEAL Deposit,,EUR,"1000,00",EUR,"126,50",
22-07-2022,12:41,21-07-2022,,,Reservation iDEAL,,EUR,"-1000,00",EUR,"-873,50",
22-07-2022,12:41,21-07-2022,,,iDEAL Deposit,,EUR,"500,00",EUR,"126,50",
22-07-2022,12:41,21-07-2022,,,Reservation iDEAL,,EUR,"-500,00",EUR,"-373,50",
22-07-2022,12:41,21-07-2022,,,iDEAL Deposit,,EUR,"2000,00",EUR,"126,50",
22-07-2022,12:41,21-07-2022,,,Reservation iDEAL,,EUR,"-2000,00",EUR,"-1873,50",
21-07-2022,19:37,21-07-2022,SALESFORCE INC,US79466L3024,Valuta Creditering,"1,0154",USD,"551,67",USD,"0,00",e225bdcc-a01e-4d3e-8b3b-1a2247d6756b
21-07-2022,19:37,21-07-2022,SALESFORCE INC,US79466L3024,Valuta Debitering,,EUR,"-543,33",EUR,"126,50",e225bdcc-a01e-4d3e-8b3b-1a2247d6756b
21-07-2022,19:37,21-07-2022,SALESFORCE INC,US79466L3024,DEGIRO Transactiekosten en/of kosten van derden,,EUR,"-0,50",EUR,"669,83",e225bdcc-a01e-4d3e-8b3b-1a2247d6756b
21-07-2022,19:37,21-07-2022,SALESFORCE INC,US79466L3024,"Koop 3 @ 183,89 USD",,USD,"-551,67",USD,"-551,67",e225bdcc-a01e-4d3e-8b3b-1a2247d6756b
21-07-2022,19:35,21-07-2022,,,Reservation iDEAL,,EUR,"500,00",EUR,"670,33",
21-07-2022,19:10,21-07-2022,SHOPIFY INC,CA82509L1076,Valuta Creditering,"1,0159",USD,"162,04",USD,"0,00",0b75f909-0d44-49ee-ab91-f0acefe268fe
21-07-2022,19:10,21-07-2022,SHOPIFY INC,CA82509L1076,Valuta Debitering,,EUR,"-159,51",EUR,"170,33",0b75f909-0d44-49ee-ab91-f0acefe268fe
21-07-2022,19:10,21-07-2022,SHOPIFY INC,CA82509L1076,DEGIRO Transactiekosten en/of kosten van derden,,EUR,"-0,50",EUR,"329,84",0b75f909-0d44-49ee-ab91-f0acefe268fe
21-07-2022,19:10,21-07-2022,SHOPIFY INC,CA82509L1076,"Koop 4 @ 40,51 USD",,USD,"-162,04",USD,"-162,04",0b75f909-0d44-49ee-ab91-f0acefe268fe
21-07-2022,15:30,21-07-2022,QUALCOMM INC,US7475251036,Valuta Creditering,"1,0145",USD,"305,76",USD,"0,00",733f9b7e-3d70-4dfe-9293-e5bef1f66ad9
21-07-2022,15:30,21-07-2022,QUALCOMM INC,US7475251036,Valuta Debitering,,EUR,"-301,40",EUR,"330,34",733f9b7e-3d70-4dfe-9293-e5bef1f66ad9
21-07-2022,15:30,21-07-2022,QUALCOMM INC,US7475251036,DEGIRO Transactiekosten en/of kosten van derden,,EUR,"-0,50",EUR,"631,74",733f9b7e-3d70-4dfe-9293-e5bef1f66ad9
21-07-2022,15:30,21-07-2022,QUALCOMM INC,US7475251036,"Koop 2 @ 152,88 USD",,USD,"-305,76",USD,"-305,76",733f9b7e-3d70-4dfe-9293-e5bef1f66ad9
21-07-2022,15:30,21-07-2022,AMAZON.COM INC,US0231351067,Valuta Creditering,"1,0146",USD,"123,34",USD,"0,00",fd5ac44b-79c5-4fe9-8adc-0ce21526f6d4
21-07-2022,15:30,21-07-2022,AMAZON.COM INC,US0231351067,Valuta Debitering,,EUR,"-121,57",EUR,"632,24",fd5ac44b-79c5-4fe9-8adc-0ce21526f6d4
21-07-2022,15:30,21-07-2022,AMAZON.COM INC,US0231351067,DEGIRO Transactiekosten en/of kosten van derden,,EUR,"-0,50",EUR,"753,81",fd5ac44b-79c5-4fe9-8adc-0ce21526f6d4
21-07-2022,15:30,21-07-2022,AMAZON.COM INC,US0231351067,"Koop 1 @ 123,34 USD",,USD,"-123,34",USD,"-123,34",fd5ac44b-79c5-4fe9-8adc-0ce21526f6d4
21-07-2022,15:30,21-07-2022,NVIDIA CORP,US67066G1040,Valuta Creditering,"1,0146",USD,"357,38",USD,"0,00",e3c35abd-602d-49cc-8bae-a75330f067e3
21-07-2022,15:30,21-07-2022,NVIDIA CORP,US67066G1040,Valuta Debitering,,EUR,"-352,25",EUR,"754,31",e3c35abd-602d-49cc-8bae-a75330f067e3
21-07-2022,15:30,21-07-2022,NVIDIA CORP,US67066G1040,DEGIRO Transactiekosten en/of kosten van derden,,EUR,"-0,50",EUR,"1106,56",e3c35abd-602d-49cc-8bae-a75330f067e3
21-07-2022,15:30,21-07-2022,NVIDIA CORP,US67066G1040,"Koop 2 @ 178,69 USD",,USD,"-357,38",USD,"-357,38",e3c35abd-602d-49cc-8bae-a75330f067e3
21-07-2022,15:30,21-07-2022,CROCS INC,US2270461096,Valuta Creditering,"1,0146",USD,"124,34",USD,"0,00",f1f13d1d-6e10-46ec-8dbc-3cb738cefd76
21-07-2022,15:30,21-07-2022,CROCS INC,US2270461096,Valuta Debitering,,EUR,"-122,56",EUR,"1107,06",f1f13d1d-6e10-46ec-8dbc-3cb738cefd76
21-07-2022,15:30,21-07-2022,CROCS INC,US2270461096,DEGIRO Transactiekosten en/of kosten van derden,,EUR,"-0,50",EUR,"1229,62",f1f13d1d-6e10-46ec-8dbc-3cb738cefd76
21-07-2022,15:30,21-07-2022,CROCS INC,US2270461096,"Koop 2 @ 62,17 USD",,USD,"-124,34",USD,"-124,34",f1f13d1d-6e10-46ec-8dbc-3cb738cefd76
21-07-2022,15:22,21-07-2022,,,Reservation iDEAL,,EUR,"150,00",EUR,"1230,12",
21-07-2022,11:02,21-07-2022,,,Reservation iDEAL,,EUR,"1000,00",EUR,"1080,12",
21-07-2022,10:47,20-07-2022,,,"Overboeking van uw geldrekening bij flatexDEGIRO Bank 719,55 EUR",,,,EUR,"80,12",
21-07-2022,10:47,20-07-2022,FLATEX EURO BANKACCOUNT,NLFLATEXACNT,Degiro Cash Sweep Transfer,,EUR,"719,55",EUR,"799,67",
21-07-2022,09:24,21-07-2022,ASM INTERNATIONAL NV,NL0000334118,DEGIRO Transactiekosten en/of kosten van derden,,EUR,"-2,50",EUR,"80,12",26305984-f910-4dea-aad2-636915610a4c
21-07-2022,09:24,21-07-2022,ASM INTERNATIONAL NV,NL0000334118,"Koop 2 @ 253,85 EUR",,EUR,"-507,70",EUR,"82,62",26305984-f910-4dea-aad2-636915610a4c
21-07-2022,09:23,21-07-2022,,,Reservation iDEAL,,EUR,"500,00",EUR,"590,32",
21-07-2022,09:05,21-07-2022,VANGUARD FTSE ALL-WORLD UCITS ETF,IE00B3RBWM25,"Koop 3 @ 99,01 EUR",,EUR,"-297,03",EUR,"90,32",878d0983-fdba-4ed8-8759-c26b22a3dfa5
20-07-2022,19:21,15-07-2022,,,iDEAL Deposit,,EUR,"250,00",EUR,"387,35",
20-07-2022,19:21,15-07-2022,,,Reservation iDEAL,,EUR,"-250,00",EUR,"137,35",
20-07-2022,17:49,20-07-2022,SHOPIFY INC,CA82509L1076,Valuta Creditering,"1,0179",USD,"186,50",USD,"0,00",2a971ac9-2de0-45e9-81ae-b1027c8c9266
20-07-2022,17:49,20-07-2022,SHOPIFY INC,CA82509L1076,Valuta Debitering,,EUR,"-183,21",EUR,"387,35",2a971ac9-2de0-45e9-81ae-b1027c8c9266
20-07-2022,17:49,20-07-2022,SHOPIFY INC,CA82509L1076,DEGIRO Transactiekosten en/of kosten van derden,,EUR,"-0,50",EUR,"570,56",2a971ac9-2de0-45e9-81ae-b1027c8c9266
20-07-2022,17:49,20-07-2022,SHOPIFY INC,CA82509L1076,"Koop 5 @ 37,3 USD",,USD,"-186,50",USD,"-186,50",2a971ac9-2de0-45e9-81ae-b1027c8c9266
20-07-2022,17:17,20-07-2022,AES CORP,US00130H1059,Valuta Creditering,"1,0176",USD,"80,96",USD,"0,00",37a4a1e6-0f4f-49ad-8a48-6b35350f33ef
20-07-2022,17:17,20-07-2022,AES CORP,US00130H1059,Valuta Debitering,,EUR,"-79,56",EUR,"571,06",37a4a1e6-0f4f-49ad-8a48-6b35350f33ef
20-07-2022,17:17,20-07-2022,AES CORP,US00130H1059,DEGIRO Transactiekosten en/of kosten van derden,,EUR,"-0,50",EUR,"650,62",37a4a1e6-0f4f-49ad-8a48-6b35350f33ef
20-07-2022,17:17,20-07-2022,AES CORP,US00130H1059,"Koop 4 @ 20,24 USD",,USD,"-80,96",USD,"-80,96",37a4a1e6-0f4f-49ad-8a48-6b35350f33ef
20-07-2022,17:03,20-07-2022,META PLATFORMS INC CLASS A,US30303M1027,Valuta Creditering,"1,0183",USD,"541,95",USD,"0,00",23690acb-4c65-4ad0-9e13-e64cf263a282
20-07-2022,17:03,20-07-2022,META PLATFORMS INC CLASS A,US30303M1027,Valuta Debitering,,EUR,"-532,19",EUR,"651,12",23690acb-4c65-4ad0-9e13-e64cf263a282
20-07-2022,17:03,20-07-2022,META PLATFORMS INC CLASS A,US30303M1027,DEGIRO Transactiekosten en/of kosten van derden,,EUR,"-0,50",EUR,"1183,31",23690acb-4c65-4ad0-9e13-e64cf263a282
20-07-2022,17:03,20-07-2022,META PLATFORMS INC CLASS A,US30303M1027,"Koop 3 @ 180,65 USD",,USD,"-541,95",USD,"-541,95",23690acb-4c65-4ad0-9e13-e64cf263a282
20-07-2022,17:02,20-07-2022,PAYPAL HOLDINGS INC,US70450Y1038,Valuta Creditering,"1,0185",USD,"317,04",USD,"0,00",4bdbcbde-eae5-41c3-ba79-812f7240aa71
20-07-2022,17:02,20-07-2022,PAYPAL HOLDINGS INC,US70450Y1038,Valuta Debitering,,EUR,"-311,27",EUR,"1183,81",4bdbcbde-eae5-41c3-ba79-812f7240aa71
20-07-2022,17:02,20-07-2022,PAYPAL HOLDINGS INC,US70450Y1038,DEGIRO Transactiekosten en/of kosten van derden,,EUR,"-0,50",EUR,"1495,08",4bdbcbde-eae5-41c3-ba79-812f7240aa71
20-07-2022,17:02,20-07-2022,PAYPAL HOLDINGS INC,US70450Y1038,"Koop 4 @ 79,26 USD",,USD,"-317,04",USD,"-317,04",4bdbcbde-eae5-41c3-ba79-812f7240aa71
20-07-2022,17:02,20-07-2022,ADR ON VALE SA,US91912E1055,Valuta Creditering,"1,0186",USD,"123,90",USD,"0,00",b7f5c7fc-a2a0-45ab-8300-1185a0969d88
20-07-2022,17:02,20-07-2022,ADR ON VALE SA,US91912E1055,Valuta Debitering,,EUR,"-121,63",EUR,"1495,58",b7f5c7fc-a2a0-45ab-8300-1185a0969d88
20-07-2022,17:02,20-07-2022,ADR ON VALE SA,US91912E1055,DEGIRO Transactiekosten en/of kosten van derden,,EUR,"-0,50",EUR,"1617,21",b7f5c7fc-a2a0-45ab-8300-1185a0969d88
20-07-2022,17:02,20-07-2022,ADR ON VALE SA,US91912E1055,"Koop 10 @ 12,39 USD",,USD,"-123,90",USD,"-123,90",b7f5c7fc-a2a0-45ab-8300-1185a0969d88
20-07-2022,17:01,20-07-2022,SIEMENS ENERGY AG,DE000ENER6Y0,DEGIRO Transactiekosten en/of kosten van derden,,EUR,"-4,40",EUR,"1617,71",ccc18459-c499-4331-9b1b-170dcc832117
20-07-2022,17:01,20-07-2022,SIEMENS ENERGY AG,DE000ENER6Y0,"Koop 5 @ 14,98 EUR",,EUR,"-74,90",EUR,"1622,11",ccc18459-c499-4331-9b1b-170dcc832117
20-07-2022,17:01,20-07-2022,ADR ON STMICROELECTRONICS NV,US8610121027,Valuta Creditering,"1,0185",USD,"137,96",USD,"0,00",1e3a9101-8471-4aaa-8b9e-f01c85d22e39
20-07-2022,17:01,20-07-2022,ADR ON STMICROELECTRONICS NV,US8610121027,Valuta Debitering,,EUR,"-135,45",EUR,"1697,01",1e3a9101-8471-4aaa-8b9e-f01c85d22e39
20-07-2022,17:01,20-07-2022,ADR ON STMICROELECTRONICS NV,US8610121027,DEGIRO Transactiekosten en/of kosten van derden,,EUR,"-0,50",EUR,"1832,46",1e3a9101-8471-4aaa-8b9e-f01c85d22e39
20-07-2022,17:01,20-07-2022,ADR ON STMICROELECTRONICS NV,US8610121027,"Koop 4 @ 34,49 USD",,USD,"-137,96",USD,"-137,96",1e3a9101-8471-4aaa-8b9e-f01c85d22e39
20-07-2022,17:01,20-07-2022,SWITCH INC,US87105L1044,Valuta Creditering,"1,0185",USD,"101,07",USD,"0,00",a896a0ca-5e1b-48ad-b8c8-329937ded4f1
20-07-2022,17:01,20-07-2022,SWITCH INC,US87105L1044,Valuta Debitering,,EUR,"-99,23",EUR,"1832,96",a896a0ca-5e1b-48ad-b8c8-329937ded4f1
20-07-2022,17:01,20-07-2022,SWITCH INC,US87105L1044,DEGIRO Transactiekosten en/of kosten van derden,,EUR,"-0,50",EUR,"1932,19",a896a0ca-5e1b-48ad-b8c8-329937ded4f1
20-07-2022,17:01,20-07-2022,SWITCH INC,US87105L1044,"Koop 3 @ 33,69 USD",,USD,"-101,07",USD,"-101,07",a896a0ca-5e1b-48ad-b8c8-329937ded4f1
20-07-2022,17:00,20-07-2022,ON SEMICONDUCTOR CORP,US6821891057,Valuta Creditering,"1,0187",USD,"180,18",USD,"0,00",72cef5d0-f355-4438-ac7a-dcc4a84311c0
20-07-2022,17:00,20-07-2022,ON SEMICONDUCTOR CORP,US6821891057,Valuta Debitering,,EUR,"-176,86",EUR,"1932,69",72cef5d0-f355-4438-ac7a-dcc4a84311c0
20-07-2022,17:00,20-07-2022,ON SEMICONDUCTOR CORP,US6821891057,DEGIRO Transactiekosten en/of kosten van derden,,EUR,"-0,50",EUR,"2109,55",72cef5d0-f355-4438-ac7a-dcc4a84311c0
20-07-2022,17:00,20-07-2022,ON SEMICONDUCTOR CORP,US6821891057,"Koop 3 @ 60,06 USD",,USD,"-180,18",USD,"-180,18",72cef5d0-f355-4438-ac7a-dcc4a84311c0
20-07-2022,16:59,20-07-2022,,,Reservation iDEAL,,EUR,"2000,00",EUR,"2110,05",
20-07-2022,16:57,20-07-2022,EDITAS MEDICINE INC,US28106W1036,Valuta Creditering,"1,0185",USD,"179,80",USD,"0,00",eabc01a8-e320-4464-8c50-46281005e304
20-07-2022,16:57,20-07-2022,EDITAS MEDICINE INC,US28106W1036,Valuta Debitering,,EUR,"-176,53",EUR,"110,05",eabc01a8-e320-4464-8c50-46281005e304
20-07-2022,16:57,20-07-2022,EDITAS MEDICINE INC,US28106W1036,DEGIRO Transactiekosten en/of kosten van derden,,EUR,"-0,50",EUR,"286,58",eabc01a8-e320-4464-8c50-46281005e304
20-07-2022,16:57,20-07-2022,EDITAS MEDICINE INC,US28106W1036,"Koop 10 @ 17,98 USD",,USD,"-179,80",USD,"-179,80",eabc01a8-e320-4464-8c50-46281005e304
20-07-2022,16:56,20-07-2022,MICROSOFT CORP,US5949181045,Valuta Creditering,"1,0188",USD,"262,70",USD,"0,00",beaf4abb-a595-4238-ba31-51e0996fe9e3
20-07-2022,16:56,20-07-2022,MICROSOFT CORP,US5949181045,Valuta Debitering,,EUR,"-257,84",EUR,"287,08",beaf4abb-a595-4238-ba31-51e0996fe9e3
20-07-2022,16:56,20-07-2022,MICROSOFT CORP,US5949181045,DEGIRO Transactiekosten en/of kosten van derden,,EUR,"-0,50",EUR,"544,92",beaf4abb-a595-4238-ba31-51e0996fe9e3
20-07-2022,16:56,20-07-2022,MICROSOFT CORP,US5949181045,"Koop 1 @ 262,7 USD",,USD,"-262,70",USD,"-262,70",beaf4abb-a595-4238-ba31-51e0996fe9e3
20-07-2022,16:54,20-07-2022,CISCO SYSTEMS INC,US17275R1023,Valuta Creditering,"1,0189",USD,"176,92",USD,"0,00",b76371f2-6b29-4402-be23-cbd675ac1680
20-07-2022,16:54,20-07-2022,CISCO SYSTEMS INC,US17275R1023,Valuta Debitering,,EUR,"-173,63",EUR,"545,42",b76371f2-6b29-4402-be23-cbd675ac1680
20-07-2022,16:54,20-07-2022,CISCO SYSTEMS INC,US17275R1023,DEGIRO Transactiekosten en/of kosten van derden,,EUR,"-0,50",EUR,"719,05",b76371f2-6b29-4402-be23-cbd675ac1680
20-07-2022,16:54,20-07-2022,CISCO SYSTEMS INC,US17275R1023,"Koop 4 @ 44,23 USD",,USD,"-176,92",USD,"-176,92",b76371f2-6b29-4402-be23-cbd675ac1680
20-07-2022,16:18,20-07-2022,,,"Overboeking van uw geldrekening bij flatexDEGIRO Bank 930,45 EUR",,,,EUR,"719,55",
20-07-2022,16:18,20-07-2022,FLATEX EURO BANKACCOUNT,NLFLATEXACNT,Degiro Cash Sweep Transfer,,EUR,"930,45",EUR,"1650,00",
20-07-2022,11:40,19-07-2022,,,iDEAL Deposit,,EUR,"1400,00",EUR,"719,55",
20-07-2022,11:40,19-07-2022,,,Reservation iDEAL,,EUR,"-1400,00",EUR,"-680,45",
19-07-2022,21:14,19-07-2022,SHOPIFY INC,CA82509L1076,Valuta Creditering,"1,0203",USD,"170,85",USD,"0,00",7cfd35f2-0f8b-48b2-9b19-57035360f341
19-07-2022,21:14,19-07-2022,SHOPIFY INC,CA82509L1076,Valuta Debitering,,EUR,"-167,44",EUR,"719,55",7cfd35f2-0f8b-48b2-9b19-57035360f341
19-07-2022,21:14,19-07-2022,SHOPIFY INC,CA82509L1076,DEGIRO Transactiekosten en/of kosten van derden,,EUR,"-0,50",EUR,"886,99",7cfd35f2-0f8b-48b2-9b19-57035360f341
19-07-2022,21:14,19-07-2022,SHOPIFY INC,CA82509L1076,"Koop 5 @ 34,17 USD",,USD,"-170,85",USD,"-170,85",7cfd35f2-0f8b-48b2-9b19-57035360f341
19-07-2022,20:15,19-07-2022,WARNER BROS DISCOVERY INC,US9344231041,Valuta Creditering,"1,0205",USD,"71,20",USD,"0,00",2ee5ce61-1b1e-4918-abe6-de634581158c
19-07-2022,20:15,19-07-2022,WARNER BROS DISCOVERY INC,US9344231041,Valuta Debitering,,EUR,"-69,77",EUR,"887,49",2ee5ce61-1b1e-4918-abe6-de634581158c
19-07-2022,20:15,19-07-2022,WARNER BROS DISCOVERY INC,US9344231041,DEGIRO Transactiekosten en/of kosten van derden,,EUR,"-0,50",EUR,"957,26",2ee5ce61-1b1e-4918-abe6-de634581158c
19-07-2022,20:15,19-07-2022,WARNER BROS DISCOVERY INC,US9344231041,"Koop 5 @ 14,24 USD",,USD,"-71,20",USD,"-71,20",2ee5ce61-1b1e-4918-abe6-de634581158c
19-07-2022,20:12,19-07-2022,INVITAE CORP,US46185L1035,Valuta Creditering,"1,0205",USD,"44,30",USD,"0,00",cfc30459-1bb1-4f1c-87db-2443950a744c
19-07-2022,20:12,19-07-2022,INVITAE CORP,US46185L1035,Valuta Debitering,,EUR,"-43,41",EUR,"957,76",cfc30459-1bb1-4f1c-87db-2443950a744c
19-07-2022,20:12,19-07-2022,INVITAE CORP,US46185L1035,DEGIRO Transactiekosten en/of kosten van derden,,EUR,"-0,50",EUR,"1001,17",cfc30459-1bb1-4f1c-87db-2443950a744c
19-07-2022,20:12,19-07-2022,INVITAE CORP,US46185L1035,"Koop 20 @ 2,215 USD",,USD,"-44,30",USD,"-44,30",cfc30459-1bb1-4f1c-87db-2443950a744c
19-07-2022,18:58,19-07-2022,INVITAE CORP,US46185L1035,Valuta Creditering,"1,0216",USD,"46,10",USD,"0,00",226e3172-a378-42bb-bae1-fa6869f813d8
19-07-2022,18:58,19-07-2022,INVITAE CORP,US46185L1035,Valuta Debitering,,EUR,"-45,12",EUR,"1001,67",226e3172-a378-42bb-bae1-fa6869f813d8
19-07-2022,18:58,19-07-2022,INVITAE CORP,US46185L1035,DEGIRO Transactiekosten en/of kosten van derden,,EUR,"-0,50",EUR,"1046,79",226e3172-a378-42bb-bae1-fa6869f813d8
19-07-2022,18:58,19-07-2022,INVITAE CORP,US46185L1035,"Koop 20 @ 2,305 USD",,USD,"-46,10",USD,"-46,10",226e3172-a378-42bb-bae1-fa6869f813d8
19-07-2022,17:58,19-07-2022,UNITY SOFTWARE INC,US91332U1016,Valuta Creditering,"1,0213",USD,"177,10",USD,"0,00",b7bf4e3b-cbdb-4a2d-bb62-cedc971ea8d3
19-07-2022,17:58,19-07-2022,UNITY SOFTWARE INC,US91332U1016,Valuta Debitering,,EUR,"-173,40",EUR,"1047,29",b7bf4e3b-cbdb-4a2d-bb62-cedc971ea8d3
19-07-2022,17:58,19-07-2022,UNITY SOFTWARE INC,US91332U1016,DEGIRO Transactiekosten en/of kosten van derden,,EUR,"-0,50",EUR,"1220,69",b7bf4e3b-cbdb-4a2d-bb62-cedc971ea8d3
19-07-2022,17:58,19-07-2022,UNITY SOFTWARE INC,US91332U1016,"Koop 5 @ 35,42 USD",,USD,"-177,10",USD,"-177,10",b7bf4e3b-cbdb-4a2d-bb62-cedc971ea8d3
19-07-2022,17:02,19-07-2022,,,Overboeking van uw geldrekening bij flatexDEGIRO Bank 350 EUR,,,,EUR,"1221,19",
19-07-2022,17:02,19-07-2022,FLATEX EURO BANKACCOUNT,NLFLATEXACNT,Degiro Cash Sweep Transfer,,EUR,"350,00",EUR,"1571,19",
19-07-2022,16:32,19-07-2022,VIVORYON THERAPEUTICS NV,NL00150002Q7,DEGIRO Transactiekosten en/of kosten van derden,,EUR,"-2,50",EUR,"1221,19",74d2ae74-9349-4fff-a8db-b4f1989d80e4
19-07-2022,16:32,19-07-2022,VIVORYON THERAPEUTICS NV,NL00150002Q7,"Koop 15 @ 7,45 EUR",,EUR,"-111,75",EUR,"1223,69",74d2ae74-9349-4fff-a8db-b4f1989d80e4
19-07-2022,12:41,18-07-2022,,,iDEAL Deposit,,EUR,"200,00",EUR,"1335,44",
19-07-2022,12:41,18-07-2022,,,Reservation iDEAL,,EUR,"-200,00",EUR,"1135,44",
19-07-2022,12:41,18-07-2022,,,iDEAL Deposit,,EUR,"150,00",EUR,"1335,44",
19-07-2022,12:41,18-07-2022,,,Reservation iDEAL,,EUR,"-150,00",EUR,"1185,44",
19-07-2022,10:01,19-07-2022,BE SEMICONDUCTOR INDUSTRIES NV,NL0012866412,DEGIRO Transactiekosten en/of kosten van derden,,EUR,"-2,50",EUR,"1335,44",4705624d-72ea-4a40-8c09-2a8e90a0879d
19-07-2022,10:01,19-07-2022,BE SEMICONDUCTOR INDUSTRIES NV,NL0012866412,"Koop 2 @ 45,78 EUR",,EUR,"-91,56",EUR,"1337,94",4705624d-72ea-4a40-8c09-2a8e90a0879d
19-07-2022,10:00,19-07-2022,,,Reservation iDEAL,,EUR,"1400,00",EUR,"1429,50",
18-07-2022,15:31,18-07-2022,UNITY SOFTWARE INC,US91332U1016,Valuta Creditering,"1,0119",USD,"173,50",USD,"0,00",df1a67d0-2361-42d7-bb0c-0d3ad54d7f05
18-07-2022,15:31,18-07-2022,UNITY SOFTWARE INC,US91332U1016,Valuta Debitering,,EUR,"-171,47",EUR,"29,50",df1a67d0-2361-42d7-bb0c-0d3ad54d7f05
18-07-2022,15:31,18-07-2022,UNITY SOFTWARE INC,US91332U1016,DEGIRO Transactiekosten en/of kosten van derden,,EUR,"-0,50",EUR,"200,97",df1a67d0-2361-42d7-bb0c-0d3ad54d7f05
18-07-2022,15:31,18-07-2022,UNITY SOFTWARE INC,US91332U1016,"Koop 5 @ 34,7 USD",,USD,"-173,50",USD,"-173,50",df1a67d0-2361-42d7-bb0c-0d3ad54d7f05
18-07-2022,11:06,18-07-2022,BE SEMICONDUCTOR INDUSTRIES NV,NL0012866412,DEGIRO Transactiekosten en/of kosten van derden,,EUR,"-2,50",EUR,"201,47",cc9b9298-5e88-4a44-8bd4-6c4f989cd91b
18-07-2022,11:06,18-07-2022,BE SEMICONDUCTOR INDUSTRIES NV,NL0012866412,Koop 4 @ 48 EUR,,EUR,"-192,00",EUR,"203,97",cc9b9298-5e88-4a44-8bd4-6c4f989cd91b
18-07-2022,10:59,18-07-2022,,,Reservation iDEAL,,EUR,"150,00",EUR,"395,97",
18-07-2022,10:52,18-07-2022,,,Reservation iDEAL,,EUR,"200,00",EUR,"245,97",
15-07-2022,10:18,14-07-2022,,,"Overboeking van uw geldrekening bij flatexDEGIRO Bank 50,39 EUR",,,,EUR,"45,97",
15-07-2022,10:18,14-07-2022,FLATEX EURO BANKACCOUNT,NLFLATEXACNT,Degiro Cash Sweep Transfer,,EUR,"50,39",EUR,"96,36",
14-07-2022,20:49,14-07-2022,MICROSOFT CORP,US5949181045,Valuta Creditering,"1,0007",USD,"254,10",USD,"0,00",43bbb549-4454-463f-8ef8-77e800d0bfa5
14-07-2022,20:49,14-07-2022,MICROSOFT CORP,US5949181045,Valuta Debitering,,EUR,"-253,92",EUR,"45,97",43bbb549-4454-463f-8ef8-77e800d0bfa5
14-07-2022,20:49,14-07-2022,MICROSOFT CORP,US5949181045,DEGIRO Transactiekosten en/of kosten van derden,,EUR,"-0,50",EUR,"299,89",43bbb549-4454-463f-8ef8-77e800d0bfa5
14-07-2022,20:49,14-07-2022,MICROSOFT CORP,US5949181045,"Koop 1 @ 254,1 USD",,USD,"-254,10",USD,"-254,10",43bbb549-4454-463f-8ef8-77e800d0bfa5
14-07-2022,20:47,14-07-2022,,,Reservation iDEAL,,EUR,"250,00",EUR,"300,39",
12-07-2022,16:47,12-07-2022,,,"Overboeking van uw geldrekening bij flatexDEGIRO Bank 199,61 EUR",,,,EUR,"50,39",
12-07-2022,16:47,12-07-2022,FLATEX EURO BANKACCOUNT,NLFLATEXACNT,Degiro Cash Sweep Transfer,,EUR,"199,61",EUR,"250,00",
12-07-2022,10:03,11-07-2022,,,"Overboeking van uw geldrekening bij flatexDEGIRO Bank 36,88 EUR",,,,EUR,"50,39",
12-07-2022,10:03,11-07-2022,FLATEX EURO BANKACCOUNT,NLFLATEXACNT,Degiro Cash Sweep Transfer,,EUR,"36,88",EUR,"87,27",
12-07-2022,08:40,11-07-2022,,,iDEAL Deposit,,EUR,"250,00",EUR,"50,39",
12-07-2022,08:40,11-07-2022,,,Reservation iDEAL,,EUR,"-250,00",EUR,"-199,61",
11-07-2022,17:17,11-07-2022,,,"Overboeking van uw geldrekening bij flatexDEGIRO Bank 1.963,12 EUR",,,,EUR,"50,39",
11-07-2022,17:17,11-07-2022,FLATEX EURO BANKACCOUNT,NLFLATEXACNT,Degiro Cash Sweep Transfer,,EUR,"1963,12",EUR,"2013,51",
11-07-2022,15:50,11-07-2022,HIMS & HERS HEALTH INC CLASS A,US4330001060,Valuta Creditering,"1,0032",USD,"80,85",USD,"0,00",84949e1a-0222-4013-a761-6929ffa7ce16
11-07-2022,15:50,11-07-2022,HIMS & HERS HEALTH INC CLASS A,US4330001060,Valuta Debitering,,EUR,"-80,59",EUR,"50,39",84949e1a-0222-4013-a761-6929ffa7ce16
11-07-2022,15:50,11-07-2022,HIMS & HERS HEALTH INC CLASS A,US4330001060,DEGIRO Transactiekosten en/of kosten van derden,,EUR,"-0,50",EUR,"130,98",84949e1a-0222-4013-a761-6929ffa7ce16
11-07-2022,15:50,11-07-2022,HIMS & HERS HEALTH INC CLASS A,US4330001060,"Koop 15 @ 5,39 USD",,USD,"-80,85",USD,"-80,85",84949e1a-0222-4013-a761-6929ffa7ce16
11-07-2022,15:30,11-07-2022,ADR ON STMICROELECTRONICS NV,US8610121027,Valuta Creditering,"1,0039",USD,"155,50",USD,"0,00",87a739e5-cb31-4ce5-acc2-a09a667554e8
11-07-2022,15:30,11-07-2022,ADR ON STMICROELECTRONICS NV,US8610121027,Valuta Debitering,,EUR,"-154,90",EUR,"131,48",87a739e5-cb31-4ce5-acc2-a09a667554e8
11-07-2022,15:30,11-07-2022,ADR ON STMICROELECTRONICS NV,US8610121027,DEGIRO Transactiekosten en/of kosten van derden,,EUR,"-0,50",EUR,"286,38",87a739e5-cb31-4ce5-acc2-a09a667554e8
11-07-2022,15:30,11-07-2022,ADR ON STMICROELECTRONICS NV,US8610121027,"Koop 5 @ 31,1 USD",,USD,"-155,50",USD,"-155,50",87a739e5-cb31-4ce5-acc2-a09a667554e8
11-07-2022,14:26,11-07-2022,,,Reservation iDEAL,,EUR,"250,00",EUR,"286,88",
11-07-2022,10:03,08-07-2022,,,"Overboeking van uw geldrekening bij flatexDEGIRO Bank 5,33 EUR",,,,EUR,"36,88",
11-07-2022,10:03,08-07-2022,FLATEX EURO BANKACCOUNT,NLFLATEXACNT,Degiro Cash Sweep Transfer,,EUR,"5,33",EUR,"42,21",
11-07-2022,10:01,08-07-2022,,,iDEAL Deposit,,EUR,"2000,00",EUR,"36,88",
11-07-2022,10:01,08-07-2022,,,Reservation iDEAL,,EUR,"-2000,00",EUR,"-1963,12",
11-07-2022,09:15,11-07-2022,ASML HOLDING NV,NL0010273215,DEGIRO Transactiekosten en/of kosten van derden,,EUR,"-2,50",EUR,"36,88",36219a40-56bc-40a7-8aed-70ca1cf00abe
11-07-2022,09:15,11-07-2022,ASML HOLDING NV,NL0010273215,Koop 1 @ 437 EUR,,EUR,"-437,00",EUR,"39,38",36219a40-56bc-40a7-8aed-70ca1cf00abe
11-07-2022,09:08,11-07-2022,ASM INTERNATIONAL NV,NL0000334118,DEGIRO Transactiekosten en/of kosten van derden,,EUR,"-2,50",EUR,"476,38",da355046-0918-478c-974a-a01a25294281
11-07-2022,09:08,11-07-2022,ASM INTERNATIONAL NV,NL0000334118,Koop 1 @ 210 EUR,,EUR,"-210,00",EUR,"478,88",da355046-0918-478c-974a-a01a25294281
08-07-2022,21:09,08-07-2022,ON SEMICONDUCTOR CORP,US6821891057,Valuta Creditering,"1,0150",USD,"53,20",USD,"0,00",9814bbb6-31be-4f1e-9314-29015b91193c
08-07-2022,21:09,08-07-2022,ON SEMICONDUCTOR CORP,US6821891057,Valuta Debitering,,EUR,"-52,42",EUR,"688,88",9814bbb6-31be-4f1e-9314-29015b91193c
08-07-2022,21:09,08-07-2022,ON SEMICONDUCTOR CORP,US6821891057,DEGIRO Transactiekosten en/of kosten van derden,,EUR,"-0,50",EUR,"741,30",9814bbb6-31be-4f1e-9314-29015b91193c
08-07-2022,21:09,08-07-2022,ON SEMICONDUCTOR CORP,US6821891057,"Koop 1 @ 53,2 USD",,USD,"-53,20",USD,"-53,20",9814bbb6-31be-4f1e-9314-29015b91193c
08-07-2022,21:07,08-07-2022,QUALCOMM INC,US7475251036,Valuta Creditering,"1,0150",USD,"135,96",USD,"0,00",8d3760fd-c750-47e5-974b-4cc45db018b7
08-07-2022,21:07,08-07-2022,QUALCOMM INC,US7475251036,Valuta Debitering,,EUR,"-133,96",EUR,"741,80",8d3760fd-c750-47e5-974b-4cc45db018b7
08-07-2022,21:07,08-07-2022,QUALCOMM INC,US7475251036,DEGIRO Transactiekosten en/of kosten van derden,,EUR,"-0,50",EUR,"875,76",8d3760fd-c750-47e5-974b-4cc45db018b7
08-07-2022,21:07,08-07-2022,QUALCOMM INC,US7475251036,"Koop 1 @ 135,96 USD",,USD,"-135,96",USD,"-135,96",8d3760fd-c750-47e5-974b-4cc45db018b7
08-07-2022,21:06,08-07-2022,NVIDIA CORP,US67066G1040,Valuta Creditering,"1,0151",USD,"158,30",USD,"0,00",cb63e851-345c-4ee6-a462-5db5cda95a06
08-07-2022,21:06,08-07-2022,NVIDIA CORP,US67066G1040,Valuta Debitering,,EUR,"-155,95",EUR,"876,26",cb63e851-345c-4ee6-a462-5db5cda95a06
08-07-2022,21:06,08-07-2022,NVIDIA CORP,US67066G1040,DEGIRO Transactiekosten en/of kosten van derden,,EUR,"-0,50",EUR,"1032,21",cb63e851-345c-4ee6-a462-5db5cda95a06
08-07-2022,21:06,08-07-2022,NVIDIA CORP,US67066G1040,"Koop 1 @ 158,3 USD",,USD,"-158,30",USD,"-158,30",cb63e851-345c-4ee6-a462-5db5cda95a06
08-07-2022,20:38,08-07-2022,EDITAS MEDICINE INC,US28106W1036,Valuta Creditering,"1,0147",USD,"44,55",USD,"0,00",818ba95b-79ce-40dd-9c7b-bd0fbc72cc48
08-07-2022,20:38,08-07-2022,EDITAS MEDICINE INC,US28106W1036,Valuta Debitering,,EUR,"-43,91",EUR,"1032,71",818ba95b-79ce-40dd-9c7b-bd0fbc72cc48
08-07-2022,20:38,08-07-2022,EDITAS MEDICINE INC,US28106W1036,DEGIRO Transactiekosten en/of kosten van derden,,EUR,"-0,50",EUR,"1076,62",818ba95b-79ce-40dd-9c7b-bd0fbc72cc48
08-07-2022,20:38,08-07-2022,EDITAS MEDICINE INC,US28106W1036,"Koop 3 @ 14,85 USD",,USD,"-44,55",USD,"-44,55",818ba95b-79ce-40dd-9c7b-bd0fbc72cc48
08-07-2022,20:35,08-07-2022,INVITAE CORP,US46185L1035,Valuta Creditering,"1,0144",USD,"93,90",USD,"0,00",731f56ae-a96e-47a2-8382-34b3d6410a3a
08-07-2022,20:35,08-07-2022,INVITAE CORP,US46185L1035,Valuta Debitering,,EUR,"-92,57",EUR,"1077,12",731f56ae-a96e-47a2-8382-34b3d6410a3a
08-07-2022,20:35,08-07-2022,INVITAE CORP,US46185L1035,DEGIRO Transactiekosten en/of kosten van derden,,EUR,"-0,50",EUR,"1169,69",731f56ae-a96e-47a2-8382-34b3d6410a3a
08-07-2022,20:35,08-07-2022,INVITAE CORP,US46185L1035,"Koop 30 @ 3,13 USD",,USD,"-93,90",USD,"-93,90",731f56ae-a96e-47a2-8382-34b3d6410a3a
08-07-2022,18:13,08-07-2022,AMAZON.COM INC,US0231351067,Valuta Creditering,"1,0148",USD,"115,73",USD,"0,00",7ee6ca5d-153c-4010-9e52-e79ee4c5c56c
08-07-2022,18:13,08-07-2022,AMAZON.COM INC,US0231351067,Valuta Debitering,,EUR,"-114,05",EUR,"1170,19",7ee6ca5d-153c-4010-9e52-e79ee4c5c56c
08-07-2022,18:13,08-07-2022,AMAZON.COM INC,US0231351067,DEGIRO Transactiekosten en/of kosten van derden,,EUR,"-0,50",EUR,"1284,24",7ee6ca5d-153c-4010-9e52-e79ee4c5c56c
08-07-2022,18:13,08-07-2022,AMAZON.COM INC,US0231351067,"Koop 1 @ 115,73 USD",,USD,"-115,73",USD,"-115,73",7ee6ca5d-153c-4010-9e52-e79ee4c5c56c
08-07-2022,18:09,08-07-2022,SALESFORCE INC,US79466L3024,Valuta Creditering,"1,0147",USD,"175,20",USD,"0,00",4d193587-0040-402b-840a-538b4db90b91
08-07-2022,18:09,08-07-2022,SALESFORCE INC,US79466L3024,Valuta Debitering,,EUR,"-172,67",EUR,"1284,74",4d193587-0040-402b-840a-538b4db90b91
08-07-2022,18:09,08-07-2022,SALESFORCE INC,US79466L3024,DEGIRO Transactiekosten en/of kosten van derden,,EUR,"-0,50",EUR,"1457,41",4d193587-0040-402b-840a-538b4db90b91
08-07-2022,18:09,08-07-2022,SALESFORCE INC,US79466L3024,"Koop 1 @ 175,2 USD",,USD,"-175,20",USD,"-175,20",4d193587-0040-402b-840a-538b4db90b91
08-07-2022,17:35,08-07-2022,DRAFTKINGS INC CLASS A,US26142V1052,Valuta Creditering,"1,0157",USD,"131,10",USD,"0,00",44402053-143f-47b2-93bd-e42422859e1a
08-07-2022,17:35,08-07-2022,DRAFTKINGS INC CLASS A,US26142V1052,Valuta Debitering,,EUR,"-129,08",EUR,"1457,91",44402053-143f-47b2-93bd-e42422859e1a
08-07-2022,17:35,08-07-2022,DRAFTKINGS INC CLASS A,US26142V1052,DEGIRO Transactiekosten en/of kosten van derden,,EUR,"-0,50",EUR,"1586,99",44402053-143f-47b2-93bd-e42422859e1a
08-07-2022,17:35,08-07-2022,DRAFTKINGS INC CLASS A,US26142V1052,"Koop 10 @ 13,11 USD",,USD,"-131,10",USD,"-131,10",44402053-143f-47b2-93bd-e42422859e1a
08-07-2022,17:12,08-07-2022,XENON PHARMACEUTICALS INC,CA98420N1050,Valuta Creditering,"1,0158",USD,"131,00",USD,"0,00",2cc945ca-74ac-4aa1-9831-4436028897b0
08-07-2022,17:12,08-07-2022,XENON PHARMACEUTICALS INC,CA98420N1050,Valuta Debitering,,EUR,"-128,97",EUR,"1587,49",2cc945ca-74ac-4aa1-9831-4436028897b0
08-07-2022,17:12,08-07-2022,XENON PHARMACEUTICALS INC,CA98420N1050,DEGIRO Transactiekosten en/of kosten van derden,,EUR,"-0,50",EUR,"1716,46",2cc945ca-74ac-4aa1-9831-4436028897b0
08-07-2022,17:12,08-07-2022,XENON PHARMACEUTICALS INC,CA98420N1050,"Koop 4 @ 32,75 USD",,USD,"-131,00",USD,"-131,00",2cc945ca-74ac-4aa1-9831-4436028897b0
08-07-2022,16:55,08-07-2022,AMG CRITICAL MATERIALS NV,NL0000888691,DEGIRO Transactiekosten en/of kosten van derden,,EUR,"-2,50",EUR,"1716,96",2cac33d9-8282-4108-a6b2-c132c106c7a4
08-07-2022,16:55,08-07-2022,AMG CRITICAL MATERIALS NV,NL0000888691,"Koop 5 @ 22,94 EUR",,EUR,"-114,70",EUR,"1719,46",2cac33d9-8282-4108-a6b2-c132c106c7a4
08-07-2022,16:52,08-07-2022,CROCS INC,US2270461096,Valuta Creditering,"1,0150",USD,"57,74",USD,"0,00",9855db0b-f412-4848-8c60-2ef1b3d19ef1
08-07-2022,16:52,08-07-2022,CROCS INC,US2270461096,Valuta Debitering,,EUR,"-56,89",EUR,"1834,16",9855db0b-f412-4848-8c60-2ef1b3d19ef1
08-07-2022,16:52,08-07-2022,CROCS INC,US2270461096,Valuta Creditering,"1,0150",USD,"115,48",USD,"-57,74",9855db0b-f412-4848-8c60-2ef1b3d19ef1
08-07-2022,16:52,08-07-2022,CROCS INC,US2270461096,Valuta Debitering,,EUR,"-113,78",EUR,"1891,05",9855db0b-f412-4848-8c60-2ef1b3d19ef1
08-07-2022,16:52,08-07-2022,CROCS INC,US2270461096,DEGIRO Transactiekosten en/of kosten van derden,,EUR,"-0,50",EUR,"2004,83",9855db0b-f412-4848-8c60-2ef1b3d19ef1
08-07-2022,16:52,08-07-2022,CROCS INC,US2270461096,"Koop 1 @ 57,74 USD",,USD,"-57,74",USD,"-173,22",9855db0b-f412-4848-8c60-2ef1b3d19ef1
08-07-2022,16:52,08-07-2022,CROCS INC,US2270461096,"Koop 2 @ 57,74 USD",,USD,"-115,48",USD,"-115,48",9855db0b-f412-4848-8c60-2ef1b3d19ef1
08-07-2022,13:51,08-07-2022,,,Reservation iDEAL,,EUR,"2000,00",EUR,"2005,33",
07-07-2022,16:32,07-07-2022,,,"Overboeking van uw geldrekening bij flatexDEGIRO Bank 194,67 EUR",,,,EUR,"5,33",
07-07-2022,16:32,07-07-2022,FLATEX EURO BANKACCOUNT,NLFLATEXACNT,Degiro Cash Sweep Transfer,,EUR,"194,67",EUR,"200,00",
07-07-2022,10:33,06-07-2022,,,"Overboeking van uw geldrekening bij flatexDEGIRO Bank 4,13 EUR",,,,EUR,"5,33",
07-07-2022,10:33,06-07-2022,FLATEX EURO BANKACCOUNT,NLFLATEXACNT,Degiro Cash Sweep Transfer,,EUR,"4,13",EUR,"9,46",
07-07-2022,09:41,06-07-2022,,,iDEAL Deposit,,EUR,"200,00",EUR,"5,33",
07-07-2022,09:41,06-07-2022,,,Reservation iDEAL,,EUR,"-200,00",EUR,"-194,67",
06-07-2022,15:30,06-07-2022,WARNER BROS DISCOVERY INC,US9344231041,Valuta Creditering,"1,0167",USD,"201,60",USD,"0,00",055b7fe3-3529-4bea-bbf2-c8512f194d7d
06-07-2022,15:30,06-07-2022,WARNER BROS DISCOVERY INC,US9344231041,Valuta Debitering,,EUR,"-198,30",EUR,"5,33",055b7fe3-3529-4bea-bbf2-c8512f194d7d
06-07-2022,15:30,06-07-2022,WARNER BROS DISCOVERY INC,US9344231041,DEGIRO Transactiekosten en/of kosten van derden,,EUR,"-0,50",EUR,"203,63",055b7fe3-3529-4bea-bbf2-c8512f194d7d
06-07-2022,15:30,06-07-2022,WARNER BROS DISCOVERY INC,US9344231041,"Koop 14 @ 14,4 USD",,USD,"-201,60",USD,"-201,60",055b7fe3-3529-4bea-bbf2-c8512f194d7d
06-07-2022,14:53,06-07-2022,,,Reservation iDEAL,,EUR,"200,00",EUR,"204,13",
05-07-2022,17:18,05-07-2022,,,"Overboeking van uw geldrekening bij flatexDEGIRO Bank 7,5 EUR",,,,EUR,"4,13",
05-07-2022,17:18,05-07-2022,FLATEX EURO BANKACCOUNT,NLFLATEXACNT,Degiro Cash Sweep Transfer,,EUR,"7,50",EUR,"11,63",
05-07-2022,08:32,30-06-2022,,,DEGIRO Aansluitingskosten 2022 (New York Stock Exchange - NSY),,EUR,"-2,50",EUR,"4,13",
05-07-2022,08:32,30-06-2022,,,DEGIRO Aansluitingskosten 2022 (Tradegate AG - TDG),,EUR,"-2,50",EUR,"6,63",
05-07-2022,08:32,30-06-2022,,,DEGIRO Aansluitingskosten 2022 (Xetra - XET),,EUR,"-2,50",EUR,"9,13",
02-07-2022,02:40,30-06-2022,,,Flatex Interest,,EUR,"-0,47",EUR,"11,63",
02-07-2022,01:18,01-07-2022,,,"Overboeking naar uw geldrekening bij flatexDEGIRO Bank: 3,99 EUR",,,,EUR,"12,10",
02-07-2022,01:18,01-07-2022,FLATEX EURO BANKACCOUNT,NLFLATEXACNT,Degiro Cash Sweep Transfer,,EUR,"-3,99",EUR,"8,11",
01-07-2022,14:18,30-06-2022,,,"Overboeking van uw geldrekening bij flatexDEGIRO Bank 91,89 EUR",,,,EUR,"12,10",
01-07-2022,14:18,30-06-2022,FLATEX EURO BANKACCOUNT,NLFLATEXACNT,Degiro Cash Sweep Transfer,,EUR,"91,89",EUR,"103,99",
01-07-2022,08:48,30-06-2022,,,Valuta Creditering,,EUR,"3,99",EUR,"12,10",
01-07-2022,08:48,30-06-2022,,,Valuta Debitering,"1,0509",USD,"-4,19",USD,"0,00",
30-06-2022,15:10,29-06-2022,,,iDEAL Deposit,,EUR,"100,00",EUR,"8,11",
30-06-2022,15:10,29-06-2022,,,Reservation iDEAL,,EUR,"-100,00",EUR,"-91,89",
30-06-2022,13:33,29-06-2022,,,"Overboeking van uw geldrekening bij flatexDEGIRO Bank 13,39 EUR",,,,EUR,"8,11",
30-06-2022,13:33,29-06-2022,FLATEX EURO BANKACCOUNT,NLFLATEXACNT,Degiro Cash Sweep Transfer,,EUR,"13,39",EUR,"21,50",
30-06-2022,10:18,29-06-2022,,,Overboeking van uw geldrekening bij flatexDEGIRO Bank 5 EUR,,,,EUR,"8,11",
30-06-2022,10:18,29-06-2022,FLATEX EURO BANKACCOUNT,NLFLATEXACNT,Degiro Cash Sweep Transfer,,EUR,"5,00",EUR,"13,11",
30-06-2022,10:00,29-06-2022,VANGUARD FTSE ALL-WORLD UCITS ETF,IE00B3RBWM25,Dividend,,USD,"4,19",USD,"4,19",
29-06-2022,20:00,29-06-2022,AMAZON.COM INC,US0231351067,Valuta Creditering,"1,0422",USD,"109,20",USD,"0,00",31d7439b-3944-44c7-9468-132e8d5643a8
29-06-2022,20:00,29-06-2022,AMAZON.COM INC,US0231351067,Valuta Debitering,,EUR,"-104,78",EUR,"8,11",31d7439b-3944-44c7-9468-132e8d5643a8
29-06-2022,20:00,29-06-2022,AMAZON.COM INC,US0231351067,DEGIRO Transactiekosten en/of kosten van derden,,EUR,"-0,50",EUR,"112,89",31d7439b-3944-44c7-9468-132e8d5643a8
29-06-2022,20:00,29-06-2022,AMAZON.COM INC,US0231351067,"Koop 1 @ 109,2 USD",,USD,"-109,20",USD,"-109,20",31d7439b-3944-44c7-9468-132e8d5643a8
29-06-2022,10:18,28-06-2022,,,"Overboeking van uw geldrekening bij flatexDEGIRO Bank 3,67 EUR",,,,EUR,"113,39",
29-06-2022,10:18,28-06-2022,FLATEX EURO BANKACCOUNT,NLFLATEXACNT,Degiro Cash Sweep Transfer,,EUR,"3,67",EUR,"117,06",
29-06-2022,05:51,28-06-2022,,,DEGIRO Real-Time Koersen Kosten (Nasdaq),,EUR,"-5,00",EUR,"113,39",
28-06-2022,16:22,28-06-2022,AMAZON.COM INC,US0231351067,Valuta Debitering,"1,0550",USD,"-111,65",USD,"0,00",cef41d74-1b99-4142-b15d-c9394749d686
28-06-2022,16:22,28-06-2022,AMAZON.COM INC,US0231351067,Valuta Creditering,,EUR,"105,83",EUR,"118,39",cef41d74-1b99-4142-b15d-c9394749d686
28-06-2022,16:22,28-06-2022,AMAZON.COM INC,US0231351067,DEGIRO Transactiekosten en/of kosten van derden,,EUR,"-0,50",EUR,"12,56",cef41d74-1b99-4142-b15d-c9394749d686
28-06-2022,16:22,28-06-2022,AMAZON.COM INC,US0231351067,"Verkoop 1 @ 111,65 USD",,USD,"111,65",USD,"111,65",cef41d74-1b99-4142-b15d-c9394749d686
28-06-2022,16:17,28-06-2022,,,"Overboeking van uw geldrekening bij flatexDEGIRO Bank 227,94 EUR",,,,EUR,"13,06",
28-06-2022,16:17,28-06-2022,FLATEX EURO BANKACCOUNT,NLFLATEXACNT,Degiro Cash Sweep Transfer,,EUR,"227,94",EUR,"241,00",
28-06-2022,15:50,28-06-2022,AMAZON.COM INC,US0231351067,Valuta Creditering,"1,0503",USD,"113,95",USD,"0,00",b3a6f4fe-15f6-42f9-8a15-5803866faeb9
28-06-2022,15:50,28-06-2022,AMAZON.COM INC,US0231351067,Valuta Debitering,,EUR,"-108,50",EUR,"13,06",b3a6f4fe-15f6-42f9-8a15-5803866faeb9
28-06-2022,15:50,28-06-2022,AMAZON.COM INC,US0231351067,DEGIRO Transactiekosten en/of kosten van derden,,EUR,"-0,50",EUR,"121,56",b3a6f4fe-15f6-42f9-8a15-5803866faeb9
28-06-2022,15:50,28-06-2022,AMAZON.COM INC,US0231351067,"Koop 1 @ 113,95 USD",,USD,"-113,95",USD,"-113,95",b3a6f4fe-15f6-42f9-8a15-5803866faeb9
28-06-2022,15:47,28-06-2022,,,Reservation iDEAL,,EUR,"100,00",EUR,"122,06",
28-06-2022,09:41,27-06-2022,,,iDEAL Deposit,,EUR,"250,00",EUR,"22,06",
28-06-2022,09:41,27-06-2022,,,Reservation iDEAL,,EUR,"-250,00",EUR,"-227,94",
27-06-2022,18:47,27-06-2022,,,"Overboeking van uw geldrekening bij flatexDEGIRO Bank 27,11 EUR",,,,EUR,"22,06",
27-06-2022,18:47,27-06-2022,FLATEX EURO BANKACCOUNT,NLFLATEXACNT,Degiro Cash Sweep Transfer,,EUR,"27,11",EUR,"49,17",
27-06-2022,11:03,24-06-2022,,,"Overboeking van uw geldrekening bij flatexDEGIRO Bank 379,14 EUR",,,,EUR,"22,06",
27-06-2022,11:03,24-06-2022,FLATEX EURO BANKACCOUNT,NLFLATEXACNT,Degiro Cash Sweep Transfer,,EUR,"379,14",EUR,"401,20",
27-06-2022,09:56,27-06-2022,ASM INTERNATIONAL NV,NL0000334118,DEGIRO Transactiekosten en/of kosten van derden,,EUR,"-2,50",EUR,"22,06",c14376fc-3e5b-4f68-808d-f4ebdb2b4e0c
27-06-2022,09:56,27-06-2022,ASM INTERNATIONAL NV,NL0000334118,"Koop 1 @ 252,55 EUR",,EUR,"-252,55",EUR,"24,56",c14376fc-3e5b-4f68-808d-f4ebdb2b4e0c
27-06-2022,09:52,27-06-2022,,,Reservation iDEAL,,EUR,"250,00",EUR,"277,11",
24-06-2022,17:17,24-06-2022,,,"Overboeking van uw geldrekening bij flatexDEGIRO Bank 81,4 EUR",,,,EUR,"27,11",
24-06-2022,17:17,24-06-2022,FLATEX EURO BANKACCOUNT,NLFLATEXACNT,Degiro Cash Sweep Transfer,,EUR,"81,40",EUR,"108,51",
24-06-2022,15:48,24-06-2022,SALESFORCE INC,US79466L3024,Valuta Creditering,"1,0512",USD,"180,00",USD,"0,00",01671512-f821-4809-a9ed-c4a0b1683d19
24-06-2022,15:48,24-06-2022,SALESFORCE INC,US79466L3024,Valuta Debitering,,EUR,"-171,24",EUR,"27,11",01671512-f821-4809-a9ed-c4a0b1683d19
24-06-2022,15:48,24-06-2022,SALESFORCE INC,US79466L3024,DEGIRO Transactiekosten en/of kosten van derden,,EUR,"-0,50",EUR,"198,35",01671512-f821-4809-a9ed-c4a0b1683d19
24-06-2022,15:48,24-06-2022,SALESFORCE INC,US79466L3024,Koop 1 @ 180 USD,,USD,"-180,00",USD,"-180,00",01671512-f821-4809-a9ed-c4a0b1683d19
24-06-2022,15:47,24-06-2022,SWITCH INC,US87105L1044,Valuta Creditering,"1,0512",USD,"66,98",USD,"0,00",b5b71e73-3e13-4fb3-8ac3-1a2b3f7cc776
24-06-2022,15:47,24-06-2022,SWITCH INC,US87105L1044,Valuta Debitering,,EUR,"-63,72",EUR,"198,85",b5b71e73-3e13-4fb3-8ac3-1a2b3f7cc776
24-06-2022,15:47,24-06-2022,SWITCH INC,US87105L1044,DEGIRO Transactiekosten en/of kosten van derden,,EUR,"-0,50",EUR,"262,57",b5b71e73-3e13-4fb3-8ac3-1a2b3f7cc776
24-06-2022,15:47,24-06-2022,SWITCH INC,US87105L1044,"Koop 2 @ 33,49 USD",,USD,"-66,98",USD,"-66,98",b5b71e73-3e13-4fb3-8ac3-1a2b3f7cc776
24-06-2022,15:46,24-06-2022,ENERGIZER HOLDINGS INC,US29272W1099,Valuta Creditering,"1,0514",USD,"56,76",USD,"0,00",58e48a5a-c19d-4abd-97c9-8a8307694269
24-06-2022,15:46,24-06-2022,ENERGIZER HOLDINGS INC,US29272W1099,Valuta Debitering,,EUR,"-53,99",EUR,"263,07",58e48a5a-c19d-4abd-97c9-8a8307694269
24-06-2022,15:46,24-06-2022,ENERGIZER HOLDINGS INC,US29272W1099,DEGIRO Transactiekosten en/of kosten van derden,,EUR,"-0,50",EUR,"317,06",58e48a5a-c19d-4abd-97c9-8a8307694269
24-06-2022,15:46,24-06-2022,ENERGIZER HOLDINGS INC,US29272W1099,"Koop 2 @ 28,38 USD",,USD,"-56,76",USD,"-56,76",58e48a5a-c19d-4abd-97c9-8a8307694269
24-06-2022,15:43,24-06-2022,AES CORP,US00130H1059,Valuta Creditering,"1,0511",USD,"42,16",USD,"0,00",f7db89d0-7109-4968-8c2f-6fb1815dd4ed
24-06-2022,15:43,24-06-2022,AES CORP,US00130H1059,Valuta Debitering,,EUR,"-40,11",EUR,"317,56",f7db89d0-7109-4968-8c2f-6fb1815dd4ed
24-06-2022,15:43,24-06-2022,AES CORP,US00130H1059,DEGIRO Transactiekosten en/of kosten van derden,,EUR,"-0,50",EUR,"357,67",f7db89d0-7109-4968-8c2f-6fb1815dd4ed
24-06-2022,15:43,24-06-2022,AES CORP,US00130H1059,"Koop 2 @ 21,08 USD",,USD,"-42,16",USD,"-42,16",f7db89d0-7109-4968-8c2f-6fb1815dd4ed
24-06-2022,15:35,24-06-2022,SUNRUN INC,US86771W1053,Valuta Creditering,"1,0509",USD,"50,00",USD,"0,00",f6a4ad65-dbdd-4f56-b368-86f3e75c73ac
24-06-2022,15:35,24-06-2022,SUNRUN INC,US86771W1053,Valuta Debitering,,EUR,"-47,58",EUR,"358,17",f6a4ad65-dbdd-4f56-b368-86f3e75c73ac
24-06-2022,15:35,24-06-2022,SUNRUN INC,US86771W1053,DEGIRO Transactiekosten en/of kosten van derden,,EUR,"-0,50",EUR,"405,75",f6a4ad65-dbdd-4f56-b368-86f3e75c73ac
24-06-2022,15:35,24-06-2022,SUNRUN INC,US86771W1053,Koop 2 @ 25 USD,,USD,"-50,00",USD,"-50,00",f6a4ad65-dbdd-4f56-b368-86f3e75c73ac
24-06-2022,11:25,24-06-2022,SIEMENS ENERGY AG,DE000ENER6Y0,DEGIRO Transactiekosten en/of kosten van derden,,EUR,"-4,40",EUR,"406,25",5a9fac58-2219-4106-ae53-f5e5c4530634
24-06-2022,11:25,24-06-2022,SIEMENS ENERGY AG,DE000ENER6Y0,"Koop 5 @ 15,4 EUR",,EUR,"-77,00",EUR,"410,65",5a9fac58-2219-4106-ae53-f5e5c4530634
24-06-2022,09:47,23-06-2022,,,"Overboeking van uw geldrekening bij flatexDEGIRO Bank 282,12 EUR",,,,EUR,"487,65",
24-06-2022,09:47,23-06-2022,FLATEX EURO BANKACCOUNT,NLFLATEXACNT,Degiro Cash Sweep Transfer,,EUR,"282,12",EUR,"769,77",
23-06-2022,17:53,23-06-2022,ADR ON VALE SA,US91912E1055,Valuta Creditering,"1,0495",USD,"70,75",USD,"0,00",686ffa8a-51a3-4b48-bc40-0499c3aef835
23-06-2022,17:53,23-06-2022,ADR ON VALE SA,US91912E1055,Valuta Debitering,,EUR,"-67,41",EUR,"487,65",686ffa8a-51a3-4b48-bc40-0499c3aef835
23-06-2022,17:53,23-06-2022,ADR ON VALE SA,US91912E1055,DEGIRO Transactiekosten en/of kosten van derden,,EUR,"-0,50",EUR,"555,06",686ffa8a-51a3-4b48-bc40-0499c3aef835
23-06-2022,17:53,23-06-2022,ADR ON VALE SA,US91912E1055,"Koop 5 @ 14,15 USD",,USD,"-70,75",USD,"-70,75",686ffa8a-51a3-4b48-bc40-0499c3aef835
23-06-2022,16:33,23-06-2022,,,"Overboeking van uw geldrekening bij flatexDEGIRO Bank 458,1 EUR",,,,EUR,"555,56",
23-06-2022,16:33,23-06-2022,FLATEX EURO BANKACCOUNT,NLFLATEXACNT,Degiro Cash Sweep Transfer,,EUR,"458,10",EUR,"1013,66",
23-06-2022,16:13,23-06-2022,ON SEMICONDUCTOR CORP,US6821891057,Valuta Creditering,"1,0503",USD,"49,95",USD,"0,00",5d0c3d4d-56d5-4158-99ad-aad952802860
23-06-2022,16:13,23-06-2022,ON SEMICONDUCTOR CORP,US6821891057,Valuta Debitering,,EUR,"-47,56",EUR,"555,56",5d0c3d4d-56d5-4158-99ad-aad952802860
23-06-2022,16:13,23-06-2022,ON SEMICONDUCTOR CORP,US6821891057,DEGIRO Transactiekosten en/of kosten van derden,,EUR,"-0,50",EUR,"603,12",5d0c3d4d-56d5-4158-99ad-aad952802860
23-06-2022,16:13,23-06-2022,ON SEMICONDUCTOR CORP,US6821891057,"Koop 1 @ 49,95 USD",,USD,"-49,95",USD,"-49,95",5d0c3d4d-56d5-4158-99ad-aad952802860
23-06-2022,15:30,23-06-2022,CISCO SYSTEMS INC,US17275R1023,Valuta Creditering,"1,0497",USD,"86,34",USD,"0,00",1ddde241-4ab9-425c-a9ef-5d7ef62d1ea3
23-06-2022,15:30,23-06-2022,CISCO SYSTEMS INC,US17275R1023,Valuta Debitering,,EUR,"-82,25",EUR,"603,62",1ddde241-4ab9-425c-a9ef-5d7ef62d1ea3
23-06-2022,15:30,23-06-2022,CISCO SYSTEMS INC,US17275R1023,DEGIRO Transactiekosten en/of kosten van derden,,EUR,"-0,50",EUR,"685,87",1ddde241-4ab9-425c-a9ef-5d7ef62d1ea3
23-06-2022,15:30,23-06-2022,CISCO SYSTEMS INC,US17275R1023,"Koop 2 @ 43,17 USD",,USD,"-86,34",USD,"-86,34",1ddde241-4ab9-425c-a9ef-5d7ef62d1ea3
23-06-2022,15:07,23-06-2022,ASPEN PHARMACARE HOLDINGS LTD,ZAE000066692,DEGIRO Transactiekosten en/of kosten van derden,,EUR,"-3,90",EUR,"686,37",0a603807-4cd4-47cc-b5d9-8573aa67ffda
23-06-2022,15:07,23-06-2022,ASPEN PHARMACARE HOLDINGS LTD,ZAE000066692,"Koop 10 @ 7,95 EUR",,EUR,"-79,50",EUR,"690,27",0a603807-4cd4-47cc-b5d9-8573aa67ffda
23-06-2022,09:00,23-06-2022,ASML HOLDING NV,NL0010273215,DEGIRO Transactiekosten en/of kosten van derden,,EUR,"-2,50",EUR,"769,77",276c7c95-052a-44e0-92ff-7835593200ea
23-06-2022,09:00,23-06-2022,ASML HOLDING NV,NL0010273215,"Koop 1 @ 455,6 EUR",,EUR,"-455,60",EUR,"772,27",276c7c95-052a-44e0-92ff-7835593200ea
20-06-2022,16:47,20-06-2022,,,"Overboeking van uw geldrekening bij flatexDEGIRO Bank 772,13 EUR",,,,EUR,"1227,87",
20-06-2022,16:47,20-06-2022,FLATEX EURO BANKACCOUNT,NLFLATEXACNT,Degiro Cash Sweep Transfer,,EUR,"772,13",EUR,"2000,00",
20-06-2022,14:01,17-06-2022,,,iDEAL Deposit,,EUR,"2000,00",EUR,"1227,87",
20-06-2022,14:01,17-06-2022,,,Reservation iDEAL,,EUR,"-2000,00",EUR,"-772,13",
17-06-2022,09:48,16-06-2022,,,"Overboeking van uw geldrekening bij flatexDEGIRO Bank 147,31 EUR",,,,EUR,"1227,87",
17-06-2022,09:48,16-06-2022,FLATEX EURO BANKACCOUNT,NLFLATEXACNT,Degiro Cash Sweep Transfer,,EUR,"147,31",EUR,"1375,18",
16-06-2022,15:30,16-06-2022,NVIDIA CORP,US67066G1040,Valuta Creditering,"1,0437",USD,"158,58",USD,"0,00",6433ed88-f182-44f4-b888-5cb7d6710f6f
16-06-2022,15:30,16-06-2022,NVIDIA CORP,US67066G1040,Valuta Debitering,,EUR,"-151,94",EUR,"1227,87",6433ed88-f182-44f4-b888-5cb7d6710f6f
16-06-2022,15:30,16-06-2022,NVIDIA CORP,US67066G1040,DEGIRO Transactiekosten en/of kosten van derden,,EUR,"-0,50",EUR,"1379,81",6433ed88-f182-44f4-b888-5cb7d6710f6f
16-06-2022,15:30,16-06-2022,NVIDIA CORP,US67066G1040,"Koop 1 @ 158,58 USD",,USD,"-158,58",USD,"-158,58",6433ed88-f182-44f4-b888-5cb7d6710f6f
16-06-2022,15:30,16-06-2022,QUALCOMM INC,US7475251036,Valuta Creditering,"1,0436",USD,"126,00",USD,"0,00",b0544352-0101-4cc6-b22a-250bab40428f
16-06-2022,15:30,16-06-2022,QUALCOMM INC,US7475251036,Valuta Debitering,,EUR,"-120,74",EUR,"1380,31",b0544352-0101-4cc6-b22a-250bab40428f
16-06-2022,15:30,16-06-2022,QUALCOMM INC,US7475251036,DEGIRO Transactiekosten en/of kosten van derden,,EUR,"-0,50",EUR,"1501,05",b0544352-0101-4cc6-b22a-250bab40428f
16-06-2022,15:30,16-06-2022,QUALCOMM INC,US7475251036,Koop 1 @ 126 USD,,USD,"-126,00",USD,"-126,00",b0544352-0101-4cc6-b22a-250bab40428f
16-06-2022,15:30,16-06-2022,STARBUCKS CORP,US8552441094,Valuta Creditering,"1,0436",USD,"144,86",USD,"0,00",5bbea475-524b-4a10-bff6-2df00eb05966
16-06-2022,15:30,16-06-2022,STARBUCKS CORP,US8552441094,Valuta Debitering,,EUR,"-138,81",EUR,"1501,55",5bbea475-524b-4a10-bff6-2df00eb05966
16-06-2022,15:30,16-06-2022,STARBUCKS CORP,US8552441094,DEGIRO Transactiekosten en/of kosten van derden,,EUR,"-0,50",EUR,"1640,36",5bbea475-524b-4a10-bff6-2df00eb05966
16-06-2022,15:30,16-06-2022,APPLE INC,US0378331005,Valuta Creditering,"1,0436",USD,"528,00",USD,"-144,86",0afe32c2-57d0-4cf0-a110-8920bca469c1
16-06-2022,15:30,16-06-2022,APPLE INC,US0378331005,Valuta Debitering,,EUR,"-505,95",EUR,"1640,86",0afe32c2-57d0-4cf0-a110-8920bca469c1
16-06-2022,15:30,16-06-2022,APPLE INC,US0378331005,DEGIRO Transactiekosten en/of kosten van derden,,EUR,"-0,50",EUR,"2146,81",0afe32c2-57d0-4cf0-a110-8920bca469c1
16-06-2022,15:30,16-06-2022,STARBUCKS CORP,US8552441094,"Koop 2 @ 72,43 USD",,USD,"-144,86",USD,"-672,86",5bbea475-524b-4a10-bff6-2df00eb05966
16-06-2022,15:30,16-06-2022,APPLE INC,US0378331005,Koop 4 @ 132 USD,,USD,"-528,00",USD,"-528,00",0afe32c2-57d0-4cf0-a110-8920bca469c1
16-06-2022,15:11,16-06-2022,,,Reservation iDEAL,,EUR,"2000,00",EUR,"2147,31",
02-06-2022,10:17,01-06-2022,,,"Overboeking van uw geldrekening bij flatexDEGIRO Bank 2,5 EUR",,,,EUR,"147,31",
02-06-2022,10:17,01-06-2022,FLATEX EURO BANKACCOUNT,NLFLATEXACNT,Degiro Cash Sweep Transfer,,EUR,"2,50",EUR,"149,81",
01-06-2022,19:55,31-05-2022,,,DEGIRO Aansluitingskosten 2022 (Nasdaq - NDQ),,EUR,"-2,50",EUR,"147,31",
30-05-2022,17:47,30-05-2022,,,"Overboeking van uw geldrekening bij flatexDEGIRO Bank 867,3 EUR",,,,EUR,"149,81",
30-05-2022,17:47,30-05-2022,FLATEX EURO BANKACCOUNT,NLFLATEXACNT,Degiro Cash Sweep Transfer,,EUR,"867,30",EUR,"1017,11",
30-05-2022,13:15,30-05-2022,ASML HOLDING NV,NL0010273215,DEGIRO Transactiekosten en/of kosten van derden,,EUR,"-2,50",EUR,"149,81",6ada39d7-1e3e-432b-a7da-27e50b0cad1e
30-05-2022,13:15,30-05-2022,ASML HOLDING NV,NL0010273215,"Koop 1 @ 561,4 EUR",,EUR,"-561,40",EUR,"152,31",6ada39d7-1e3e-432b-a7da-27e50b0cad1e
30-05-2022,13:15,30-05-2022,ASM INTERNATIONAL NV,NL0000334118,DEGIRO Transactiekosten en/of kosten van derden,,EUR,"-2,50",EUR,"713,71",0e6ae2c9-2be3-436c-ad06-aea89a2567e9
30-05-2022,13:15,30-05-2022,ASM INTERNATIONAL NV,NL0000334118,"Koop 1 @ 300,9 EUR",,EUR,"-300,90",EUR,"716,21",0e6ae2c9-2be3-436c-ad06-aea89a2567e9
30-05-2022,10:41,27-05-2022,,,iDEAL Deposit,,EUR,"1000,00",EUR,"1017,11",
30-05-2022,10:41,27-05-2022,,,Reservation iDEAL,,EUR,"-1000,00",EUR,"17,11",
27-05-2022,08:10,27-05-2022,,,Reservation iDEAL,,EUR,"1000,00",EUR,"1017,11",
26-05-2022,17:17,26-05-2022,,,"Overboeking van uw geldrekening bij flatexDEGIRO Bank 182,89 EUR",,,,EUR,"17,11",
26-05-2022,17:17,26-05-2022,FLATEX EURO BANKACCOUNT,NLFLATEXACNT,Degiro Cash Sweep Transfer,,EUR,"182,89",EUR,"200,00",
26-05-2022,10:17,25-05-2022,,,"Overboeking van uw geldrekening bij flatexDEGIRO Bank 60,17 EUR",,,,EUR,"17,11",
26-05-2022,10:17,25-05-2022,FLATEX EURO BANKACCOUNT,NLFLATEXACNT,Degiro Cash Sweep Transfer,,EUR,"60,17",EUR,"77,28",
26-05-2022,08:41,25-05-2022,,,iDEAL Deposit,,EUR,"200,00",EUR,"17,11",
26-05-2022,08:41,25-05-2022,,,Reservation iDEAL,,EUR,"-200,00",EUR,"-182,89",
25-05-2022,15:30,25-05-2022,MICROSOFT CORP,US5949181045,Valuta Creditering,"1,0636",USD,"258,00",USD,"0,00",8c7f6097-de93-41b5-a959-aaae3eb1f037
25-05-2022,15:30,25-05-2022,MICROSOFT CORP,US5949181045,Valuta Debitering,,EUR,"-242,56",EUR,"17,11",8c7f6097-de93-41b5-a959-aaae3eb1f037
25-05-2022,15:30,25-05-2022,MICROSOFT CORP,US5949181045,DEGIRO Transactiekosten en/of kosten van derden,,EUR,"-0,50",EUR,"259,67",8c7f6097-de93-41b5-a959-aaae3eb1f037
25-05-2022,15:30,25-05-2022,MICROSOFT CORP,US5949181045,Koop 1 @ 258 USD,,USD,"-258,00",USD,"-258,00",8c7f6097-de93-41b5-a959-aaae3eb1f037
25-05-2022,11:17,24-05-2022,,,"Overboeking van uw geldrekening bij flatexDEGIRO Bank 646,53 EUR",,,,EUR,"260,17",
25-05-2022,11:17,24-05-2022,FLATEX EURO BANKACCOUNT,NLFLATEXACNT,Degiro Cash Sweep Transfer,,EUR,"646,53",EUR,"906,70",
24-05-2022,21:59,24-05-2022,,,Reservation iDEAL,,EUR,"200,00",EUR,"260,17",
24-05-2022,16:08,24-05-2022,APPLE INC,US0378331005,Valuta Creditering,"1,0706",USD,"691,65",USD,"0,00",06a473e9-f656-4f6b-ae5d-1bab61a8b62a
24-05-2022,16:08,24-05-2022,APPLE INC,US0378331005,Valuta Debitering,,EUR,"-646,03",EUR,"60,17",06a473e9-f656-4f6b-ae5d-1bab61a8b62a
24-05-2022,16:08,24-05-2022,APPLE INC,US0378331005,DEGIRO Transactiekosten en/of kosten van derden,,EUR,"-0,50",EUR,"706,20",06a473e9-f656-4f6b-ae5d-1bab61a8b62a
24-05-2022,16:08,24-05-2022,APPLE INC,US0378331005,"Koop 5 @ 138,33 USD",,USD,"-691,65",USD,"-691,65",06a473e9-f656-4f6b-ae5d-1bab61a8b62a
17-05-2022,04:18,16-05-2022,,,"Overboeking van uw geldrekening bij flatexDEGIRO Bank 284,5 EUR",,,,EUR,"706,70",
17-05-2022,04:18,16-05-2022,FLATEX EURO BANKACCOUNT,NLFLATEXACNT,Degiro Cash Sweep Transfer,,EUR,"284,50",EUR,"991,20",
16-05-2022,09:33,16-05-2022,HEINEKEN NV,NL0000009165,DEGIRO Transactiekosten en/of kosten van derden,,EUR,"-2,50",EUR,"706,70",6e71a3d9-cffa-4107-b4d4-a8e59c70d605
16-05-2022,09:33,16-05-2022,HEINEKEN NV,NL0000009165,Koop 3 @ 94 EUR,,EUR,"-282,00",EUR,"709,20",6e71a3d9-cffa-4107-b4d4-a8e59c70d605
06-05-2022,17:32,06-05-2022,,,"Overboeking van uw geldrekening bij flatexDEGIRO Bank 8,8 EUR",,,,EUR,"991,20",
06-05-2022,17:32,06-05-2022,FLATEX EURO BANKACCOUNT,NLFLATEXACNT,Degiro Cash Sweep Transfer,,EUR,"8,80",EUR,"1000,00",
06-05-2022,09:50,05-05-2022,,,iDEAL Deposit,,EUR,"1000,00",EUR,"991,20",
06-05-2022,09:50,05-05-2022,,,Reservation iDEAL,,EUR,"-1000,00",EUR,"-8,80",
05-05-2022,09:47,04-05-2022,,,"Overboeking van uw geldrekening bij flatexDEGIRO Bank 40,5 EUR",,,,EUR,"991,20",
05-05-2022,09:47,04-05-2022,FLATEX EURO BANKACCOUNT,NLFLATEXACNT,Degiro Cash Sweep Transfer,,EUR,"40,50",EUR,"1031,70",
04-05-2022,17:16,04-05-2022,VASTNED,NL0000288918,DEGIRO Transactiekosten en/of kosten van derden,,EUR,"-2,50",EUR,"991,20",3afda07b-2457-4990-8b63-28acaf7b8bd0
04-05-2022,17:16,04-05-2022,VASTNED,NL0000288918,"Koop 2 @ 23,4 EUR",,EUR,"-46,80",EUR,"993,70",3afda07b-2457-4990-8b63-28acaf7b8bd0
04-05-2022,16:41,04-05-2022,,,Reservation iDEAL,,EUR,"1000,00",EUR,"1040,50",
14-04-2022,17:02,14-04-2022,,,"Overboeking van uw geldrekening bij flatexDEGIRO Bank 431,3 EUR",,,,EUR,"40,50",
14-04-2022,17:02,14-04-2022,FLATEX EURO BANKACCOUNT,NLFLATEXACNT,Degiro Cash Sweep Transfer,,EUR,"431,30",EUR,"471,80",
14-04-2022,09:32,14-04-2022,ALFEN NV,NL0012817175,DEGIRO Transactiekosten en/of kosten van derden,,EUR,"-2,50",EUR,"40,50",a4e7ce07-ed86-4189-a737-1f9192aa1c83
14-04-2022,09:32,14-04-2022,ALFEN NV,NL0012817175,"Koop 5 @ 85,76 EUR",,EUR,"-428,80",EUR,"43,00",a4e7ce07-ed86-4189-a737-1f9192aa1c83
12-04-2022,17:17,12-04-2022,,,"Overboeking van uw geldrekening bij flatexDEGIRO Bank 528,2 EUR",,,,EUR,"471,80",
12-04-2022,17:17,12-04-2022,FLATEX EURO BANKACCOUNT,NLFLATEXACNT,Degiro Cash Sweep Transfer,,EUR,"528,20",EUR,"1000,00",
12-04-2022,10:02,11-04-2022,,,iDEAL Deposit,,EUR,"1000,00",EUR,"471,80",
12-04-2022,10:02,11-04-2022,,,Reservation iDEAL,,EUR,"-1000,00",EUR,"-528,20",
11-04-2022,09:05,11-04-2022,VANGUARD FTSE ALL-WORLD UCITS ETF,IE00B3RBWM25,"Koop 5 @ 105,64 EUR",,EUR,"-528,20",EUR,"471,80",5e4bbbf1-6b29-4321-b501-d9ba4f7cb4a0
10-04-2022,12:38,10-04-2022,,,Reservation iDEAL,,EUR,"1000,00",EUR,"1000,00",
